frame,face_id,timestamp,confidence,success,pose_Tx,pose_Ty,pose_Tz,pose_Rx,pose_Ry,pose_Rz,x_0,x_1,x_2,x_3,x_4,x_5,x_6,x_7,x_8,x_9,x_10,x_11,x_12,x_13,x_14,x_15,x_16,x_17,x_18,x_19,x_20,x_21,x_22,x_23,x_24,x_25,x_26,x_27,x_28,x_29,x_30,x_31,x_32,x_33,x_34,x_35,x_36,x_37,x_38,x_39,x_40,x_41,x_42,x_43,x_44,x_45,x_46,x_47,x_48,x_49,x_50,x_51,x_52,x_53,x_54,x_55,x_56,x_57,x_58,x_59,x_60,x_61,x_62,x_63,x_64,x_65,x_66,x_67,y_0,y_1,y_2,y_3,y_4,y_5,y_6,y_7,y_8,y_9,y_10,y_11,y_12,y_13,y_14,y_15,y_16,y_17,y_18,y_19,y_20,y_21,y_22,y_23,y_24,y_25,y_26,y_27,y_28,y_29,y_30,y_31,y_32,y_33,y_34,y_35,y_36,y_37,y_38,y_39,y_40,y_41,y_42,y_43,y_44,y_45,y_46,y_47,y_48,y_49,y_50,y_51,y_52,y_53,y_54,y_55,y_56,y_57,y_58,y_59,y_60,y_61,y_62,y_63,y_64,y_65,y_66,y_67
1,0,0.009,0.00,0,-19616320.0,-14712240.0,30650500.0,-0.388,0.409,0.044,0.0,0.0,0.0,0.0,0.0,0.0,0.0,0.0,0.0,0.0,0.0,0.0,0.0,0.0,0.0,0.0,0.0,0.0,0.0,0.0,0.0,0.0,0.0,0.0,0.0,0.0,0.0,0.0,0.0,0.0,0.0,0.0,0.0,0.0,0.0,0.0,0.0,0.0,0.0,0.0,0.0,0.0,0.0,0.0,0.0,0.0,0.0,0.0,0.0,0.0,0.0,0.0,0.0,0.0,0.0,0.0,0.0,0.0,0.0,0.0,0.0,0.0,0.0,0.0,0.0,0.0,0.0,0.0,0.0,0.0,0.0,0.0,0.0,0.0,0.0,0.0,0.0,0.0,0.0,0.0,0.0,0.0,0.0,0.0,0.0,0.0,0.0,0.0,0.0,0.0,0.0,0.0,0.0,0.0,0.0,0.0,0.0,0.0,0.0,0.0,0.0,0.0,0.0,0.0,0.0,0.0,0.0,0.0,0.0,0.0,0.0,0.0,0.0,0.0,0.0,0.0,0.0,0.0,0.0,0.0,0.0,0.0,0.0,0.0,0.0,0.0,0.0,0.0,0.0,0.0,0.0,0.0,0.0,0.0,0.0,0.0
2,0,0.124,0.00,0,-19616320.0,-14712240.0,30650500.0,-0.388,0.409,0.044,0.0,0.0,0.0,0.0,0.0,0.0,0.0,0.0,0.0,0.0,0.0,0.0,0.0,0.0,0.0,0.0,0.0,0.0,0.0,0.0,0.0,0.0,0.0,0.0,0.0,0.0,0.0,0.0,0.0,0.0,0.0,0.0,0.0,0.0,0.0,0.0,0.0,0.0,0.0,0.0,0.0,0.0,0.0,0.0,0.0,0.0,0.0,0.0,0.0,0.0,0.0,0.0,0.0,0.0,0.0,0.0,0.0,0.0,0.0,0.0,0.0,0.0,0.0,0.0,0.0,0.0,0.0,0.0,0.0,0.0,0.0,0.0,0.0,0.0,0.0,0.0,0.0,0.0,0.0,0.0,0.0,0.0,0.0,0.0,0.0,0.0,0.0,0.0,0.0,0.0,0.0,0.0,0.0,0.0,0.0,0.0,0.0,0.0,0.0,0.0,0.0,0.0,0.0,0.0,0.0,0.0,0.0,0.0,0.0,0.0,0.0,0.0,0.0,0.0,0.0,0.0,0.0,0.0,0.0,0.0,0.0,0.0,0.0,0.0,0.0,0.0,0.0,0.0,0.0,0.0,0.0,0.0,0.0,0.0,0.0,0.0
3,0,0.156,0.00,0,-19616320.0,-14712240.0,30650500.0,-0.388,0.409,0.044,0.0,0.0,0.0,0.0,0.0,0.0,0.0,0.0,0.0,0.0,0.0,0.0,0.0,0.0,0.0,0.0,0.0,0.0,0.0,0.0,0.0,0.0,0.0,0.0,0.0,0.0,0.0,0.0,0.0,0.0,0.0,0.0,0.0,0.0,0.0,0.0,0.0,0.0,0.0,0.0,0.0,0.0,0.0,0.0,0.0,0.0,0.0,0.0,0.0,0.0,0.0,0.0,0.0,0.0,0.0,0.0,0.0,0.0,0.0,0.0,0.0,0.0,0.0,0.0,0.0,0.0,0.0,0.0,0.0,0.0,0.0,0.0,0.0,0.0,0.0,0.0,0.0,0.0,0.0,0.0,0.0,0.0,0.0,0.0,0.0,0.0,0.0,0.0,0.0,0.0,0.0,0.0,0.0,0.0,0.0,0.0,0.0,0.0,0.0,0.0,0.0,0.0,0.0,0.0,0.0,0.0,0.0,0.0,0.0,0.0,0.0,0.0,0.0,0.0,0.0,0.0,0.0,0.0,0.0,0.0,0.0,0.0,0.0,0.0,0.0,0.0,0.0,0.0,0.0,0.0,0.0,0.0,0.0,0.0,0.0,0.0
4,0,0.191,0.00,0,-19616320.0,-14712240.0,30650500.0,-0.388,0.409,0.044,0.0,0.0,0.0,0.0,0.0,0.0,0.0,0.0,0.0,0.0,0.0,0.0,0.0,0.0,0.0,0.0,0.0,0.0,0.0,0.0,0.0,0.0,0.0,0.0,0.0,0.0,0.0,0.0,0.0,0.0,0.0,0.0,0.0,0.0,0.0,0.0,0.0,0.0,0.0,0.0,0.0,0.0,0.0,0.0,0.0,0.0,0.0,0.0,0.0,0.0,0.0,0.0,0.0,0.0,0.0,0.0,0.0,0.0,0.0,0.0,0.0,0.0,0.0,0.0,0.0,0.0,0.0,0.0,0.0,0.0,0.0,0.0,0.0,0.0,0.0,0.0,0.0,0.0,0.0,0.0,0.0,0.0,0.0,0.0,0.0,0.0,0.0,0.0,0.0,0.0,0.0,0.0,0.0,0.0,0.0,0.0,0.0,0.0,0.0,0.0,0.0,0.0,0.0,0.0,0.0,0.0,0.0,0.0,0.0,0.0,0.0,0.0,0.0,0.0,0.0,0.0,0.0,0.0,0.0,0.0,0.0,0.0,0.0,0.0,0.0,0.0,0.0,0.0,0.0,0.0,0.0,0.0,0.0,0.0,0.0,0.0
5,0,0.223,0.00,0,-19616320.0,-14712240.0,30650500.0,-0.388,0.409,0.044,0.0,0.0,0.0,0.0,0.0,0.0,0.0,0.0,0.0,0.0,0.0,0.0,0.0,0.0,0.0,0.0,0.0,0.0,0.0,0.0,0.0,0.0,0.0,0.0,0.0,0.0,0.0,0.0,0.0,0.0,0.0,0.0,0.0,0.0,0.0,0.0,0.0,0.0,0.0,0.0,0.0,0.0,0.0,0.0,0.0,0.0,0.0,0.0,0.0,0.0,0.0,0.0,0.0,0.0,0.0,0.0,0.0,0.0,0.0,0.0,0.0,0.0,0.0,0.0,0.0,0.0,0.0,0.0,0.0,0.0,0.0,0.0,0.0,0.0,0.0,0.0,0.0,0.0,0.0,0.0,0.0,0.0,0.0,0.0,0.0,0.0,0.0,0.0,0.0,0.0,0.0,0.0,0.0,0.0,0.0,0.0,0.0,0.0,0.0,0.0,0.0,0.0,0.0,0.0,0.0,0.0,0.0,0.0,0.0,0.0,0.0,0.0,0.0,0.0,0.0,0.0,0.0,0.0,0.0,0.0,0.0,0.0,0.0,0.0,0.0,0.0,0.0,0.0,0.0,0.0,0.0,0.0,0.0,0.0,0.0,0.0
6,0,0.256,0.00,0,-19616320.0,-14712240.0,30650500.0,-0.388,0.409,0.044,0.0,0.0,0.0,0.0,0.0,0.0,0.0,0.0,0.0,0.0,0.0,0.0,0.0,0.0,0.0,0.0,0.0,0.0,0.0,0.0,0.0,0.0,0.0,0.0,0.0,0.0,0.0,0.0,0.0,0.0,0.0,0.0,0.0,0.0,0.0,0.0,0.0,0.0,0.0,0.0,0.0,0.0,0.0,0.0,0.0,0.0,0.0,0.0,0.0,0.0,0.0,0.0,0.0,0.0,0.0,0.0,0.0,0.0,0.0,0.0,0.0,0.0,0.0,0.0,0.0,0.0,0.0,0.0,0.0,0.0,0.0,0.0,0.0,0.0,0.0,0.0,0.0,0.0,0.0,0.0,0.0,0.0,0.0,0.0,0.0,0.0,0.0,0.0,0.0,0.0,0.0,0.0,0.0,0.0,0.0,0.0,0.0,0.0,0.0,0.0,0.0,0.0,0.0,0.0,0.0,0.0,0.0,0.0,0.0,0.0,0.0,0.0,0.0,0.0,0.0,0.0,0.0,0.0,0.0,0.0,0.0,0.0,0.0,0.0,0.0,0.0,0.0,0.0,0.0,0.0,0.0,0.0,0.0,0.0,0.0,0.0
7,0,0.290,0.00,0,-19616320.0,-14712240.0,30650500.0,-0.388,0.409,0.044,0.0,0.0,0.0,0.0,0.0,0.0,0.0,0.0,0.0,0.0,0.0,0.0,0.0,0.0,0.0,0.0,0.0,0.0,0.0,0.0,0.0,0.0,0.0,0.0,0.0,0.0,0.0,0.0,0.0,0.0,0.0,0.0,0.0,0.0,0.0,0.0,0.0,0.0,0.0,0.0,0.0,0.0,0.0,0.0,0.0,0.0,0.0,0.0,0.0,0.0,0.0,0.0,0.0,0.0,0.0,0.0,0.0,0.0,0.0,0.0,0.0,0.0,0.0,0.0,0.0,0.0,0.0,0.0,0.0,0.0,0.0,0.0,0.0,0.0,0.0,0.0,0.0,0.0,0.0,0.0,0.0,0.0,0.0,0.0,0.0,0.0,0.0,0.0,0.0,0.0,0.0,0.0,0.0,0.0,0.0,0.0,0.0,0.0,0.0,0.0,0.0,0.0,0.0,0.0,0.0,0.0,0.0,0.0,0.0,0.0,0.0,0.0,0.0,0.0,0.0,0.0,0.0,0.0,0.0,0.0,0.0,0.0,0.0,0.0,0.0,0.0,0.0,0.0,0.0,0.0,0.0,0.0,0.0,0.0,0.0,0.0
8,0,0.324,0.00,0,-19616320.0,-14712240.0,30650500.0,-0.388,0.409,0.044,0.0,0.0,0.0,0.0,0.0,0.0,0.0,0.0,0.0,0.0,0.0,0.0,0.0,0.0,0.0,0.0,0.0,0.0,0.0,0.0,0.0,0.0,0.0,0.0,0.0,0.0,0.0,0.0,0.0,0.0,0.0,0.0,0.0,0.0,0.0,0.0,0.0,0.0,0.0,0.0,0.0,0.0,0.0,0.0,0.0,0.0,0.0,0.0,0.0,0.0,0.0,0.0,0.0,0.0,0.0,0.0,0.0,0.0,0.0,0.0,0.0,0.0,0.0,0.0,0.0,0.0,0.0,0.0,0.0,0.0,0.0,0.0,0.0,0.0,0.0,0.0,0.0,0.0,0.0,0.0,0.0,0.0,0.0,0.0,0.0,0.0,0.0,0.0,0.0,0.0,0.0,0.0,0.0,0.0,0.0,0.0,0.0,0.0,0.0,0.0,0.0,0.0,0.0,0.0,0.0,0.0,0.0,0.0,0.0,0.0,0.0,0.0,0.0,0.0,0.0,0.0,0.0,0.0,0.0,0.0,0.0,0.0,0.0,0.0,0.0,0.0,0.0,0.0,0.0,0.0,0.0,0.0,0.0,0.0,0.0,0.0
9,0,0.356,0.00,0,-19616320.0,-14712240.0,30650500.0,-0.388,0.409,0.044,0.0,0.0,0.0,0.0,0.0,0.0,0.0,0.0,0.0,0.0,0.0,0.0,0.0,0.0,0.0,0.0,0.0,0.0,0.0,0.0,0.0,0.0,0.0,0.0,0.0,0.0,0.0,0.0,0.0,0.0,0.0,0.0,0.0,0.0,0.0,0.0,0.0,0.0,0.0,0.0,0.0,0.0,0.0,0.0,0.0,0.0,0.0,0.0,0.0,0.0,0.0,0.0,0.0,0.0,0.0,0.0,0.0,0.0,0.0,0.0,0.0,0.0,0.0,0.0,0.0,0.0,0.0,0.0,0.0,0.0,0.0,0.0,0.0,0.0,0.0,0.0,0.0,0.0,0.0,0.0,0.0,0.0,0.0,0.0,0.0,0.0,0.0,0.0,0.0,0.0,0.0,0.0,0.0,0.0,0.0,0.0,0.0,0.0,0.0,0.0,0.0,0.0,0.0,0.0,0.0,0.0,0.0,0.0,0.0,0.0,0.0,0.0,0.0,0.0,0.0,0.0,0.0,0.0,0.0,0.0,0.0,0.0,0.0,0.0,0.0,0.0,0.0,0.0,0.0,0.0,0.0,0.0,0.0,0.0,0.0,0.0
10,0,0.389,0.00,0,-19616320.0,-14712240.0,30650500.0,-0.388,0.409,0.044,0.0,0.0,0.0,0.0,0.0,0.0,0.0,0.0,0.0,0.0,0.0,0.0,0.0,0.0,0.0,0.0,0.0,0.0,0.0,0.0,0.0,0.0,0.0,0.0,0.0,0.0,0.0,0.0,0.0,0.0,0.0,0.0,0.0,0.0,0.0,0.0,0.0,0.0,0.0,0.0,0.0,0.0,0.0,0.0,0.0,0.0,0.0,0.0,0.0,0.0,0.0,0.0,0.0,0.0,0.0,0.0,0.0,0.0,0.0,0.0,0.0,0.0,0.0,0.0,0.0,0.0,0.0,0.0,0.0,0.0,0.0,0.0,0.0,0.0,0.0,0.0,0.0,0.0,0.0,0.0,0.0,0.0,0.0,0.0,0.0,0.0,0.0,0.0,0.0,0.0,0.0,0.0,0.0,0.0,0.0,0.0,0.0,0.0,0.0,0.0,0.0,0.0,0.0,0.0,0.0,0.0,0.0,0.0,0.0,0.0,0.0,0.0,0.0,0.0,0.0,0.0,0.0,0.0,0.0,0.0,0.0,0.0,0.0,0.0,0.0,0.0,0.0,0.0,0.0,0.0,0.0,0.0,0.0,0.0,0.0,0.0
11,0,0.423,0.00,0,-19616320.0,-14712240.0,30650500.0,-0.388,0.409,0.044,0.0,0.0,0.0,0.0,0.0,0.0,0.0,0.0,0.0,0.0,0.0,0.0,0.0,0.0,0.0,0.0,0.0,0.0,0.0,0.0,0.0,0.0,0.0,0.0,0.0,0.0,0.0,0.0,0.0,0.0,0.0,0.0,0.0,0.0,0.0,0.0,0.0,0.0,0.0,0.0,0.0,0.0,0.0,0.0,0.0,0.0,0.0,0.0,0.0,0.0,0.0,0.0,0.0,0.0,0.0,0.0,0.0,0.0,0.0,0.0,0.0,0.0,0.0,0.0,0.0,0.0,0.0,0.0,0.0,0.0,0.0,0.0,0.0,0.0,0.0,0.0,0.0,0.0,0.0,0.0,0.0,0.0,0.0,0.0,0.0,0.0,0.0,0.0,0.0,0.0,0.0,0.0,0.0,0.0,0.0,0.0,0.0,0.0,0.0,0.0,0.0,0.0,0.0,0.0,0.0,0.0,0.0,0.0,0.0,0.0,0.0,0.0,0.0,0.0,0.0,0.0,0.0,0.0,0.0,0.0,0.0,0.0,0.0,0.0,0.0,0.0,0.0,0.0,0.0,0.0,0.0,0.0,0.0,0.0,0.0,0.0
12,0,0.490,0.00,0,-19616320.0,-14712240.0,30650500.0,-0.388,0.409,0.044,0.0,0.0,0.0,0.0,0.0,0.0,0.0,0.0,0.0,0.0,0.0,0.0,0.0,0.0,0.0,0.0,0.0,0.0,0.0,0.0,0.0,0.0,0.0,0.0,0.0,0.0,0.0,0.0,0.0,0.0,0.0,0.0,0.0,0.0,0.0,0.0,0.0,0.0,0.0,0.0,0.0,0.0,0.0,0.0,0.0,0.0,0.0,0.0,0.0,0.0,0.0,0.0,0.0,0.0,0.0,0.0,0.0,0.0,0.0,0.0,0.0,0.0,0.0,0.0,0.0,0.0,0.0,0.0,0.0,0.0,0.0,0.0,0.0,0.0,0.0,0.0,0.0,0.0,0.0,0.0,0.0,0.0,0.0,0.0,0.0,0.0,0.0,0.0,0.0,0.0,0.0,0.0,0.0,0.0,0.0,0.0,0.0,0.0,0.0,0.0,0.0,0.0,0.0,0.0,0.0,0.0,0.0,0.0,0.0,0.0,0.0,0.0,0.0,0.0,0.0,0.0,0.0,0.0,0.0,0.0,0.0,0.0,0.0,0.0,0.0,0.0,0.0,0.0,0.0,0.0,0.0,0.0,0.0,0.0,0.0,0.0
13,0,0.523,0.98,1,40.4,91.8,421.3,-0.214,0.002,-0.037,276.0,277.3,280.3,284.9,293.4,307.8,326.3,349.1,373.0,394.8,412.2,426.7,436.6,441.6,443.9,445.0,444.8,294.0,302.7,317.5,333.9,349.1,381.4,395.3,408.9,421.7,430.2,367.4,369.1,370.9,372.6,354.7,363.5,372.0,380.0,387.2,313.3,322.0,333.0,342.1,333.2,322.4,388.9,397.6,408.2,416.1,409.2,399.0,341.3,354.2,365.6,373.4,381.3,392.1,401.4,393.1,383.3,374.8,366.6,354.8,346.9,365.8,373.7,381.8,396.8,381.9,373.8,365.9,316.4,337.4,357.9,378.4,398.0,415.6,429.8,441.0,443.3,438.6,425.7,410.6,392.7,372.6,351.6,331.0,310.7,292.3,279.9,273.7,274.1,278.7,277.7,272.1,270.9,274.2,283.4,300.7,313.9,326.9,340.4,356.1,358.2,359.9,357.3,354.3,308.6,302.1,301.5,307.2,310.7,311.4,305.2,298.7,298.7,304.0,307.4,307.7,389.9,381.5,377.4,379.1,376.6,379.7,386.2,394.2,397.6,398.8,398.7,396.6,389.3,386.3,386.4,385.2,386.4,386.9,388.2,388.0
14,0,0.688,0.98,1,39.7,91.0,419.9,-0.204,0.010,-0.046,275.7,277.0,280.2,285.0,293.6,307.8,326.2,349.0,373.1,395.4,412.9,427.4,436.8,441.4,443.4,444.2,443.6,293.8,302.3,316.6,332.5,347.2,380.5,394.0,407.2,419.6,428.1,366.2,368.0,369.8,371.6,354.3,362.9,371.2,379.1,386.2,312.2,320.7,332.2,341.3,332.3,321.0,388.0,396.4,407.5,415.3,408.7,398.2,341.2,353.8,364.9,372.7,380.4,391.2,400.6,392.3,382.4,374.1,365.9,354.5,346.7,365.2,373.0,381.0,395.9,381.0,373.0,365.3,316.6,337.6,358.0,378.5,398.2,416.0,430.5,441.6,443.6,438.6,425.2,409.4,391.0,370.6,349.7,329.1,308.7,290.4,278.2,272.1,272.4,277.0,275.8,270.1,268.8,272.0,281.1,299.5,313.2,326.7,340.6,356.7,358.8,360.4,357.8,354.8,307.6,300.2,299.7,306.5,310.2,310.9,304.3,296.7,296.4,302.5,306.3,306.8,390.6,382.2,378.0,379.7,377.2,380.1,386.6,394.6,397.8,398.9,398.8,396.9,389.9,387.1,387.1,385.8,386.8,387.3,388.6,388.4
15,0,0.756,0.98,1,39.1,90.2,418.1,-0.196,0.013,-0.051,275.2,276.5,280.0,285.0,293.6,307.8,326.2,349.0,373.0,395.3,412.9,427.4,436.6,441.1,443.2,443.8,443.0,293.6,302.1,316.3,332.2,346.7,379.0,392.1,405.2,417.7,426.4,365.5,367.3,369.2,371.0,353.8,362.5,370.8,378.7,385.8,311.9,320.4,332.0,341.2,332.1,320.6,387.2,395.7,406.8,414.7,408.3,397.5,340.9,353.4,364.5,372.3,380.1,390.9,400.4,392.0,382.1,373.8,365.5,354.1,346.4,364.8,372.6,380.7,395.6,380.7,372.7,364.9,316.2,337.4,357.9,378.6,398.4,416.3,430.9,441.8,443.5,438.5,424.9,408.8,390.0,369.4,348.4,327.7,307.1,289.0,276.5,270.3,270.7,275.5,274.5,268.4,267.1,270.1,279.0,298.4,312.4,326.2,340.4,356.8,358.8,360.4,357.8,354.8,306.4,298.7,298.3,305.7,309.4,310.1,303.5,295.3,294.9,301.4,305.4,306.0,390.7,382.2,378.0,379.7,377.2,380.1,386.6,394.7,397.9,399.0,398.9,397.0,390.0,387.1,387.1,385.8,386.8,387.5,388.8,388.5
16,0,0.823,0.98,1,38.7,89.7,416.7,-0.194,0.014,-0.050,275.0,276.3,279.7,284.7,293.2,307.3,325.7,348.5,372.7,395.1,412.6,427.2,436.5,441.0,443.1,443.8,443.0,293.2,301.8,315.9,331.5,345.9,379.5,392.8,406.0,418.4,426.9,365.2,366.9,368.8,370.5,353.4,362.0,370.3,378.2,385.3,311.3,319.8,331.6,340.8,331.7,320.0,386.8,395.3,406.6,414.5,408.1,397.2,340.5,353.0,364.0,371.8,379.7,390.5,399.9,391.6,381.7,373.3,365.1,353.7,346.0,364.4,372.2,380.3,395.2,380.2,372.3,364.4,316.2,337.3,357.8,378.6,398.3,416.2,430.8,441.8,443.5,438.4,424.9,408.7,389.8,369.2,348.1,327.4,306.7,287.9,275.9,269.8,270.1,274.8,273.6,267.7,266.5,269.9,279.0,298.2,312.2,326.1,340.3,356.8,358.7,360.3,357.8,354.8,306.2,298.3,298.0,305.6,309.3,310.0,303.3,295.0,294.6,301.2,305.3,306.0,390.8,382.3,377.9,379.6,377.1,380.1,386.5,394.8,398.0,399.1,399.0,397.1,390.1,387.1,387.1,385.8,386.8,387.5,388.8,388.5
17,0,0.890,0.98,1,38.6,89.7,417.1,-0.192,0.016,-0.051,275.0,276.1,279.5,284.5,293.2,307.4,325.7,348.5,372.6,395.0,412.6,427.1,436.3,440.8,442.9,443.6,442.7,293.5,302.1,315.9,331.3,345.4,379.5,392.6,405.6,417.7,426.1,365.0,366.7,368.5,370.3,353.3,361.8,370.1,378.0,385.0,311.4,319.7,331.5,340.6,331.6,320.0,386.6,395.0,406.3,414.1,407.8,396.9,340.3,352.7,363.8,371.6,379.4,390.3,399.7,391.4,381.4,373.0,364.8,353.4,345.7,364.1,371.9,380.0,395.0,380.0,372.0,364.1,316.0,337.2,357.8,378.6,398.4,416.3,430.9,441.9,443.5,438.4,424.7,408.4,389.5,368.9,347.9,327.1,306.6,287.4,275.5,269.5,269.8,274.4,273.1,267.4,266.3,269.6,278.6,297.9,312.0,325.9,340.3,356.7,358.7,360.3,357.8,354.8,306.0,298.0,297.7,305.4,309.1,309.7,303.1,294.7,294.3,301.0,305.1,305.7,390.8,382.3,378.0,379.6,377.1,380.1,386.5,394.8,398.0,399.1,399.0,397.0,390.1,387.2,387.2,385.9,386.9,387.6,388.8,388.6
18,0,0.956,0.98,1,38.5,89.6,417.2,-0.193,0.016,-0.050,274.8,276.0,279.4,284.5,293.1,307.3,325.6,348.3,372.4,394.8,412.4,427.0,436.2,440.7,442.8,443.5,442.6,293.5,302.3,316.1,331.3,345.3,379.5,392.5,405.4,417.4,425.8,364.9,366.6,368.4,370.1,353.2,361.7,369.9,377.8,384.8,311.3,319.7,331.5,340.6,331.5,319.9,386.4,394.8,406.1,414.0,407.6,396.8,340.1,352.6,363.6,371.4,379.2,390.0,399.4,391.1,381.2,372.8,364.6,353.2,345.6,364.0,371.7,379.8,394.7,379.8,371.8,364.0,315.8,337.1,357.9,378.8,398.6,416.5,431.0,441.9,443.4,438.3,424.7,408.4,389.5,368.8,347.8,327.1,306.6,286.6,274.9,269.0,269.4,273.9,272.7,267.0,265.9,269.0,277.8,297.6,311.7,325.7,340.0,356.6,358.5,360.1,357.6,354.6,305.7,297.6,297.4,305.1,308.8,309.5,302.9,294.5,294.0,300.8,304.9,305.5,390.7,382.1,377.8,379.5,377.0,380.0,386.5,394.7,397.9,399.1,398.9,397.0,390.1,387.1,387.1,385.8,386.8,387.5,388.8,388.5
19,0,1.029,0.98,1,38.3,89.3,416.6,-0.196,0.016,-0.050,274.7,275.8,279.2,284.2,292.8,306.9,325.2,348.0,372.2,394.6,412.2,426.8,436.0,440.5,442.7,443.3,442.4,293.2,302.2,315.9,331.2,345.2,379.2,392.3,405.2,417.2,425.7,364.7,366.4,368.2,370.0,353.0,361.6,369.8,377.6,384.6,311.0,319.4,331.2,340.3,331.2,319.6,386.2,394.6,405.9,413.8,407.4,396.6,339.9,352.4,363.4,371.2,379.0,389.8,399.3,390.9,380.9,372.6,364.4,353.0,345.3,363.8,371.5,379.6,394.5,379.5,371.6,363.8,315.9,337.1,357.8,378.8,398.6,416.4,430.9,441.8,443.3,438.3,424.8,408.5,389.6,369.0,347.9,327.2,306.6,286.1,274.6,268.8,269.1,273.7,272.5,266.7,265.5,268.7,277.4,297.3,311.5,325.4,339.7,356.4,358.4,359.9,357.5,354.5,305.5,297.4,297.2,304.9,308.6,309.3,302.7,294.2,293.8,300.5,304.7,305.3,390.6,382.0,377.7,379.4,376.9,379.9,386.4,394.6,397.8,398.9,398.8,396.9,390.0,386.9,386.9,385.7,386.8,387.4,388.6,388.3
20,0,1.095,0.98,1,38.1,89.2,416.3,-0.199,0.016,-0.050,274.6,275.7,279.1,284.1,292.8,306.8,325.1,347.9,372.0,394.5,412.1,426.6,435.8,440.3,442.5,443.1,442.1,293.0,301.9,315.6,330.9,344.9,378.9,391.9,404.8,416.9,425.4,364.5,366.2,368.0,369.8,352.9,361.4,369.6,377.5,384.5,310.9,319.2,331.0,340.2,331.1,319.4,385.9,394.3,405.6,413.5,407.2,396.3,339.7,352.2,363.2,371.1,378.8,389.7,399.1,390.8,380.8,372.4,364.2,352.8,345.1,363.6,371.4,379.4,394.4,379.4,371.4,363.6,315.8,337.1,357.9,378.9,398.7,416.6,431.1,441.9,443.5,438.5,425.0,408.7,389.8,369.0,347.9,327.0,306.4,286.2,274.4,268.6,268.9,273.5,272.3,266.5,265.3,268.5,277.3,297.1,311.2,325.1,339.4,356.3,358.2,359.8,357.3,354.3,305.4,297.3,297.1,304.8,308.5,309.1,302.6,294.1,293.7,300.4,304.5,305.2,390.5,381.9,377.6,379.3,376.8,379.8,386.4,394.6,397.7,398.8,398.7,396.7,389.9,386.8,386.8,385.6,386.7,387.3,388.5,388.2
21,0,1.161,0.98,1,37.9,89.2,416.2,-0.200,0.016,-0.050,274.5,275.6,278.9,284.0,292.7,306.8,325.0,347.7,371.9,394.3,411.9,426.5,435.7,440.2,442.3,442.9,441.9,292.9,301.8,315.5,330.8,344.8,378.7,391.7,404.6,416.7,425.2,364.3,366.0,367.9,369.7,352.7,361.2,369.4,377.3,384.3,310.7,319.1,330.9,340.1,330.9,319.3,385.8,394.2,405.5,413.4,407.0,396.2,339.5,352.0,363.1,370.9,378.7,389.5,399.0,390.6,380.6,372.2,364.0,352.6,344.9,363.4,371.2,379.3,394.3,379.2,371.2,363.4,315.9,337.2,358.0,379.1,398.9,416.8,431.3,442.1,443.6,438.6,425.1,408.8,389.8,369.0,347.8,326.9,306.2,286.2,274.4,268.6,268.9,273.5,272.2,266.4,265.3,268.4,277.4,297.0,311.2,325.1,339.4,356.3,358.2,359.8,357.3,354.3,305.3,297.3,297.0,304.7,308.5,309.1,302.5,294.1,293.6,300.4,304.5,305.2,390.5,381.9,377.6,379.3,376.8,379.9,386.4,394.6,397.7,398.8,398.6,396.7,389.9,386.9,386.8,385.6,386.7,387.3,388.5,388.2
22,0,1.229,0.98,1,37.8,89.1,415.8,-0.198,0.017,-0.051,274.4,275.5,278.8,284.0,292.6,306.7,324.9,347.5,371.6,394.2,411.8,426.4,435.6,440.1,442.2,442.8,441.8,292.8,301.7,315.5,330.8,344.8,378.5,391.6,404.5,416.6,425.1,364.1,365.9,367.7,369.5,352.6,361.1,369.3,377.1,384.1,310.5,318.9,330.7,339.9,330.7,319.1,385.6,394.1,405.4,413.3,406.9,396.0,339.3,351.8,362.9,370.7,378.5,389.4,398.9,390.5,380.5,372.1,363.8,352.4,344.8,363.2,371.0,379.1,394.2,379.1,371.1,363.2,316.0,337.3,358.1,379.1,399.0,416.8,431.3,442.1,443.7,438.7,425.1,408.7,389.7,368.8,347.7,326.9,306.2,286.2,274.5,268.6,269.0,273.6,272.3,266.4,265.2,268.4,277.4,297.1,311.2,325.2,339.6,356.4,358.3,359.9,357.4,354.4,305.4,297.3,297.1,304.8,308.5,309.2,302.6,294.1,293.6,300.3,304.5,305.1,390.5,381.9,377.6,379.3,376.8,379.8,386.3,394.6,397.8,398.9,398.7,396.7,389.9,386.9,386.9,385.6,386.7,387.3,388.5,388.2
23,0,1.295,0.98,1,37.4,89.8,418.5,-0.201,0.023,-0.054,274.1,275.4,278.7,283.8,292.5,306.7,324.8,347.4,371.4,393.8,411.5,426.2,435.5,440.0,441.9,442.4,441.5,291.6,300.1,313.8,329.2,343.3,377.8,391.0,403.9,416.0,424.4,363.1,364.8,366.6,368.3,351.6,360.1,368.4,376.3,383.3,309.7,317.9,329.4,338.5,329.5,318.2,385.0,393.3,404.4,412.3,405.8,395.2,338.6,351.0,362.1,369.9,377.7,388.7,398.3,389.9,379.8,371.4,363.1,351.7,344.1,362.5,370.3,378.4,393.6,378.4,370.4,362.5,315.9,337.3,358.2,379.2,399.0,416.8,431.1,442.0,443.6,438.5,424.9,408.7,389.8,369.0,347.7,326.9,306.3,286.7,274.8,268.8,269.1,273.6,272.3,266.6,265.4,268.5,277.2,297.7,311.7,325.5,339.7,356.3,358.2,359.8,357.2,354.1,306.2,298.6,298.2,305.2,309.0,309.7,302.8,295.1,294.7,300.9,304.9,305.5,390.6,381.9,377.7,379.3,376.8,379.7,386.2,394.5,397.7,398.9,398.8,397.0,390.0,386.9,386.9,385.5,386.5,387.3,388.6,388.4
24,0,1.362,0.98,1,37.4,91.7,422.3,-0.203,0.025,-0.059,273.9,275.3,278.1,283.1,292.1,306.9,325.0,347.2,371.1,393.5,411.5,426.1,435.5,439.8,441.4,442.0,441.6,291.5,299.2,312.9,328.5,343.2,376.6,389.9,402.8,415.0,423.6,362.5,364.1,365.8,367.5,350.4,359.2,367.8,375.9,383.1,309.9,318.3,328.5,337.4,328.8,318.9,384.6,393.3,403.4,411.2,404.0,394.3,338.1,350.4,361.5,369.5,377.3,388.3,397.9,389.4,379.4,371.0,362.7,351.3,343.5,361.9,369.9,378.0,393.2,377.9,369.9,362.0,317.1,338.3,359.0,379.8,399.4,416.9,430.8,441.7,443.8,438.4,424.8,408.7,389.9,369.1,347.9,327.3,307.4,289.4,277.1,270.5,270.8,275.4,273.8,268.2,267.0,269.9,278.2,300.7,313.8,326.8,340.3,356.1,358.3,360.0,357.2,353.9,310.5,305.3,304.5,308.0,312.0,312.9,305.4,301.1,301.1,304.8,308.0,308.3,390.7,382.2,378.0,379.6,377.1,379.9,386.2,394.5,397.9,399.2,399.2,397.4,390.1,387.2,387.2,385.9,386.6,387.2,388.5,388.5
25,0,1.429,0.98,1,37.2,93.0,423.3,-0.198,0.026,-0.059,273.3,275.0,278.0,282.9,291.8,306.5,324.7,346.9,370.7,393.1,411.1,425.9,435.4,439.8,441.3,442.0,441.7,290.2,297.8,311.9,328.1,343.5,376.0,389.7,403.1,415.8,424.6,362.4,364.0,365.6,367.2,349.9,358.8,367.5,375.6,382.9,309.5,318.1,328.2,337.2,328.5,318.7,384.4,393.3,403.3,411.2,403.8,394.1,337.6,349.9,361.0,369.0,376.9,387.9,397.5,388.9,378.9,370.5,362.2,350.7,343.0,361.5,369.4,377.6,392.7,377.5,369.5,361.5,318.0,339.0,359.5,380.0,399.6,416.9,430.8,441.8,444.0,438.5,424.7,408.7,390.1,369.5,348.4,328.0,308.3,293.0,280.4,273.6,274.1,278.8,277.4,271.7,270.2,273.1,281.6,302.9,315.7,328.2,341.4,356.8,359.0,360.8,357.9,354.7,312.0,307.3,306.4,309.6,313.4,314.3,307.1,303.1,303.2,306.5,309.6,309.8,391.0,382.7,378.5,380.1,377.7,380.4,386.6,394.8,398.3,399.6,399.6,397.8,390.4,387.6,387.6,386.3,386.9,387.4,388.8,388.8
26,0,1.496,0.98,1,37.0,93.5,422.9,-0.193,0.027,-0.060,272.8,274.8,277.9,282.7,291.6,306.3,324.6,346.8,370.5,392.8,410.8,425.7,435.4,439.8,441.4,442.1,441.9,289.0,296.9,311.6,328.2,343.9,375.3,389.3,403.2,416.3,425.5,362.2,363.8,365.4,367.0,349.5,358.5,367.2,375.4,382.7,308.6,317.3,327.5,336.7,327.9,318.0,384.4,393.3,403.4,411.4,403.8,394.1,337.4,349.7,360.8,368.8,376.7,387.6,397.3,388.6,378.8,370.3,362.0,350.5,342.9,361.2,369.2,377.3,392.4,377.3,369.2,361.3,318.8,339.6,359.9,380.2,399.7,417.0,430.9,442.1,444.3,438.7,424.7,408.7,390.3,369.7,348.7,328.4,308.6,294.6,282.0,275.5,276.2,281.1,279.7,273.7,272.0,274.7,283.4,304.0,316.6,329.1,342.1,357.3,359.5,361.3,358.4,355.2,312.6,307.8,306.9,310.2,313.9,314.9,307.5,303.4,303.5,306.8,310.0,310.2,391.5,383.2,379.1,380.7,378.1,380.9,387.1,395.2,398.8,400.2,400.2,398.3,390.8,388.0,388.0,386.7,387.3,387.8,389.3,389.3
27,0,1.562,0.98,1,37.1,94.2,424.2,-0.191,0.026,-0.059,273.0,274.8,277.8,282.6,291.6,306.4,324.6,346.7,370.5,392.8,410.8,425.7,435.3,439.8,441.3,442.0,441.6,289.5,297.6,312.1,328.5,343.9,375.5,389.6,403.4,416.4,425.3,362.2,363.7,365.3,366.9,349.5,358.4,367.1,375.3,382.6,308.7,317.4,327.5,336.6,327.9,318.0,384.3,393.2,403.3,411.2,403.7,394.0,337.4,349.6,360.7,368.7,376.7,387.6,397.3,388.7,378.8,370.3,361.9,350.5,342.8,361.2,369.1,377.3,392.4,377.3,369.2,361.3,319.2,340.0,360.2,380.5,399.9,417.2,431.1,442.3,444.5,438.9,424.9,408.9,390.5,370.1,349.2,329.0,309.4,294.7,282.5,276.2,276.9,281.9,280.4,274.5,272.8,275.6,284.3,304.7,317.3,329.7,342.7,357.9,360.1,361.8,359.0,355.7,313.1,308.3,307.4,310.7,314.4,315.3,308.1,304.0,304.1,307.4,310.5,310.7,392.0,383.6,379.5,381.1,378.5,381.3,387.5,395.7,399.3,400.7,400.7,398.8,391.3,388.5,388.5,387.1,387.8,388.3,389.8,389.8
28,0,1.626,0.98,1,37.3,94.6,423.7,-0.188,0.024,-0.059,273.1,274.9,277.9,282.8,291.7,306.5,324.8,346.8,370.7,393.0,411.0,425.8,435.4,439.9,441.4,442.2,442.1,289.7,297.8,312.5,328.9,344.5,376.0,390.1,404.0,417.0,426.1,362.6,364.1,365.7,367.3,349.7,358.6,367.4,375.7,383.1,308.9,317.7,327.8,336.9,328.2,318.4,384.8,393.9,403.9,411.9,404.2,394.6,337.7,350.0,361.1,369.1,377.0,387.9,397.6,389.0,379.1,370.6,362.3,350.8,343.2,361.5,369.5,377.6,392.7,377.6,369.5,361.6,319.5,340.2,360.5,380.8,400.2,417.4,431.3,442.5,444.8,439.1,425.2,409.2,390.7,370.2,349.4,329.2,309.7,295.4,283.3,277.0,277.8,282.7,281.1,275.2,273.5,276.3,284.8,305.5,318.0,330.5,343.5,358.4,360.6,362.4,359.6,356.3,314.1,309.7,308.7,311.6,315.3,316.3,308.9,305.2,305.4,308.4,311.4,311.6,392.5,384.2,380.0,381.6,379.1,381.9,388.0,396.2,399.8,401.2,401.2,399.4,391.9,389.1,389.0,387.7,388.3,388.6,390.1,390.1
29,0,1.691,0.98,1,37.8,95.3,424.2,-0.183,0.022,-0.057,273.4,275.2,278.1,282.9,292.0,306.9,325.1,347.1,370.9,393.0,411.1,425.9,435.7,440.3,441.9,442.8,442.7,290.0,298.2,312.9,329.4,345.0,376.7,390.9,404.8,417.8,426.8,363.2,364.7,366.3,367.9,350.2,359.2,367.9,376.2,383.5,309.5,318.2,328.3,337.4,328.6,318.9,385.4,394.4,404.3,412.3,404.6,395.0,338.2,350.5,361.7,369.6,377.4,388.3,397.9,389.3,379.5,371.1,362.8,351.3,343.7,362.1,370.0,378.1,393.0,378.1,370.0,362.2,319.6,340.3,360.6,381.0,400.5,417.8,431.9,443.2,445.7,440.0,425.9,409.8,391.4,370.9,350.1,329.9,310.3,296.0,283.9,277.8,278.6,283.5,282.0,276.2,274.5,277.2,285.7,306.3,318.8,331.1,344.1,359.0,361.2,363.0,360.2,356.9,314.6,310.3,309.3,312.2,315.9,316.8,309.5,305.9,306.1,309.0,312.0,312.2,393.1,384.9,380.9,382.4,379.9,382.6,388.6,396.9,400.6,402.1,402.1,400.1,392.5,389.8,389.8,388.4,389.0,389.5,390.9,391.0
30,0,1.762,0.98,1,38.4,95.6,424.4,-0.181,0.018,-0.056,273.7,275.6,278.5,283.4,292.4,307.3,325.6,347.6,371.4,393.7,411.7,426.5,436.2,440.7,442.4,443.3,443.3,290.8,299.2,313.8,330.3,345.9,377.6,391.7,405.5,418.4,427.5,364.0,365.6,367.2,368.8,351.2,360.1,368.8,377.0,384.3,310.4,319.2,329.2,338.2,329.5,319.9,386.0,395.0,404.9,412.9,405.2,395.7,339.0,351.4,362.5,370.4,378.3,389.1,398.6,390.0,380.3,371.9,363.6,352.2,344.5,362.9,370.8,378.8,393.8,378.8,370.8,363.0,319.5,340.3,360.7,381.1,400.7,418.1,432.1,443.5,446.0,440.4,426.4,410.3,391.8,371.2,350.3,330.1,310.4,296.6,284.5,278.4,279.1,283.7,282.0,276.3,274.6,277.3,285.6,306.5,319.0,331.3,344.3,359.3,361.5,363.2,360.4,357.1,315.3,311.1,310.0,312.6,316.4,317.4,309.8,306.4,306.6,309.3,312.3,312.5,393.5,385.4,381.3,382.8,380.3,383.0,389.0,397.3,401.0,402.4,402.4,400.5,392.9,390.2,390.2,388.9,389.4,389.8,391.2,391.3
31,0,1.828,0.98,1,39.5,95.3,423.0,-0.178,0.017,-0.054,274.5,276.5,279.5,284.4,293.6,308.6,326.9,348.9,372.7,394.8,412.8,427.6,437.4,442.1,443.8,444.8,444.9,291.8,300.2,315.1,331.9,347.9,379.1,393.5,407.4,420.6,429.6,365.7,367.3,368.9,370.5,352.7,361.6,370.4,378.7,386.0,311.6,320.6,330.6,339.7,331.0,321.3,387.7,396.8,406.7,414.7,406.9,397.4,340.2,352.8,364.0,371.9,379.9,390.7,400.2,391.6,381.8,373.3,365.1,353.5,345.8,364.3,372.3,380.4,395.4,380.4,372.3,364.4,318.6,339.6,360.2,380.7,400.5,418.0,432.1,443.6,446.1,440.5,426.5,410.4,391.9,371.3,350.4,330.1,310.3,297.1,284.8,278.4,279.1,283.7,282.0,276.3,274.7,277.5,286.1,306.4,318.9,331.2,344.2,359.1,361.4,363.1,360.3,357.1,315.3,311.2,310.1,312.6,316.3,317.3,309.8,306.4,306.6,309.3,312.3,312.5,393.4,385.4,381.3,382.9,380.4,383.1,389.0,397.3,401.0,402.5,402.5,400.5,392.8,390.2,390.2,388.9,389.3,389.8,391.3,391.3
32,0,1.895,0.98,1,40.7,94.6,420.8,-0.171,0.015,-0.050,275.7,277.5,280.5,285.2,294.4,309.5,327.9,350.1,373.9,396.1,414.3,429.2,439.1,443.9,445.6,446.7,446.7,293.2,301.8,316.8,333.7,349.6,381.2,395.4,409.2,422.3,431.5,367.6,369.2,370.8,372.5,354.4,363.4,372.2,380.5,387.9,313.1,322.1,332.2,341.4,332.5,322.8,389.7,398.8,408.8,416.9,409.0,399.4,341.8,354.5,365.8,373.8,381.7,392.6,402.0,393.4,383.7,375.2,366.8,355.2,347.3,366.1,374.1,382.3,397.2,382.3,374.2,366.2,317.2,338.3,359.0,379.7,399.7,417.5,431.9,443.7,446.4,440.8,426.7,410.5,391.9,371.3,350.2,329.8,310.0,295.8,283.7,277.6,278.6,283.5,282.0,276.2,274.5,277.0,285.4,306.2,318.8,331.1,344.2,359.0,361.3,363.1,360.3,357.1,314.6,310.5,309.5,312.1,315.8,316.8,309.5,306.2,306.4,309.1,312.1,312.2,393.3,385.3,381.3,382.9,380.4,383.1,389.0,397.3,401.2,402.6,402.6,400.6,392.8,390.2,390.2,388.9,389.4,389.9,391.4,391.4
33,0,1.962,0.98,1,41.3,94.9,418.1,-0.157,0.016,-0.045,276.2,277.9,280.6,285.3,294.6,309.8,328.4,350.6,374.5,396.9,415.2,430.2,440.2,445.0,446.9,448.1,448.4,294.2,302.8,318.1,335.2,351.3,382.5,396.9,410.9,424.2,433.4,368.9,370.4,371.9,373.4,355.0,364.1,373.1,381.5,389.0,313.9,323.0,333.1,342.4,333.4,323.7,391.2,400.6,410.6,418.6,410.6,401.0,342.3,355.2,366.5,374.6,382.6,393.5,403.0,394.3,384.4,375.9,367.5,355.8,347.9,366.8,374.8,383.0,398.1,383.1,374.9,366.9,316.5,337.8,358.7,379.7,400.0,418.2,433.0,445.2,448.1,442.4,428.1,411.6,392.7,371.8,350.6,330.0,310.0,296.0,283.7,277.7,278.9,284.1,282.9,277.1,275.4,278.1,286.6,307.2,319.9,332.4,345.6,360.3,362.7,364.6,361.8,358.5,315.2,311.5,310.5,312.9,316.6,317.5,310.6,307.7,308.0,310.6,313.5,313.6,394.8,387.0,383.1,384.8,382.3,385.0,390.8,399.3,403.1,404.5,404.5,402.4,394.3,392.1,392.2,390.9,391.2,391.7,393.1,393.1
34,0,2.029,0.98,1,40.9,97.6,416.1,-0.140,0.018,-0.045,275.8,277.4,280.0,284.8,294.2,309.6,328.4,350.5,374.3,396.6,415.0,430.1,440.1,445.0,446.8,448.2,448.5,294.1,302.7,318.0,335.2,351.5,382.2,396.3,410.2,423.5,433.3,368.9,370.2,371.6,373.0,354.5,363.7,372.9,381.4,389.0,313.2,322.8,333.0,342.8,333.4,323.4,391.1,401.2,411.4,419.7,411.5,401.5,341.7,354.7,366.1,374.1,382.2,393.2,403.0,393.8,383.9,375.3,366.9,355.3,347.3,366.3,374.4,382.7,398.0,382.7,374.4,366.4,316.9,338.6,359.8,381.4,402.3,420.9,436.2,448.4,451.1,445.1,430.6,413.8,394.6,373.5,352.2,331.5,311.2,300.0,287.4,281.3,282.4,287.7,286.3,280.5,278.6,281.0,289.5,312.1,324.3,336.4,349.2,364.5,366.7,368.6,365.9,362.8,320.8,317.6,316.6,318.8,322.7,323.6,316.5,313.6,313.9,316.0,319.5,319.6,398.2,390.8,386.8,388.5,386.0,388.9,394.3,402.9,406.8,408.3,408.4,406.2,397.7,395.8,396.0,394.7,394.7,395.5,397.0,397.0
35,0,2.097,0.98,1,40.2,98.9,415.1,-0.116,0.018,-0.044,274.2,276.0,279.0,283.9,293.4,309.0,327.5,349.6,373.6,396.1,414.6,429.8,440.1,444.9,446.7,448.1,448.5,292.3,301.4,316.9,334.0,350.4,382.3,397.0,411.1,424.4,433.9,368.2,369.5,370.9,372.4,353.7,362.9,372.1,380.7,388.4,311.7,321.1,331.5,341.1,331.7,321.6,390.9,400.7,411.0,419.3,411.1,401.1,340.8,353.8,365.3,373.3,381.4,392.5,402.5,393.2,383.1,374.5,366.1,354.4,346.5,365.5,373.6,381.9,397.4,381.9,373.7,365.6,315.8,338.0,359.9,381.7,403.1,422.2,437.8,450.6,453.5,447.5,432.8,415.6,396.3,375.1,353.7,332.8,312.1,301.3,289.2,283.4,284.6,289.6,288.3,282.7,280.9,283.2,291.6,313.4,326.3,339.1,352.6,366.9,369.3,371.3,368.5,365.0,321.5,317.9,316.9,319.4,323.4,324.3,316.9,313.8,314.1,316.5,319.9,320.0,400.9,393.6,389.8,391.5,388.9,391.5,396.7,405.5,409.6,411.2,411.2,409.0,400.5,398.8,398.9,397.5,397.2,398.1,399.7,399.7
36,0,2.163,0.98,1,40.1,99.4,414.2,-0.108,0.017,-0.045,273.9,275.8,278.8,283.7,293.3,308.8,327.4,349.4,373.4,395.9,414.4,429.6,439.8,444.8,446.7,448.1,448.6,292.2,300.8,316.3,333.5,350.1,382.0,396.8,410.9,424.3,433.7,368.0,369.4,370.8,372.3,353.6,362.8,372.0,380.7,388.4,312.1,321.4,331.5,341.0,331.9,322.1,390.7,400.3,410.4,418.7,410.4,400.7,340.7,353.7,365.2,373.3,381.5,392.5,402.4,393.3,383.2,374.5,366.1,354.3,346.4,365.5,373.6,382.0,397.4,382.0,373.7,365.6,316.5,338.8,360.6,382.4,403.8,423.0,438.7,451.5,454.5,448.5,433.8,416.7,397.4,376.2,354.8,333.7,312.8,302.3,290.0,284.1,285.2,290.2,288.9,283.2,281.5,283.9,292.3,313.6,327.0,340.3,354.3,367.8,370.3,372.5,369.4,365.9,321.4,318.1,317.0,319.1,323.0,323.9,316.6,313.8,314.2,316.4,319.5,319.6,401.9,395.0,391.3,393.0,390.4,392.8,397.6,406.8,411.0,412.6,412.6,410.3,401.6,400.1,400.2,398.8,398.3,399.4,401.0,401.0
37,0,2.229,0.98,1,39.8,99.1,411.8,-0.107,0.017,-0.043,273.7,275.6,278.7,283.6,293.2,308.7,327.4,349.4,373.4,395.9,414.3,429.4,439.8,444.7,446.7,448.1,448.5,291.4,300.3,316.0,333.5,350.3,382.0,397.1,411.6,425.3,434.3,368.0,369.4,370.8,372.3,353.5,362.8,371.9,380.6,388.3,311.6,320.9,331.3,340.9,331.6,321.5,390.5,400.1,410.4,418.8,410.5,400.6,340.7,353.7,365.1,373.2,381.4,392.4,402.2,393.2,383.2,374.5,366.1,354.3,346.4,365.4,373.5,381.9,397.2,381.9,373.7,365.6,316.2,338.7,360.7,382.6,404.0,423.3,439.1,452.0,455.0,449.1,434.2,417.2,398.0,376.9,355.5,334.4,313.5,302.5,290.1,284.2,285.5,290.7,289.4,283.6,281.8,284.6,293.4,313.8,327.4,340.8,354.9,368.3,370.8,373.0,370.0,366.4,321.1,317.4,316.4,319.0,322.8,323.7,316.7,313.4,313.7,316.2,319.5,319.6,402.3,395.5,391.8,393.5,390.9,393.3,398.1,407.2,411.5,413.1,413.1,410.7,402.1,400.5,400.6,399.2,398.8,399.8,401.5,401.5
38,0,2.295,0.98,1,39.0,98.7,410.3,-0.105,0.020,-0.049,273.0,275.1,278.5,283.5,293.1,308.5,327.3,349.3,373.3,395.8,414.2,429.3,439.7,444.6,446.5,447.6,447.5,290.1,298.9,314.6,332.1,348.8,380.5,395.5,410.1,423.7,432.6,366.8,368.3,369.9,371.6,352.9,362.2,371.3,380.0,387.6,310.4,319.4,329.9,339.5,330.3,320.0,389.2,398.5,409.0,417.3,409.2,399.2,340.3,353.1,364.6,372.7,380.9,392.0,401.8,392.9,382.9,374.1,365.6,353.9,346.0,365.0,373.1,381.6,396.7,381.7,373.3,365.2,316.3,338.9,360.9,382.9,404.4,423.6,439.3,452.4,455.4,449.5,434.5,417.4,398.2,377.2,355.8,334.8,314.1,302.3,290.1,284.3,285.5,290.8,289.7,284.0,282.2,284.9,293.7,313.4,327.3,341.1,355.5,368.8,371.3,373.4,370.4,366.7,319.9,315.6,314.8,318.2,321.8,322.7,315.9,311.8,312.0,315.1,318.4,318.6,402.9,396.1,392.4,394.1,391.4,393.6,398.4,407.4,411.8,413.4,413.4,411.1,402.6,400.9,401.0,399.5,399.1,400.3,402.0,401.9
39,0,2.360,0.98,1,38.4,99.0,410.5,-0.100,0.026,-0.049,272.3,274.5,278.1,283.2,292.7,308.2,326.8,348.8,372.6,395.1,413.5,428.8,439.3,444.3,446.1,447.2,447.3,289.1,297.5,313.3,331.0,347.8,379.5,394.7,409.6,423.5,432.2,365.9,367.3,368.8,370.4,351.9,361.2,370.2,378.9,386.6,309.6,318.6,329.2,338.7,329.5,319.2,388.5,397.7,408.3,416.6,408.6,398.5,339.7,352.2,363.6,371.7,379.9,391.0,400.9,391.9,381.9,373.2,364.7,353.1,345.3,364.1,372.1,380.5,395.7,380.6,372.3,364.2,316.1,338.8,360.8,382.7,404.3,423.6,439.4,452.6,455.6,449.7,434.8,417.7,398.6,377.7,356.3,335.1,314.2,303.0,290.3,284.3,285.6,291.0,290.0,284.1,282.3,285.2,294.4,313.7,327.7,341.6,356.1,369.2,371.7,373.8,370.8,367.1,319.9,315.4,314.6,318.3,321.9,322.7,316.0,311.6,311.8,315.1,318.5,318.7,403.3,396.5,392.8,394.5,391.8,394.0,398.8,407.9,412.2,413.8,413.8,411.4,403.0,401.3,401.4,399.9,399.5,400.7,402.5,402.4
40,0,2.427,0.98,1,37.8,99.5,411.6,-0.099,0.028,-0.050,271.6,274.0,277.7,282.9,292.5,308.0,326.5,348.3,372.0,394.3,412.7,428.0,438.5,443.5,445.4,446.6,446.7,288.1,296.6,312.3,329.8,346.6,378.9,394.1,408.9,422.7,431.5,364.9,366.4,367.8,369.4,351.1,360.3,369.3,378.0,385.7,308.9,317.8,328.5,337.9,328.8,318.3,387.7,396.8,407.4,415.8,407.8,397.6,338.9,351.4,362.8,370.9,379.0,390.2,400.2,391.2,381.1,372.4,364.0,352.3,344.5,363.3,371.4,379.7,395.0,379.8,371.5,363.5,316.2,338.8,360.9,382.9,404.5,423.8,439.6,452.7,455.6,449.7,434.8,417.9,398.9,378.2,356.9,335.9,315.0,303.3,290.7,284.7,285.9,291.2,290.2,284.3,282.6,285.4,294.5,314.0,328.0,341.9,356.4,369.6,372.0,374.1,371.1,367.4,320.2,315.6,314.8,318.6,322.3,323.1,316.2,311.7,311.8,315.2,318.7,318.9,403.7,396.8,393.1,394.8,392.1,394.2,398.9,408.0,412.4,414.1,414.1,411.8,403.4,401.7,401.7,400.2,399.7,400.9,402.7,402.6
41,0,2.492,0.98,1,36.9,99.8,412.0,-0.096,0.031,-0.053,270.9,273.2,277.0,282.3,291.9,307.4,326.0,347.7,371.4,393.7,412.0,427.3,437.8,442.8,444.6,445.7,445.7,287.2,295.7,311.2,328.4,345.0,377.7,392.8,407.4,421.0,429.8,363.7,365.1,366.5,368.1,350.0,359.1,368.1,376.8,384.4,307.6,316.4,327.1,336.6,327.4,316.9,386.5,395.5,406.1,414.5,406.6,396.4,337.9,350.3,361.6,369.7,377.8,389.0,399.0,390.0,379.9,371.2,362.8,351.2,343.5,362.2,370.2,378.5,393.8,378.6,370.3,362.3,316.5,339.0,361.0,383.0,404.6,424.0,439.9,452.9,455.7,449.7,434.6,417.7,398.9,378.5,357.5,336.7,316.1,303.5,291.1,285.2,286.4,291.6,290.5,284.7,282.9,285.7,294.5,314.4,328.5,342.4,357.0,370.1,372.5,374.6,371.5,367.8,320.6,315.9,315.1,319.0,322.7,323.5,316.5,311.7,311.8,315.3,318.8,319.1,404.1,397.2,393.4,395.0,392.3,394.4,399.1,408.2,412.7,414.5,414.5,412.2,403.7,402.0,402.0,400.4,400.0,401.2,403.1,403.1
42,0,2.562,0.98,1,36.1,100.6,413.5,-0.094,0.033,-0.055,269.8,272.3,276.3,281.7,291.4,306.9,325.3,346.8,370.4,392.6,410.9,426.1,436.6,441.7,443.6,444.7,444.9,286.0,294.7,310.2,327.4,344.0,376.2,391.5,406.2,419.9,428.7,362.3,363.7,365.2,366.7,348.7,357.9,366.8,375.5,383.1,306.3,315.0,325.7,335.2,326.1,315.6,385.3,394.3,404.9,413.3,405.4,395.2,336.8,349.1,360.4,368.4,376.5,387.8,397.9,388.8,378.7,370.0,361.6,350.0,342.4,360.9,369.0,377.3,392.7,377.4,369.1,361.1,317.4,339.8,361.7,383.4,404.9,424.2,440.0,453.0,455.8,449.8,434.7,417.8,399.1,378.9,358.2,337.7,317.3,304.1,291.8,285.9,287.0,292.1,290.8,285.1,283.3,286.1,294.9,314.8,329.1,343.1,357.7,370.8,373.1,375.2,372.1,368.4,321.3,316.5,315.6,319.6,323.4,324.1,316.9,312.1,312.2,315.7,319.2,319.5,404.7,397.8,394.0,395.6,392.9,394.9,399.6,408.6,413.1,414.9,414.9,412.7,404.4,402.6,402.6,401.0,400.4,401.6,403.5,403.5
43,0,2.629,0.98,1,35.3,101.1,414.2,-0.093,0.035,-0.055,269.0,271.6,275.6,281.0,290.8,306.3,324.6,346.0,369.5,391.8,410.2,425.5,435.9,440.8,442.7,443.8,443.9,285.1,293.8,309.3,326.5,343.0,375.1,390.4,405.1,418.8,427.6,361.2,362.5,364.0,365.5,347.6,356.7,365.6,374.3,381.9,305.3,314.0,324.7,334.1,325.0,314.5,384.2,393.0,403.7,412.1,404.2,394.0,335.7,347.9,359.2,367.2,375.2,386.6,396.9,387.6,377.4,368.8,360.5,348.9,341.2,359.8,367.8,376.1,391.6,376.2,367.9,360.0,317.5,339.8,361.8,383.6,405.2,424.4,440.2,453.1,455.8,449.7,434.5,417.7,399.1,379.2,358.7,338.5,318.3,304.4,292.2,286.3,287.3,292.5,291.2,285.4,283.7,286.5,295.3,315.3,329.5,343.5,358.1,371.2,373.5,375.5,372.5,368.7,321.7,316.8,316.0,320.0,323.8,324.6,317.3,312.4,312.4,316.1,319.6,319.9,404.9,398.0,394.2,395.8,393.1,395.0,399.7,408.7,413.3,415.1,415.2,413.0,404.6,402.8,402.8,401.1,400.5,401.9,403.8,403.8
44,0,2.692,0.98,1,34.5,101.5,415.2,-0.092,0.035,-0.058,268.1,270.7,274.9,280.5,290.3,305.8,324.0,345.2,368.7,390.8,409.1,424.3,434.7,439.6,441.6,442.7,442.9,284.0,292.7,308.0,325.0,341.5,373.7,388.8,403.5,417.1,426.0,359.9,361.2,362.6,364.2,346.4,355.6,364.5,373.1,380.7,304.2,312.9,323.5,332.9,323.9,313.4,382.8,391.6,402.2,410.7,402.8,392.6,334.8,347.0,358.2,366.1,374.1,385.4,395.8,386.5,376.4,367.8,359.6,348.0,340.4,358.9,366.8,375.0,390.5,375.1,366.9,359.1,318.0,340.3,362.1,383.8,405.3,424.6,440.4,453.3,455.9,449.8,434.5,417.6,399.1,379.3,359.0,338.9,319.0,304.9,292.7,286.7,287.7,292.8,291.4,285.7,283.9,286.6,295.2,315.5,329.7,343.7,358.3,371.4,373.7,375.7,372.6,368.8,322.0,317.1,316.3,320.3,324.1,324.9,317.4,312.5,312.5,316.1,319.6,320.0,405.1,398.2,394.4,395.9,393.2,395.1,399.6,408.6,413.3,415.1,415.3,413.2,404.7,402.9,402.8,401.2,400.5,401.9,403.9,404.0
45,0,2.762,0.98,1,33.6,101.8,416.0,-0.095,0.038,-0.063,267.1,269.9,274.2,279.8,289.7,305.2,323.4,344.7,368.1,390.2,408.5,423.6,433.9,438.7,440.6,441.7,441.8,282.9,291.4,306.7,323.9,340.4,371.9,387.1,401.8,415.5,424.5,358.5,359.8,361.3,362.8,345.3,354.4,363.3,371.9,379.5,303.1,311.7,322.3,331.7,322.7,312.3,381.5,390.3,400.9,409.3,401.4,391.3,333.9,345.9,357.1,365.0,372.9,384.3,394.7,385.4,375.3,366.8,358.5,347.0,339.4,357.8,365.7,373.9,389.4,373.9,365.8,358.0,319.2,341.2,362.7,384.3,405.7,424.8,440.5,453.4,455.9,449.5,434.1,417.3,398.9,379.3,359.3,339.4,319.7,305.6,293.3,287.2,288.2,293.3,291.8,285.9,284.0,286.6,295.3,315.9,330.0,343.9,358.5,371.7,373.9,375.9,372.8,368.9,322.5,317.6,316.7,320.8,324.5,325.3,317.7,312.7,312.6,316.2,319.8,320.1,405.4,398.4,394.5,396.0,393.3,395.1,399.7,408.7,413.3,415.2,415.4,413.4,405.0,403.1,403.0,401.3,400.6,402.0,404.0,404.1
46,0,2.829,0.98,1,33.2,102.6,417.4,-0.095,0.039,-0.063,266.7,269.4,273.7,279.4,289.3,304.8,323.0,344.0,367.3,389.4,407.7,422.8,433.0,437.7,439.7,440.9,441.3,282.6,290.9,306.0,323.0,339.4,371.6,386.6,401.0,414.6,423.6,357.9,359.1,360.4,361.8,344.5,353.6,362.4,371.0,378.5,302.9,311.6,322.1,331.4,322.4,312.2,380.9,389.7,400.2,408.7,400.7,390.6,333.2,345.1,356.2,364.1,372.0,383.2,393.7,384.4,374.3,365.8,357.6,346.2,338.8,357.0,364.8,372.9,388.4,373.0,364.9,357.1,319.8,341.7,363.2,384.7,406.0,425.2,440.8,453.3,455.7,449.3,433.8,417.1,398.9,379.5,359.7,340.1,320.6,306.3,294.0,287.8,288.7,293.9,292.2,286.2,284.3,286.8,295.3,316.6,330.7,344.5,358.9,372.1,374.3,376.2,373.1,369.3,323.6,318.9,318.0,321.7,325.5,326.3,318.6,313.9,313.8,317.1,320.7,321.1,405.5,398.6,394.7,396.2,393.4,395.3,399.8,408.8,413.5,415.4,415.6,413.6,405.1,403.3,403.2,401.5,400.8,402.1,404.2,404.3
47,0,2.896,0.98,1,32.7,102.8,417.4,-0.094,0.037,-0.065,266.1,268.9,273.1,278.9,288.8,304.4,322.6,343.6,366.9,389.0,407.3,422.3,432.4,437.1,439.0,440.2,440.6,282.0,290.2,305.2,322.3,338.8,370.9,385.9,400.4,414.0,423.0,357.1,358.4,359.7,361.2,343.9,352.9,361.8,370.4,378.0,302.3,311.0,321.4,330.7,321.8,311.7,380.1,389.1,399.5,408.0,399.9,389.9,332.6,344.6,355.7,363.6,371.5,382.8,393.3,383.9,373.9,365.4,357.2,345.7,338.1,356.5,364.3,372.5,388.0,372.5,364.4,356.6,319.7,341.7,363.3,384.9,406.2,425.3,440.8,453.3,455.7,449.2,433.8,417.2,399.0,379.7,359.9,340.2,320.6,306.9,294.6,288.4,289.2,294.3,292.4,286.5,284.6,287.1,295.5,317.2,331.2,344.8,359.1,372.3,374.5,376.4,373.3,369.5,324.5,320.1,319.2,322.4,326.2,327.1,319.1,314.8,314.8,317.7,321.2,321.6,405.7,398.9,395.0,396.4,393.7,395.5,399.8,408.9,413.6,415.6,415.9,413.9,405.3,403.6,403.4,401.7,400.8,402.2,404.3,404.5
48,0,2.959,0.98,1,32.4,103.2,418.4,-0.093,0.038,-0.066,265.8,268.6,272.8,278.5,288.5,304.1,322.3,343.4,366.6,388.6,406.8,421.8,431.9,436.7,438.6,439.8,440.2,281.6,289.8,304.8,321.7,338.2,370.5,385.5,400.0,413.5,422.5,356.6,357.9,359.2,360.6,343.4,352.4,361.3,369.9,377.5,301.9,310.6,320.9,330.2,321.3,311.2,379.7,388.6,399.0,407.5,399.5,389.5,332.3,344.1,355.2,363.0,370.9,382.2,392.7,383.4,373.4,364.9,356.7,345.3,337.8,356.0,363.8,371.9,387.5,372.0,363.9,356.1,320.4,342.2,363.6,385.1,406.4,425.4,440.9,453.3,455.6,449.0,433.7,417.1,399.0,379.7,360.0,340.3,320.8,307.3,294.9,288.7,289.6,294.7,292.7,286.7,284.7,287.2,295.5,317.5,331.4,345.1,359.4,372.5,374.6,376.6,373.4,369.6,324.7,320.4,319.4,322.6,326.4,327.3,319.3,314.9,314.8,317.8,321.3,321.7,405.8,399.0,395.1,396.5,393.7,395.6,399.9,408.9,413.6,415.7,415.9,413.9,405.4,403.6,403.5,401.7,400.9,402.3,404.4,404.6
49,0,3.029,0.98,1,32.2,103.5,419.4,-0.089,0.037,-0.066,265.6,268.3,272.5,278.2,288.2,303.7,322.0,343.1,366.3,388.3,406.4,421.4,431.6,436.3,438.2,439.4,439.8,281.5,289.7,304.7,321.6,337.9,370.2,385.1,399.5,413.1,422.2,356.3,357.6,358.9,360.3,343.1,352.1,361.0,369.5,377.1,301.6,310.3,320.7,329.9,321.0,310.9,379.4,388.3,398.7,407.1,399.1,389.2,331.9,343.8,354.8,362.7,370.6,382.0,392.4,383.1,373.0,364.5,356.3,344.9,337.4,355.6,363.4,371.6,387.2,371.7,363.5,355.8,320.5,342.3,363.6,385.1,406.3,425.4,440.8,453.3,455.6,449.0,433.6,417.0,398.8,379.6,359.8,340.0,320.5,307.1,294.9,288.9,289.8,294.9,292.9,286.9,284.8,287.1,295.4,317.6,331.5,345.2,359.5,372.5,374.7,376.6,373.5,369.7,324.8,320.4,319.4,322.7,326.5,327.4,319.3,314.9,314.8,317.8,321.3,321.7,405.8,399.0,395.1,396.5,393.7,395.5,399.9,408.9,413.7,415.7,415.9,414.0,405.4,403.6,403.5,401.7,400.8,402.3,404.4,404.7
50,0,3.090,0.98,1,32.0,103.5,419.3,-0.092,0.038,-0.066,265.5,268.2,272.4,278.1,288.1,303.6,321.8,342.8,366.1,388.1,406.3,421.3,431.4,436.1,438.0,439.2,439.6,281.2,289.5,304.4,321.2,337.6,370.1,385.1,399.5,413.0,422.1,356.1,357.3,358.6,360.0,342.8,351.9,360.7,369.3,376.9,301.3,310.1,320.4,329.7,320.8,310.7,379.3,388.1,398.5,407.0,399.0,389.0,331.6,343.5,354.6,362.5,370.4,381.8,392.3,382.9,372.8,364.3,356.1,344.6,337.1,355.4,363.2,371.4,387.0,371.4,363.3,355.5,320.8,342.6,363.9,385.3,406.5,425.5,440.9,453.3,455.6,449.0,433.5,416.9,398.8,379.7,360.0,340.5,321.0,307.2,295.0,289.0,289.9,295.0,293.0,286.9,284.8,287.2,295.5,317.7,331.6,345.2,359.5,372.6,374.7,376.6,373.5,369.7,324.9,320.5,319.5,322.8,326.6,327.4,319.3,314.9,314.8,317.8,321.3,321.8,405.9,399.0,395.1,396.5,393.8,395.6,399.9,409.0,413.7,415.8,416.0,414.0,405.5,403.7,403.5,401.8,400.9,402.4,404.5,404.7
51,0,3.129,0.98,1,32.0,103.6,419.6,-0.089,0.038,-0.067,265.4,268.1,272.3,278.0,288.0,303.5,321.7,342.8,366.1,388.0,406.2,421.1,431.3,436.1,437.9,439.2,439.6,281.2,289.5,304.4,321.2,337.4,370.0,384.9,399.3,412.8,421.9,356.0,357.2,358.5,359.8,342.7,351.7,360.6,369.2,376.8,301.3,310.0,320.4,329.6,320.8,310.6,379.2,388.0,398.5,406.9,398.9,389.0,331.5,343.4,354.5,362.3,370.2,381.6,392.2,382.8,372.7,364.2,356.0,344.5,337.0,355.2,363.1,371.2,386.9,371.3,363.2,355.4,320.8,342.5,363.8,385.2,406.4,425.5,441.0,453.4,455.6,449.0,433.7,417.1,399.0,379.7,359.9,340.2,320.6,307.2,295.1,289.1,290.1,295.1,293.0,286.9,284.8,287.1,295.4,317.7,331.6,345.3,359.6,372.7,374.8,376.7,373.6,369.8,325.0,320.6,319.6,322.9,326.7,327.6,319.4,315.0,314.9,317.9,321.4,321.9,406.0,399.1,395.2,396.6,393.9,395.7,400.0,409.1,413.9,415.9,416.1,414.1,405.6,403.8,403.6,401.9,401.0,402.5,404.6,404.8
52,0,3.191,0.98,1,31.7,103.8,419.4,-0.088,0.039,-0.067,265.1,268.0,272.2,278.0,287.9,303.4,321.5,342.6,365.8,387.8,406.0,421.0,431.1,435.9,437.8,439.0,439.5,280.7,288.9,303.9,321.0,337.5,369.2,384.3,398.9,412.7,421.9,355.7,356.9,358.2,359.6,342.4,351.5,360.4,368.9,376.5,301.0,309.7,320.1,329.3,320.5,310.4,378.9,387.8,398.2,406.7,398.7,388.7,331.2,343.1,354.2,362.1,369.9,381.3,392.0,382.5,372.4,363.9,355.7,344.3,336.8,355.0,362.8,370.9,386.7,371.0,362.9,355.1,320.8,342.6,363.9,385.3,406.5,425.5,441.0,453.4,455.7,449.1,433.8,417.2,399.1,379.9,360.2,340.5,320.9,308.1,295.7,289.5,290.4,295.4,293.4,287.2,285.1,287.5,295.9,318.0,332.0,345.7,360.0,373.0,375.2,377.1,373.9,370.1,325.4,321.0,320.0,323.2,327.1,328.0,319.7,315.2,315.1,318.1,321.7,322.1,406.2,399.5,395.6,397.0,394.2,396.0,400.2,409.4,414.1,416.1,416.4,414.4,405.8,404.1,404.0,402.2,401.2,402.8,404.9,405.1
53,0,3.257,0.98,1,31.4,103.7,419.1,-0.086,0.040,-0.071,264.8,267.8,272.2,278.1,288.0,303.5,321.5,342.5,365.7,387.7,405.9,420.9,431.1,435.9,437.7,438.8,439.0,280.1,288.6,303.6,320.5,336.8,368.5,383.6,398.2,411.8,421.0,355.0,356.3,357.8,359.3,342.2,351.2,360.1,368.6,376.2,300.1,308.7,319.1,328.4,319.5,309.4,378.2,386.9,397.3,405.8,397.8,387.9,331.1,342.9,354.0,361.8,369.7,381.2,391.8,382.4,372.2,363.7,355.5,344.1,336.6,354.8,362.6,370.8,386.6,370.8,362.7,354.9,321.0,342.7,364.1,385.4,406.6,425.5,441.0,453.6,455.9,449.4,433.9,417.2,399.1,379.9,360.2,340.5,321.0,307.8,295.9,289.9,290.6,295.5,293.4,287.4,285.3,287.7,295.9,317.7,331.8,345.7,360.2,373.1,375.3,377.2,374.1,370.1,325.0,320.4,319.3,322.8,326.6,327.6,319.1,314.4,314.3,317.4,320.9,321.4,406.4,399.7,395.8,397.2,394.4,396.1,400.2,409.3,414.2,416.2,416.5,414.5,406.1,404.3,404.1,402.3,401.2,402.9,405.0,405.3
54,0,3.323,0.98,1,30.7,103.8,419.2,-0.084,0.052,-0.072,264.7,267.7,272.1,278.1,288.1,303.5,321.5,342.2,365.3,387.3,405.4,420.5,430.8,435.6,437.6,438.6,438.8,279.6,287.9,302.6,319.3,335.4,367.7,382.8,397.4,411.0,420.1,354.0,355.2,356.5,357.9,341.1,350.1,358.9,367.4,375.0,299.3,307.8,318.3,327.5,318.7,308.4,377.4,386.1,396.6,405.1,397.2,387.2,330.1,341.7,352.8,360.6,368.5,380.0,390.9,381.3,371.0,362.5,354.3,342.9,335.5,353.6,361.4,369.5,385.6,369.6,361.5,353.7,321.8,343.3,364.5,385.7,406.8,425.8,441.3,453.8,456.0,449.4,433.8,417.1,399.1,380.0,360.5,341.0,321.6,307.3,295.3,289.3,290.1,295.0,293.0,287.0,285.0,287.5,295.8,317.6,331.9,345.9,360.6,373.4,375.6,377.5,374.4,370.5,324.7,319.8,318.8,322.7,326.5,327.3,319.1,314.2,314.0,317.4,321.0,321.5,406.5,399.8,396.0,397.4,394.6,396.2,400.4,409.5,414.3,416.3,416.6,414.6,406.1,404.5,404.3,402.5,401.4,403.1,405.2,405.4
55,0,3.390,0.98,1,28.1,105.0,419.3,-0.067,0.062,-0.075,262.7,265.7,270.3,276.4,286.3,301.5,319.2,339.6,362.4,384.4,402.6,417.9,428.3,433.2,435.2,436.3,436.6,276.7,285.0,299.5,315.9,331.9,364.6,379.9,394.7,408.4,417.6,350.7,351.7,352.9,354.2,337.7,346.6,355.3,363.9,371.5,296.1,304.5,315.0,324.3,315.4,305.1,374.4,383.1,393.7,402.3,394.4,384.2,326.8,338.3,349.2,357.0,364.8,376.5,387.5,377.7,367.2,358.7,350.6,339.4,332.2,350.0,357.8,365.9,382.2,365.8,357.8,350.1,322.8,344.4,365.5,386.7,407.8,426.8,442.2,454.7,456.8,450.0,434.3,417.5,399.4,380.3,360.7,341.2,321.7,307.7,295.9,290.1,290.9,295.8,293.8,287.8,285.8,288.4,296.6,319.0,333.5,347.8,362.6,375.2,377.4,379.4,376.3,372.4,326.0,321.1,320.2,324.1,328.0,328.8,320.6,315.6,315.4,318.8,322.6,323.1,408.2,401.7,398.0,399.4,396.7,398.3,402.2,411.4,416.2,418.1,418.3,416.2,407.9,406.4,406.3,404.5,403.3,405.0,407.0,407.2
56,0,3.456,0.98,1,24.4,106.8,419.5,-0.051,0.074,-0.085,260.0,263.1,267.6,273.8,283.6,298.7,316.2,336.3,359.0,380.8,398.8,414.2,424.8,429.9,432.0,433.0,433.2,272.1,280.0,294.3,310.8,326.6,358.8,374.8,390.3,404.5,413.7,345.1,346.2,347.3,348.6,332.5,341.4,350.2,358.8,366.5,291.2,299.4,310.0,319.3,310.5,300.1,369.2,377.9,388.6,397.4,389.3,379.1,322.5,333.6,344.2,352.0,359.9,371.8,383.2,373.3,362.7,354.1,345.9,334.8,327.8,345.3,353.1,361.2,377.9,361.1,353.0,345.3,325.4,346.4,367.1,388.0,408.9,427.9,443.6,456.3,458.4,451.1,435.0,418.0,400.0,381.2,361.8,342.4,323.1,310.4,298.7,292.8,293.5,298.5,296.1,289.7,287.5,290.6,299.3,321.8,336.4,350.8,365.7,377.9,380.1,382.0,378.9,374.9,328.4,323.4,322.6,326.6,330.5,331.3,322.7,317.3,317.0,320.4,324.3,324.9,410.4,404.3,400.5,401.9,399.1,400.4,403.8,413.4,418.4,420.5,420.7,418.5,410.1,408.8,408.6,406.8,405.0,407.2,409.4,409.6
57,0,3.523,0.98,1,20.9,108.8,422.6,-0.040,0.107,-0.113,257.7,261.5,267.0,274.2,284.6,299.8,316.5,335.1,356.7,378.0,396.0,411.4,421.7,426.7,428.6,429.4,429.3,267.7,275.5,289.2,304.9,320.2,352.3,368.0,383.2,397.5,407.3,339.2,340.1,341.2,342.4,327.5,336.2,344.9,353.5,361.2,286.5,294.5,304.9,314.1,305.4,295.1,363.8,372.2,383.0,392.0,384.0,373.7,318.7,329.1,339.5,347.2,354.9,367.1,379.1,368.7,357.9,349.3,341.2,330.4,323.8,340.7,348.4,356.5,373.7,356.3,348.2,340.6,328.3,349.9,371.2,392.4,413.2,431.5,446.2,457.6,458.8,451.4,435.0,417.7,399.5,380.6,361.2,341.7,322.4,312.1,300.6,294.8,295.4,300.0,297.0,290.4,287.8,290.1,298.3,322.8,337.7,352.3,367.4,379.6,381.7,383.5,380.3,376.2,330.5,325.4,324.4,328.5,332.5,333.4,323.7,318.1,317.5,320.8,325.0,325.8,411.9,405.8,401.9,403.2,400.4,401.5,404.5,414.3,419.4,421.6,421.9,419.8,411.7,410.2,409.9,408.0,405.9,408.3,410.6,411.0
58,0,3.590,0.98,1,18.4,109.9,426.1,-0.022,0.142,-0.126,258.0,261.9,267.8,275.3,285.6,300.1,315.7,333.0,353.8,375.2,393.6,409.2,419.2,424.1,426.0,426.8,426.7,266.4,273.9,286.6,301.1,315.4,349.1,363.8,378.1,391.8,401.6,335.7,336.3,337.0,337.9,324.3,332.6,341.0,349.5,357.1,285.2,292.9,303.0,311.8,303.3,293.4,359.8,368.0,378.5,387.5,379.6,369.5,315.9,325.6,335.7,343.4,351.3,363.3,375.4,364.9,354.1,345.4,337.3,326.7,320.6,337.1,344.8,353.0,370.1,352.7,344.4,336.7,329.4,351.5,373.2,394.7,415.4,433.3,447.3,457.7,458.5,451.3,434.9,417.4,398.9,379.7,360.2,340.6,321.1,310.6,299.8,294.5,295.4,300.0,297.0,290.7,287.9,289.6,296.9,322.5,337.9,353.0,368.5,380.0,382.3,384.2,381.0,376.9,329.7,324.8,324.1,328.4,332.0,332.8,323.9,318.4,317.7,321.0,325.2,326.1,411.7,405.8,402.3,403.7,400.9,402.0,404.8,414.8,419.9,422.1,422.2,419.9,411.6,410.3,410.2,408.3,406.3,408.9,411.1,411.4
59,0,3.656,0.98,1,16.8,108.4,420.5,-0.015,0.135,-0.133,254.0,258.8,265.5,273.5,284.6,300.1,316.1,333.3,353.6,374.6,392.9,408.7,418.5,423.2,425.0,425.5,424.7,261.6,270.8,284.8,300.1,314.9,345.8,360.3,375.3,389.8,400.3,334.7,335.4,336.3,337.5,323.1,331.6,340.1,348.6,356.0,281.4,289.2,300.1,309.4,300.3,289.5,358.0,366.4,377.5,386.9,378.8,368.0,314.1,324.3,334.3,342.1,349.9,361.6,373.7,363.1,352.5,343.9,335.6,325.1,318.8,335.8,343.4,351.7,368.0,351.3,343.0,335.4,328.8,351.6,374.2,396.5,417.2,434.6,448.0,457.9,458.2,451.0,434.4,416.8,398.5,379.2,359.5,339.8,320.6,307.6,296.7,292.0,293.7,299.6,297.4,290.6,287.6,288.6,296.2,322.7,338.5,353.9,369.7,381.1,383.3,385.2,382.2,378.2,328.6,323.4,323.1,328.7,332.4,332.8,324.4,317.9,317.1,320.9,325.8,326.8,412.1,405.8,402.1,403.6,400.6,402.2,405.3,415.3,420.3,422.4,422.5,420.3,412.0,410.3,410.2,408.3,406.8,409.0,411.3,411.5
60,0,3.723,0.98,1,16.6,107.1,415.4,0.039,0.151,-0.135,254.0,258.7,265.8,274.5,286.2,301.7,317.3,333.9,353.8,374.6,393.1,408.7,418.2,422.9,425.1,425.6,424.5,261.9,272.0,286.3,301.2,315.4,345.9,360.1,375.2,389.7,400.3,334.7,335.2,335.9,336.8,322.9,331.1,339.5,347.8,355.3,281.8,289.6,301.0,310.4,301.2,289.7,357.4,365.7,377.3,387.0,379.0,367.7,314.1,324.2,334.0,341.7,349.7,361.3,372.9,362.5,352.0,343.2,334.9,324.7,318.7,335.3,343.0,351.3,367.2,351.0,342.5,334.9,325.8,350.1,374.1,397.4,418.5,435.9,449.3,458.3,458.0,451.2,434.7,416.8,397.5,377.1,356.5,336.3,316.3,303.8,293.9,290.3,292.9,299.5,298.6,291.9,288.7,289.8,297.5,321.4,338.1,354.6,371.2,381.8,384.3,386.4,383.5,379.6,324.5,318.7,318.9,326.2,329.7,329.7,324.3,316.7,316.0,320.8,326.1,327.1,411.3,405.9,402.5,404.4,401.8,403.6,406.7,416.6,421.3,423.1,422.7,419.8,411.5,410.7,410.9,409.3,408.1,409.9,411.8,411.6
61,0,3.790,0.98,1,17.1,109.1,417.6,0.054,0.161,-0.140,254.8,259.4,266.6,275.8,288.1,304.2,319.3,335.0,354.2,374.6,393.1,408.9,418.6,423.4,425.5,426.2,425.6,263.0,273.2,287.1,301.6,315.3,346.6,361.2,376.0,390.5,401.3,335.1,335.3,335.7,336.3,322.5,330.8,339.2,347.8,355.5,282.7,290.9,301.8,310.9,301.8,290.7,357.9,366.4,377.6,387.4,379.0,368.0,314.7,324.6,334.2,341.8,349.7,361.1,372.9,362.2,351.8,343.2,335.0,325.0,319.1,335.5,343.0,351.3,367.3,350.7,342.4,334.9,324.7,349.6,374.4,398.6,420.3,437.8,450.9,459.2,458.7,451.7,435.4,417.4,398.3,377.9,356.9,336.0,315.1,306.0,296.4,293.0,295.3,301.3,299.4,292.9,289.6,290.6,298.0,323.7,340.0,355.9,372.1,383.0,385.4,387.4,384.5,380.7,328.5,323.9,323.9,329.7,333.3,333.5,326.6,320.2,319.6,323.1,328.4,329.4,413.2,407.8,404.3,406.1,403.3,405.0,407.7,418.0,422.9,424.8,424.6,421.9,413.6,412.4,412.5,410.7,409.3,411.5,413.5,413.5
62,0,3.856,0.98,1,17.4,113.1,424.2,0.066,0.145,-0.151,253.8,258.2,265.2,274.2,286.6,303.1,318.9,335.1,354.7,375.4,393.4,409.0,418.9,423.9,425.6,426.2,425.6,264.5,274.3,287.4,301.6,315.1,347.3,362.4,376.7,390.6,400.8,334.5,335.2,336.0,337.1,323.2,331.3,339.7,348.3,355.8,282.4,290.5,301.1,309.7,301.1,290.5,358.2,366.2,377.1,386.5,378.7,368.1,315.4,325.1,334.6,342.0,349.9,361.6,373.5,362.7,351.8,343.3,335.3,325.5,319.9,335.6,343.1,351.3,368.3,350.7,342.5,335.1,327.0,351.3,375.5,399.2,421.0,438.7,451.7,460.4,460.1,452.8,436.5,418.1,398.7,378.1,357.3,336.0,314.4,315.7,305.7,301.1,301.6,305.1,301.0,295.2,292.5,294.2,301.6,327.1,342.8,358.4,374.2,385.4,387.6,389.6,386.6,382.8,335.7,330.7,330.0,335.0,338.9,339.7,329.2,323.0,322.0,325.4,330.5,331.7,416.2,410.2,406.6,408.2,405.4,406.6,409.4,419.6,424.5,426.6,426.4,423.9,416.3,414.6,414.6,412.7,410.9,414.0,416.1,416.1
63,0,3.923,0.98,1,16.6,113.1,419.5,0.072,0.139,-0.155,251.9,256.5,263.7,273.1,285.8,302.6,318.6,334.9,354.6,375.3,393.5,408.9,418.9,424.1,425.7,426.0,425.2,263.0,272.1,285.6,300.3,314.5,345.9,360.9,375.6,390.2,400.8,333.5,334.3,335.1,336.2,322.4,330.6,339.0,347.6,355.1,281.3,289.5,300.0,308.9,300.2,289.7,357.5,365.8,376.6,386.1,378.1,367.5,314.9,324.4,333.9,341.3,349.2,361.0,372.9,362.1,351.3,342.7,334.7,324.9,319.3,334.9,342.4,350.6,367.7,350.1,341.8,334.4,328.0,352.4,376.3,399.8,421.8,439.6,453.0,461.9,461.6,454.1,437.4,418.8,399.2,378.5,357.5,336.1,314.2,318.6,308.3,303.5,304.4,308.4,304.2,297.9,294.5,295.9,303.3,328.9,344.7,360.3,376.3,386.9,389.2,391.2,388.2,384.3,336.9,332.2,331.3,335.9,339.7,340.7,330.2,324.2,323.3,326.3,331.4,332.5,417.4,412.1,408.7,410.4,407.5,408.9,411.2,421.7,426.7,428.7,428.5,425.5,417.7,416.4,416.6,414.7,412.8,415.9,418.0,417.9
64,0,3.990,0.98,1,15.0,112.5,416.4,0.076,0.149,-0.166,248.9,254.3,262.4,272.2,285.4,302.6,318.8,335.0,354.4,375.0,393.2,408.8,418.8,423.8,425.1,425.2,424.0,258.8,268.6,282.6,297.4,311.7,343.9,358.7,373.3,387.8,398.8,331.3,332.1,333.1,334.4,320.6,328.8,337.2,345.7,353.1,277.5,285.8,296.7,305.7,296.8,286.0,355.9,364.1,375.3,385.0,376.9,366.1,313.6,322.9,332.3,339.6,347.4,359.3,371.3,360.6,349.8,341.2,333.2,323.6,318.1,333.4,340.8,348.9,365.9,348.5,340.3,333.0,328.8,353.4,377.5,401.2,423.2,440.9,454.1,462.7,462.1,454.4,437.6,419.0,399.3,378.6,357.5,336.0,314.3,318.6,308.5,304.0,305.1,309.3,305.2,298.9,295.5,296.3,303.3,329.0,344.9,360.6,376.5,387.3,389.5,391.4,388.5,384.7,336.5,331.4,330.5,335.7,339.7,340.5,330.0,323.6,322.6,325.9,331.1,332.3,417.9,412.1,408.5,410.2,407.3,408.9,411.8,422.0,426.9,428.9,428.6,425.7,418.1,416.5,416.5,414.7,413.3,415.9,418.0,418.0
65,0,4.056,0.98,1,14.1,112.1,417.6,0.061,0.148,-0.164,247.8,253.5,261.5,271.0,284.0,301.1,317.4,333.8,353.1,373.6,391.5,407.2,417.4,422.5,423.9,424.0,422.9,257.1,266.4,280.4,295.5,310.1,343.0,358.6,373.7,388.5,399.2,330.1,331.0,332.0,333.3,319.1,327.4,335.9,344.5,351.9,276.1,284.3,295.1,304.0,295.2,284.5,354.8,362.8,374.0,383.6,375.5,364.8,312.4,321.6,331.0,338.3,346.1,358.1,369.9,359.5,348.7,340.2,332.1,322.4,317.0,332.1,339.6,347.7,364.5,347.5,339.3,331.9,329.2,353.7,377.7,401.1,422.9,440.4,453.4,462.4,462.1,454.3,437.5,419.0,399.3,378.6,357.3,335.9,314.4,318.6,307.9,303.1,304.1,308.2,304.4,298.2,295.0,296.3,303.8,328.4,344.2,359.8,375.7,386.1,388.4,390.3,387.2,383.3,335.4,330.1,329.3,334.6,338.5,339.2,329.0,322.5,321.6,325.0,330.0,331.2,416.9,410.7,407.1,408.8,406.0,407.3,410.5,420.6,425.5,427.4,427.2,424.4,416.9,414.9,415.0,413.2,411.9,414.6,416.8,416.8
66,0,4.123,0.98,1,12.5,112.3,419.3,0.050,0.146,-0.166,246.0,252.0,260.1,269.6,282.4,299.5,315.7,332.0,351.2,371.7,389.6,405.3,415.6,420.6,421.9,422.1,421.0,254.9,263.9,277.8,293.0,307.9,340.6,356.4,371.6,386.4,397.2,328.1,329.1,330.2,331.7,317.4,325.8,334.3,342.8,350.1,273.9,282.0,292.8,301.7,292.9,282.3,353.0,361.1,372.3,381.9,373.8,363.0,310.6,319.7,329.0,336.3,344.0,356.1,368.1,357.5,346.6,338.1,330.1,320.5,315.1,330.1,337.6,345.6,362.6,345.4,337.2,329.9,329.7,354.0,377.8,401.0,422.6,440.0,452.8,461.8,461.6,453.8,437.1,418.6,399.1,378.4,357.2,335.7,314.1,319.9,308.6,303.2,303.7,307.4,303.2,297.0,293.9,295.4,303.2,328.2,343.7,359.0,374.6,385.6,387.7,389.5,386.5,382.6,336.6,331.4,330.3,335.3,339.4,340.2,328.9,322.5,321.5,324.8,329.9,331.2,416.8,410.1,406.4,407.9,405.1,406.6,410.0,420.1,425.0,426.9,426.8,424.1,416.7,414.3,414.3,412.5,411.4,414.0,416.2,416.3
67,0,4.191,0.98,1,11.1,112.9,421.0,0.043,0.147,-0.171,244.7,250.9,259.1,268.7,281.6,298.6,314.6,330.5,349.6,370.1,388.1,403.8,414.0,418.8,420.0,420.2,419.3,253.7,262.4,276.0,291.1,305.9,338.9,354.1,368.6,383.0,393.9,326.4,327.4,328.6,330.0,315.6,324.0,332.6,341.2,348.5,272.4,280.7,291.1,299.7,291.1,280.9,351.7,360.0,370.9,380.3,372.1,361.6,308.9,318.0,327.3,334.6,342.5,354.3,366.2,355.6,344.8,336.2,328.2,318.6,313.4,328.4,335.9,344.0,360.8,343.6,335.4,328.0,330.7,355.0,378.5,401.6,423.2,440.6,453.3,462.0,461.7,453.7,436.9,418.4,398.8,378.0,356.8,335.2,313.7,320.8,309.4,303.8,304.1,307.7,303.2,297.3,294.2,295.2,302.4,328.4,343.8,359.0,374.6,385.3,387.4,389.3,386.2,382.3,337.8,333.2,331.9,335.9,340.0,341.0,329.1,323.7,322.9,325.4,330.2,331.4,416.7,409.9,406.2,407.7,404.8,406.4,409.9,419.8,424.7,426.8,426.7,424.1,416.6,414.1,414.1,412.3,411.2,413.7,415.9,416.1
68,0,4.257,0.98,1,11.3,112.0,422.1,0.007,0.139,-0.186,243.7,250.5,259.4,269.8,283.5,301.0,316.5,331.6,350.0,370.0,387.8,403.4,413.6,418.5,419.6,419.9,419.2,252.5,261.6,275.4,290.5,305.2,338.2,353.4,367.8,382.4,394.3,325.8,327.0,328.2,329.8,315.7,324.1,332.7,341.3,348.6,271.6,280.2,290.5,299.3,290.5,280.4,351.7,360.5,371.3,380.9,372.4,361.9,310.2,319.1,328.3,335.3,342.7,354.4,366.4,355.9,345.3,337.1,329.4,319.9,314.6,329.3,336.5,344.3,361.2,343.9,336.1,329.0,333.0,357.5,381.3,404.2,425.3,441.6,453.3,461.5,461.1,453.3,436.7,417.9,397.6,376.3,354.5,332.2,310.0,322.1,310.7,305.1,304.7,307.4,301.5,295.3,291.8,291.8,298.1,326.6,341.4,356.2,371.4,383.1,385.1,386.6,383.3,379.3,338.9,334.5,332.6,335.4,340.1,341.6,326.7,321.7,320.7,322.5,327.5,328.8,415.7,408.3,404.1,405.4,402.3,404.1,407.6,418.0,423.1,425.2,425.4,423.0,415.5,412.0,411.8,409.9,409.0,411.8,414.1,414.5
69,0,4.290,0.93,1,12.5,111.8,424.4,-0.035,0.137,-0.199,245.1,252.5,261.8,272.2,286.0,303.6,319.0,333.8,351.6,371.1,388.4,404.2,414.8,419.7,420.7,421.0,420.1,251.6,261.2,275.7,291.3,306.4,338.2,354.0,369.1,384.4,397.1,326.5,327.8,329.2,331.1,317.0,325.4,334.0,342.5,349.6,270.9,279.7,290.1,299.1,290.1,280.0,353.2,362.2,373.2,383.1,374.4,363.6,311.9,321.0,330.1,336.8,343.9,355.8,368.2,357.6,346.9,339.1,331.6,322.0,316.5,331.3,338.2,345.6,362.9,345.3,337.9,331.1,336.9,361.1,384.6,406.8,426.9,441.8,452.2,460.2,460.2,452.5,435.9,416.8,396.5,374.7,352.8,330.5,308.8,324.1,312.4,306.7,306.0,308.3,301.9,295.1,290.9,290.0,295.7,326.2,340.1,354.0,368.4,381.5,383.1,384.3,380.9,376.8,340.2,335.7,333.4,335.7,340.7,342.6,325.5,320.3,319.0,320.6,325.8,327.3,414.8,406.7,402.2,403.4,400.3,402.0,405.7,416.1,421.4,423.4,423.8,421.5,414.4,410.2,409.8,407.9,406.9,410.0,412.3,413.0
70,0,4.357,0.98,1,16.9,107.1,416.6,-0.103,0.112,-0.173,248.9,256.5,265.4,275.4,289.1,306.4,321.9,336.6,354.9,374.7,392.4,408.1,418.1,422.7,424.2,425.2,425.0,256.7,264.5,279.4,296.5,313.4,344.3,360.1,376.2,392.3,404.2,334.2,335.5,336.9,338.6,323.4,332.2,341.1,349.5,356.8,277.8,286.8,297.8,307.5,298.1,287.3,358.9,368.7,380.1,390.2,381.1,369.9,316.5,326.4,336.0,343.0,350.3,361.7,373.3,362.7,352.2,344.3,336.5,326.7,320.9,337.0,344.1,351.7,367.9,351.2,343.5,336.5,337.1,361.9,385.3,407.4,426.3,440.3,450.4,457.9,457.7,450.4,434.2,415.6,395.1,373.5,352.0,330.8,309.9,321.0,306.9,298.8,297.6,300.7,296.5,290.4,287.3,288.4,296.8,321.1,335.5,349.6,364.2,377.9,379.4,380.8,377.6,373.8,334.7,329.5,327.5,330.7,335.5,337.4,323.4,317.7,317.0,319.6,324.6,325.7,410.8,403.5,399.0,400.4,397.5,399.9,403.5,413.5,418.3,420.2,420.3,417.7,410.4,406.8,406.8,405.1,404.6,406.6,408.7,409.0
71,0,4.424,0.98,1,23.5,109.6,427.3,-0.071,0.113,-0.133,259.1,264.8,271.7,279.9,291.5,307.0,322.3,338.6,358.5,379.3,397.5,412.8,422.3,426.9,428.9,430.6,431.2,269.1,275.9,290.3,307.2,323.7,354.3,369.5,384.9,400.3,411.0,343.1,343.9,344.8,345.9,330.8,339.4,348.1,356.6,364.0,290.7,299.5,309.7,318.6,310.0,299.9,366.7,375.8,386.4,395.4,387.0,376.6,322.3,332.6,342.7,350.1,357.7,368.8,379.7,369.7,359.5,351.2,343.2,333.0,326.9,343.5,351.0,358.9,374.5,358.4,350.4,343.0,335.7,358.8,380.5,401.3,420.1,435.5,447.8,456.8,457.2,450.0,433.7,415.5,395.8,375.1,354.5,334.4,314.4,316.2,303.1,296.3,296.9,301.6,299.4,293.0,290.0,291.5,299.7,321.5,336.3,350.8,365.8,377.3,379.6,381.5,378.2,374.4,329.6,325.3,324.1,327.5,331.3,332.5,323.4,318.9,318.7,321.4,325.5,326.1,408.8,403.0,399.7,401.4,398.7,400.6,403.7,413.5,418.0,419.8,419.6,416.8,408.7,407.2,407.5,406.0,404.8,406.5,408.5,408.3
72,0,4.490,0.98,1,26.8,111.1,430.4,-0.026,0.096,-0.105,264.2,268.1,273.3,279.8,289.9,304.8,321.1,339.4,360.4,381.6,399.5,414.9,425.2,430.2,432.2,433.3,433.3,275.3,282.4,296.8,313.4,329.6,359.7,375.0,390.2,404.8,414.5,347.6,348.5,349.4,350.6,334.8,343.4,352.0,360.5,368.0,295.1,303.5,313.6,322.5,314.0,304.0,371.1,379.9,390.3,398.8,390.8,380.8,325.0,335.8,346.3,353.7,361.4,372.6,383.4,373.6,363.3,355.0,347.0,336.4,329.9,346.9,354.5,362.4,378.3,362.1,354.2,346.7,331.2,352.8,373.4,393.9,413.7,431.1,445.4,456.6,458.1,450.8,434.3,416.4,397.3,377.1,356.8,337.0,317.3,314.9,302.9,297.0,298.2,303.2,301.4,295.0,292.4,294.6,302.9,323.9,338.6,353.1,368.1,378.9,381.4,383.5,380.3,376.5,329.8,325.5,324.6,328.4,332.0,332.8,324.9,320.3,320.1,323.1,327.0,327.4,409.8,404.6,401.6,403.3,400.7,402.0,404.9,414.8,419.4,421.1,421.0,418.2,409.8,409.1,409.4,407.8,406.0,408.4,410.3,410.1
73,0,4.557,0.98,1,26.2,111.2,429.1,0.000,0.092,-0.092,263.4,266.8,271.6,277.9,287.7,302.5,319.1,338.0,359.4,380.8,398.9,414.3,424.8,430.1,432.1,433.2,433.4,275.5,282.9,297.3,313.7,329.6,360.1,375.5,390.6,404.9,414.4,347.3,348.1,349.0,350.0,334.3,342.8,351.4,359.9,367.4,294.8,303.1,313.3,322.2,313.6,303.6,371.0,379.7,390.2,398.7,390.8,380.7,324.3,335.1,345.5,353.0,360.7,371.9,382.8,372.9,362.6,354.2,346.2,335.7,329.3,346.1,353.7,361.6,377.7,361.4,353.4,345.9,326.8,348.4,369.1,389.9,410.6,429.0,444.3,456.5,458.3,451.3,435.2,417.6,398.8,378.9,358.7,338.7,318.6,314.3,302.7,297.4,298.7,303.8,302.0,295.9,293.4,295.8,304.0,324.9,339.7,354.3,369.4,379.7,382.3,384.5,381.4,377.6,330.1,325.7,325.0,328.9,332.5,333.2,325.8,321.0,320.9,324.0,327.9,328.4,410.4,405.4,402.5,404.2,401.6,402.9,405.7,415.4,420.1,421.8,421.6,418.9,410.4,410.0,410.2,408.7,406.9,409.3,411.1,411.0
74,0,4.624,0.98,1,23.3,106.6,424.2,-0.038,0.092,-0.085,260.7,263.7,268.4,274.6,284.3,299.0,315.7,334.9,356.6,377.8,395.8,411.2,422.1,427.6,429.9,431.1,431.4,272.5,280.0,294.0,310.0,325.4,357.5,373.1,388.2,402.4,412.0,343.7,344.5,345.4,346.4,331.0,339.5,348.0,356.5,364.0,291.4,299.6,310.1,319.2,310.5,300.2,367.7,376.4,387.1,395.8,387.9,377.6,321.1,331.8,342.1,349.7,357.4,368.9,380.0,370.1,359.6,351.2,343.2,332.6,326.2,342.8,350.4,358.4,374.8,358.2,350.2,342.7,323.8,345.6,366.6,387.7,408.4,427.0,442.5,454.6,456.6,450.0,434.8,417.7,398.9,378.7,357.8,337.0,316.2,309.3,297.6,292.0,292.9,297.4,295.4,289.5,287.4,290.3,298.9,319.5,334.2,348.8,363.8,375.4,377.8,379.8,376.7,373.1,325.9,321.1,320.3,324.4,328.2,329.0,321.3,316.1,316.0,319.4,323.4,323.9,407.2,401.6,398.2,399.9,397.3,399.0,402.4,412.1,416.6,418.2,418.1,415.5,407.2,406.1,406.2,404.7,403.5,405.5,407.3,407.1
75,0,4.690,0.77,1,21.4,99.0,422.6,0.014,0.080,-0.083,259.0,261.7,266.6,272.8,282.1,295.7,313.1,331.5,353.6,375.8,393.6,408.1,419.2,425.3,427.9,428.3,427.1,271.3,280.4,294.0,308.0,321.7,358.9,373.5,387.1,400.3,409.4,341.5,342.4,343.3,344.4,328.3,336.1,345.1,354.0,361.6,289.8,297.6,307.6,316.5,308.1,298.1,365.4,373.4,383.3,391.7,384.1,374.8,317.3,329.4,340.7,347.6,355.6,367.0,378.7,368.0,357.2,348.7,341.1,329.9,321.8,341.1,348.1,356.4,374.5,356.2,348.0,341.1,317.6,338.6,359.4,379.5,399.1,416.8,431.6,443.2,445.4,439.4,424.2,407.9,389.7,371.1,351.9,332.2,311.3,304.0,297.5,294.7,296.6,300.3,297.2,292.1,289.1,290.3,295.9,309.2,328.3,347.5,366.7,369.0,373.3,376.2,372.1,366.9,309.8,303.6,303.1,308.9,311.0,311.8,306.1,298.9,298.5,303.4,306.3,306.5,392.3,392.6,392.6,394.1,391.5,390.1,388.2,398.5,403.9,405.7,405.1,401.5,393.4,396.7,397.1,395.1,390.3,394.3,396.4,395.8
76,0,4.724,0.77,1,20.5,90.8,417.1,0.024,0.067,-0.079,258.8,261.3,265.7,271.5,280.1,292.8,310.6,329.1,352.0,375.1,393.0,407.4,418.4,424.7,427.5,427.7,426.3,270.4,279.3,292.7,306.5,320.3,358.8,373.3,386.9,400.0,408.6,340.9,342.0,343.0,344.2,327.5,335.4,344.6,353.8,361.5,289.8,297.2,306.9,315.9,307.6,298.0,364.3,372.2,381.7,390.0,382.4,373.5,315.2,328.4,340.4,347.3,355.8,367.1,379.2,368.1,357.2,348.4,340.6,328.9,319.5,340.7,347.8,356.5,375.5,356.3,347.7,340.7,312.5,332.7,352.8,372.0,390.6,407.5,422.1,434.0,436.5,430.7,415.3,399.5,381.8,364.0,345.7,326.8,306.4,294.7,289.3,286.7,288.8,292.8,289.4,284.1,280.9,282.3,287.4,299.8,320.9,342.0,362.8,362.0,367.1,370.5,365.9,360.1,298.9,292.7,292.2,298.1,299.5,300.5,295.6,288.0,287.8,292.8,295.2,295.2,381.7,384.9,386.7,388.1,385.4,382.4,377.5,388.3,394.4,396.5,395.7,391.6,383.3,389.1,389.7,387.3,380.1,385.6,388.0,387.1
77,0,4.790,0.98,1,19.4,66.2,423.9,-0.436,0.091,-0.061,260.2,261.4,264.5,269.5,277.6,290.6,306.7,327.1,350.7,374.2,393.9,409.6,419.0,422.9,424.1,424.2,423.4,274.2,282.9,296.7,311.7,325.3,349.9,363.2,377.4,390.9,401.0,339.4,340.1,340.8,341.6,327.3,335.5,343.5,351.5,358.7,290.7,298.6,308.1,317.0,308.4,299.1,361.5,370.3,379.9,388.1,380.4,371.1,317.1,327.3,337.8,345.0,352.4,363.7,374.9,365.1,355.0,346.9,339.3,328.5,322.2,338.6,345.8,353.4,369.6,353.6,345.9,338.7,305.9,325.7,345.9,365.7,382.9,396.3,405.6,411.6,412.6,409.0,399.0,386.1,369.4,349.8,329.5,310.2,292.1,267.3,254.8,247.9,247.4,252.1,249.6,243.9,243.1,246.5,255.3,270.5,279.6,288.5,298.2,319.1,320.2,321.0,318.7,316.5,284.9,278.9,277.6,280.5,283.9,285.3,277.7,273.4,273.6,277.6,279.4,279.4,354.8,341.7,336.0,337.3,335.3,339.7,350.2,355.5,357.5,358.3,358.5,357.9,353.2,345.7,345.3,344.6,349.5,347.4,348.1,348.3
78,0,4.890,0.82,1,18.5,61.2,431.6,-0.451,0.085,-0.069,260.1,262.0,265.6,270.9,278.7,290.9,306.2,325.7,349.1,372.4,391.7,406.6,415.3,419.1,420.4,420.3,419.1,274.1,282.5,296.7,312.5,326.6,344.8,358.1,373.1,387.4,397.1,337.9,338.7,339.5,340.5,326.0,334.0,342.1,350.4,357.6,291.4,298.8,307.6,316.0,308.3,299.5,358.7,366.4,375.3,383.0,375.7,367.2,315.9,326.2,336.6,344.0,351.8,363.0,373.8,364.4,354.2,345.8,337.9,327.3,320.7,337.3,344.6,352.7,368.9,353.0,344.9,337.5,305.2,324.3,343.6,362.2,376.6,387.1,393.0,396.3,396.4,393.7,386.3,375.7,361.2,344.3,325.4,306.9,289.9,262.8,249.1,241.5,240.4,245.4,244.5,237.7,237.2,241.4,251.6,261.3,270.8,280.0,289.9,310.8,311.7,312.4,310.4,308.0,275.1,268.9,267.6,271.4,273.8,275.0,268.3,263.4,263.6,268.6,269.6,269.5,348.6,336.7,331.6,332.7,331.0,335.1,344.4,349.2,351.2,351.6,351.8,351.3,346.9,339.4,338.9,338.4,344.0,342.2,342.8,343.0
79,0,4.957,0.88,1,17.8,58.6,438.5,-0.541,0.086,-0.069,260.9,262.5,265.8,270.7,277.9,289.6,304.6,324.0,347.7,371.6,391.2,406.1,414.6,417.9,418.9,418.3,416.9,274.3,282.7,296.5,312.0,325.8,342.8,355.9,370.7,384.7,394.4,336.4,337.0,337.7,338.4,325.7,333.2,340.6,348.4,355.2,291.5,298.5,306.9,315.1,307.7,299.5,357.1,364.4,372.9,380.5,373.3,365.1,316.0,326.1,336.4,343.1,350.2,361.3,372.3,362.9,352.8,345.1,338.0,327.3,320.5,337.0,343.6,350.9,367.7,351.6,344.2,337.6,307.9,325.6,343.4,360.8,373.3,381.9,385.4,386.9,386.5,384.4,379.4,370.8,357.8,342.1,324.4,307.3,291.9,263.3,249.8,242.1,240.0,244.1,243.6,237.5,237.8,242.1,251.9,257.6,264.1,270.2,277.0,302.3,302.7,302.8,301.4,299.4,274.5,268.2,266.7,270.2,272.2,273.5,266.5,262.1,262.4,267.6,267.9,267.6,343.0,330.7,325.5,326.5,325.3,329.6,339.3,343.2,344.9,345.0,345.1,345.0,341.0,331.6,331.2,331.2,338.8,337.5,337.8,337.9
80,0,5.024,0.93,1,17.4,56.2,449.2,-0.652,0.100,-0.066,262.0,263.4,266.3,270.8,277.9,289.3,304.6,324.0,347.3,370.7,390.4,405.5,413.9,417.0,417.5,416.7,415.2,274.8,283.0,296.6,311.4,324.4,342.5,354.6,368.7,382.0,391.7,335.4,335.9,336.5,337.1,324.6,332.0,339.4,346.7,353.3,291.4,298.6,306.9,315.2,307.4,299.3,355.5,363.3,371.6,379.2,372.0,363.9,315.1,323.8,334.0,341.3,349.1,360.0,370.4,362.0,352.5,344.0,336.4,325.5,319.6,334.9,341.9,349.9,365.6,351.4,343.1,335.9,311.0,327.6,344.3,360.7,372.9,380.4,383.1,383.1,383.0,381.3,376.6,368.5,356.3,341.1,324.0,308.0,293.4,265.5,252.2,244.5,242.1,246.2,244.3,238.5,239.1,243.5,252.7,258.5,263.1,267.6,272.7,296.3,296.3,296.1,294.4,293.1,275.5,269.2,267.8,270.8,272.7,273.9,267.8,263.5,263.7,268.2,268.3,268.0,330.5,315.5,309.9,310.6,309.6,314.0,325.8,331.0,333.6,334.2,334.2,333.2,328.5,316.7,316.1,316.2,325.1,326.9,327.4,327.6
81,0,5.090,0.93,1,16.8,55.6,450.2,-0.670,0.111,-0.063,262.3,263.8,266.9,271.2,278.0,289.2,304.1,323.3,346.7,370.3,390.5,405.7,413.8,416.1,416.6,416.1,414.7,274.9,283.2,296.4,310.8,323.8,341.9,353.9,367.7,381.1,391.1,335.0,335.4,335.9,336.4,324.5,331.7,338.8,345.8,352.2,291.5,298.6,307.1,315.5,307.6,299.2,354.5,362.7,371.2,378.9,371.5,363.1,315.2,323.9,333.7,340.0,346.7,357.0,367.8,358.5,349.5,342.2,335.5,325.3,319.9,334.7,340.8,347.8,362.6,348.3,341.2,335.0,312.6,328.8,345.2,361.1,373.3,380.8,383.0,381.8,381.4,379.5,375.3,367.4,355.7,340.5,324.0,308.3,294.2,266.2,253.3,245.4,243.2,246.9,244.8,239.9,240.5,244.6,253.0,258.8,263.3,267.5,272.4,296.4,296.2,295.9,294.4,293.4,276.2,269.7,268.1,270.9,273.1,274.6,268.8,264.4,264.7,269.1,269.4,269.1,328.7,313.2,307.1,308.2,307.0,311.7,323.9,325.8,326.8,327.2,327.5,327.9,326.2,315.9,315.2,315.4,322.7,318.8,318.9,319.3
82,0,5.157,0.98,1,16.7,56.3,452.7,-0.672,0.119,-0.061,262.8,264.2,267.2,271.6,278.3,289.2,303.9,322.8,346.1,369.8,390.2,405.6,413.6,415.9,416.3,415.8,414.4,275.7,283.9,296.9,311.1,323.9,342.0,353.7,367.1,380.2,390.1,335.2,335.4,335.8,336.2,324.4,331.6,338.6,345.6,351.9,292.0,299.1,307.4,315.7,307.9,299.6,354.6,362.6,371.0,378.7,371.3,363.0,314.8,323.4,333.2,339.6,346.1,356.5,367.3,357.9,348.7,341.5,334.9,324.7,319.4,334.3,340.4,347.2,362.2,347.7,340.7,334.5,313.3,329.4,345.8,361.5,373.6,380.9,383.0,381.8,381.4,379.5,375.1,367.2,355.2,339.9,323.3,307.9,294.0,266.0,253.5,245.8,243.7,247.5,245.7,240.8,241.2,244.7,252.3,259.5,263.9,268.2,273.0,296.9,296.7,296.4,295.0,293.9,276.5,270.1,268.5,271.3,273.5,275.0,269.4,265.0,265.4,269.7,270.0,269.8,329.1,313.6,307.4,308.5,307.4,312.1,324.5,326.5,327.5,327.8,328.1,328.5,326.7,316.3,315.6,315.9,323.3,319.5,319.5,319.9
83,0,5.224,0.98,1,17.0,58.6,453.3,-0.642,0.121,-0.055,263.2,264.7,267.8,272.1,278.8,289.6,304.0,322.7,345.7,369.2,389.6,405.0,413.3,415.8,416.3,416.1,415.0,275.5,283.9,297.2,311.8,324.8,342.5,355.0,369.2,382.9,392.9,335.5,335.8,336.1,336.4,324.2,331.5,338.5,345.7,352.2,292.1,299.3,307.7,316.0,308.2,299.8,355.2,363.3,371.8,379.5,372.1,363.6,314.7,323.4,333.1,339.5,346.2,356.6,367.4,357.9,348.6,341.3,334.6,324.6,319.3,334.1,340.2,347.2,362.2,347.6,340.5,334.3,312.9,329.4,346.0,361.9,374.3,382.4,385.6,385.5,385.4,383.4,378.4,369.6,357.0,341.0,324.1,308.1,293.6,268.1,254.9,247.0,245.1,248.9,246.9,242.0,242.5,246.9,256.0,261.3,266.3,271.1,276.6,299.6,299.7,299.6,298.2,297.0,278.1,272.0,270.4,273.1,275.4,276.9,270.9,266.7,267.1,271.4,271.8,271.5,332.6,317.5,311.4,312.5,311.3,316.0,328.0,330.3,331.4,331.7,332.0,332.4,330.3,320.1,319.5,319.6,326.9,323.1,323.2,323.6
84,0,5.290,0.98,1,17.5,62.3,452.8,-0.590,0.127,-0.056,263.9,265.4,268.6,273.0,279.8,290.8,304.9,323.3,346.1,369.5,389.9,405.5,413.9,416.6,417.2,417.2,416.3,276.2,284.4,297.4,311.6,324.5,343.9,356.1,369.7,383.0,392.9,336.2,336.4,336.7,337.0,324.7,332.1,339.2,346.5,353.0,292.4,299.6,308.1,316.4,308.5,300.1,356.3,364.4,373.1,380.8,373.3,364.8,315.1,323.8,333.7,340.0,346.6,357.2,368.3,358.5,349.0,341.7,335.0,324.9,319.8,334.6,340.8,347.7,363.1,348.0,340.9,334.7,312.1,329.3,346.6,363.2,376.7,385.9,390.5,391.9,392.2,389.7,383.5,373.7,359.9,343.1,325.5,309.0,294.1,269.1,256.5,249.0,247.5,251.5,249.7,244.6,244.5,247.7,255.7,265.0,271.0,276.9,283.3,305.5,305.8,305.9,304.2,302.7,281.0,275.0,273.5,276.0,278.6,280.1,273.8,269.7,270.0,274.0,274.8,274.7,338.8,324.2,318.1,319.3,317.8,322.5,334.2,337.3,338.5,338.9,339.2,339.4,336.7,327.2,326.6,326.5,333.3,329.7,330.0,330.3
85,0,5.357,0.98,1,19.3,70.5,454.7,-0.488,0.131,-0.062,264.8,266.5,269.7,274.3,281.3,292.5,306.5,324.8,347.7,371.4,391.9,407.5,415.5,417.8,418.4,418.8,418.6,277.7,285.9,298.9,313.3,326.6,346.5,358.5,371.8,384.8,394.8,338.4,338.5,338.6,338.8,326.2,333.7,341.1,348.5,355.3,293.8,301.3,309.8,317.9,310.0,301.7,359.4,367.6,376.3,383.9,376.4,367.9,316.0,325.0,335.1,341.8,348.8,359.6,370.7,360.8,351.0,343.3,336.2,326.0,320.7,336.0,342.6,349.8,365.4,350.0,342.6,335.9,312.5,330.5,348.8,366.4,381.5,392.6,399.5,403.4,404.0,400.3,391.1,378.7,362.7,344.6,326.6,310.5,295.7,273.2,260.8,253.7,253.1,257.8,256.5,250.7,249.6,251.6,258.5,273.1,280.6,287.9,295.8,316.8,317.7,318.3,316.3,314.3,287.5,282.2,280.9,283.1,286.0,287.3,280.7,277.1,277.3,280.8,282.2,282.1,351.0,337.6,331.8,333.1,331.5,335.8,346.5,351.0,352.9,353.5,353.8,353.6,349.2,341.2,340.8,340.5,345.8,343.2,343.8,344.1
86,0,5.424,0.98,1,21.0,85.8,453.9,-0.315,0.100,-0.054,265.0,266.4,269.5,274.4,282.2,294.6,309.4,328.0,349.6,371.1,389.6,404.6,414.1,418.4,420.1,421.1,421.2,278.1,286.1,299.2,313.5,326.7,350.7,363.8,377.3,390.5,400.4,340.3,340.7,341.2,341.6,327.5,335.4,343.3,351.2,358.4,293.9,301.7,310.6,319.0,310.9,302.2,361.8,370.3,379.3,387.2,379.7,370.8,317.7,327.2,337.1,344.3,351.6,362.5,373.2,363.6,353.7,345.7,338.2,328.1,322.6,337.8,344.9,352.4,368.1,352.5,344.9,337.8,311.8,331.3,351.1,370.5,388.1,402.9,413.9,421.8,423.5,419.5,408.9,395.5,378.9,359.9,340.0,320.8,302.6,283.7,271.9,265.9,266.2,270.9,268.9,263.3,261.9,264.4,272.6,289.6,300.0,310.1,320.9,337.5,339.1,340.4,338.0,335.4,300.8,296.3,295.3,297.6,300.8,301.9,295.0,291.6,291.8,294.8,297.0,297.1,371.1,360.5,355.6,357.0,354.9,358.8,367.3,373.9,376.6,377.5,377.6,376.4,370.1,364.5,364.4,363.5,367.0,366.2,367.2,367.3
87,0,5.523,0.98,1,23.9,112.5,453.1,-0.066,0.059,-0.066,263.5,265.9,269.8,275.3,284.1,297.8,313.7,332.5,353.4,373.3,390.3,404.6,415.0,420.4,422.7,424.2,425.0,276.1,283.7,297.5,313.1,327.8,355.5,369.9,384.0,397.6,407.3,343.4,344.3,345.2,346.2,330.9,339.2,347.4,355.6,362.9,294.0,302.1,311.5,320.3,312.0,302.7,365.8,374.2,383.8,392.0,384.4,375.0,321.4,331.8,341.7,349.0,356.3,367.2,377.6,368.4,358.7,350.7,343.1,332.8,326.6,342.3,349.6,357.1,372.7,357.2,349.6,342.4,323.7,343.7,363.4,383.0,402.5,420.1,434.7,446.4,448.8,443.4,430.3,415.5,398.9,380.6,361.1,341.3,321.6,311.5,300.3,295.4,296.6,301.4,299.3,293.0,290.6,292.6,300.4,321.5,334.8,347.9,361.5,372.4,374.7,376.6,373.6,370.0,327.9,324.2,323.3,326.0,329.5,330.3,322.9,318.9,318.7,321.1,324.6,325.0,403.1,397.1,393.6,395.0,392.6,394.4,398.3,407.3,411.6,413.3,413.3,411.1,402.9,401.3,401.3,399.8,399.2,400.9,402.6,402.7
88,0,5.624,0.98,1,23.9,123.2,451.9,0.083,0.058,-0.083,262.8,264.8,268.4,274.0,282.8,296.9,313.3,332.8,354.1,374.6,391.8,406.3,416.5,421.9,424.0,425.2,425.5,276.5,285.3,298.1,312.1,325.6,357.2,370.8,383.3,395.5,405.7,343.2,344.2,345.2,346.2,331.5,339.5,347.6,355.5,362.6,293.3,301.4,311.0,319.6,311.3,302.0,366.3,374.7,384.4,392.5,385.0,375.7,321.5,332.2,342.0,349.3,356.6,367.3,377.5,368.4,358.7,350.7,343.1,332.9,326.6,342.5,349.8,357.4,372.8,357.2,349.7,342.4,331.2,350.5,369.1,388.3,408.5,427.6,443.9,456.9,459.0,452.3,437.4,420.5,402.7,383.8,364.5,344.8,324.9,319.8,311.9,309.2,311.0,315.1,312.6,306.8,304.0,304.5,309.5,335.5,349.3,363.0,377.2,386.6,389.1,391.1,388.2,384.7,340.3,337.2,336.4,339.1,342.8,343.5,335.5,331.9,331.5,333.2,337.4,338.0,416.2,411.8,408.7,410.2,407.6,408.7,411.0,420.7,425.3,427.2,427.2,424.9,416.6,416.1,416.1,414.6,412.4,415.1,416.8,416.9
89,0,5.696,0.98,1,23.3,124.1,449.6,0.067,0.057,-0.087,261.5,263.7,267.5,273.4,282.8,297.4,314.3,333.5,354.5,374.6,391.3,405.5,415.9,421.4,423.6,424.7,424.9,275.2,283.0,296.2,310.9,325.1,356.2,370.3,383.8,396.6,406.0,342.5,343.5,344.5,345.6,330.4,338.6,346.9,355.0,362.3,292.2,300.2,309.9,318.5,310.3,300.9,365.6,374.0,383.7,391.9,384.4,375.0,321.0,331.5,341.3,348.6,356.0,366.9,377.1,368.1,358.3,350.3,342.5,332.4,326.0,341.9,349.3,356.9,372.4,356.8,349.2,341.8,334.1,353.4,372.0,391.2,411.1,429.9,445.9,458.4,460.3,453.2,438.0,421.5,404.0,385.6,366.5,347.1,327.5,323.9,314.7,310.8,312.4,316.7,314.1,308.2,305.6,307.3,313.8,337.0,351.4,365.6,380.3,388.8,391.3,393.4,390.3,386.6,341.6,338.1,337.3,340.4,343.9,344.6,336.8,332.7,332.4,334.4,338.4,339.0,417.5,413.4,410.5,411.9,409.3,410.1,412.0,421.9,426.7,428.7,428.7,426.1,417.8,417.6,417.6,416.0,413.5,416.6,418.4,418.4
90,0,5.763,0.98,1,21.9,124.0,449.4,0.052,0.060,-0.090,260.0,262.3,266.3,272.4,282.1,296.7,313.6,332.8,353.7,373.8,390.4,404.5,414.7,420.1,422.4,423.4,423.6,273.6,281.4,294.3,308.9,322.9,354.6,368.7,382.0,394.7,404.0,340.7,341.7,342.7,343.8,328.7,336.9,345.3,353.4,360.7,290.5,298.4,308.0,316.6,308.5,299.1,363.9,372.2,381.9,390.1,382.6,373.2,319.6,329.9,339.7,347.0,354.4,365.4,375.7,366.6,356.8,348.8,341.0,331.0,324.6,340.4,347.7,355.4,371.0,355.3,347.7,340.3,335.0,354.3,372.8,392.0,411.9,430.6,446.4,458.7,460.5,453.3,438.1,421.8,404.4,386.4,367.6,348.5,329.1,323.9,314.7,310.7,312.2,316.5,313.7,307.8,305.1,306.8,313.3,336.7,351.1,365.4,380.1,388.8,391.2,393.3,390.2,386.4,341.4,337.7,337.0,340.1,343.6,344.3,336.4,332.1,331.7,333.9,337.8,338.5,417.7,413.4,410.4,411.8,409.2,410.0,412.0,421.7,426.6,428.6,428.6,426.1,417.9,417.6,417.6,415.9,413.5,416.4,418.3,418.3
91,0,5.829,0.98,1,20.4,123.4,448.2,0.031,0.065,-0.090,258.3,260.8,265.0,271.3,281.1,295.8,312.6,331.5,352.3,372.4,389.0,403.1,413.4,418.8,421.1,422.3,422.6,271.2,278.9,292.1,306.9,321.2,352.9,367.2,380.9,393.9,403.1,338.9,339.9,340.8,341.9,326.8,335.0,343.4,351.6,358.9,288.4,296.4,306.0,314.6,306.4,297.0,362.4,370.7,380.5,388.8,381.2,371.7,317.7,328.0,337.8,345.1,352.5,363.6,374.1,364.8,354.9,346.9,339.2,329.1,322.7,338.6,345.9,353.5,369.3,353.5,345.8,338.6,335.5,354.9,373.7,393.0,412.8,431.3,446.8,458.9,460.6,453.4,438.1,421.9,404.8,387.1,368.5,349.6,330.5,323.6,314.1,309.8,311.2,315.7,313.0,306.9,304.3,306.1,312.8,336.0,350.4,364.7,379.4,388.3,390.7,392.8,389.7,385.9,340.8,337.0,336.2,339.5,342.9,343.6,335.7,331.3,330.9,333.3,337.2,337.8,417.2,412.9,409.9,411.3,408.7,409.5,411.6,421.2,426.1,428.1,428.1,425.6,417.4,417.1,417.1,415.4,413.0,415.8,417.8,417.9
92,0,5.896,0.98,1,18.9,122.9,447.9,0.006,0.067,-0.089,256.6,259.4,263.8,270.2,280.0,294.7,311.5,330.2,351.0,371.0,387.5,401.6,411.8,417.2,419.6,420.9,421.4,269.1,276.7,289.9,304.9,319.4,351.0,365.6,379.5,392.7,402.0,337.2,338.1,339.0,340.1,325.1,333.3,341.7,349.9,357.2,286.7,294.7,304.3,313.0,304.8,295.3,360.6,368.9,378.8,387.1,379.5,369.9,316.1,326.3,336.2,343.4,350.8,361.9,372.6,363.2,353.3,345.3,337.6,327.5,321.1,337.0,344.3,351.9,367.7,351.8,344.2,337.0,335.7,355.3,374.2,393.6,413.4,431.6,446.9,458.8,460.5,453.4,438.2,422.4,405.6,388.0,369.6,350.8,331.9,323.6,313.6,309.1,310.3,314.7,312.1,306.1,303.6,305.6,312.6,335.2,349.5,363.7,378.3,387.6,389.9,391.9,388.8,385.0,340.3,336.3,335.5,338.8,342.3,343.1,335.1,330.6,330.3,332.8,336.6,337.2,416.8,412.2,409.2,410.5,408.0,408.9,411.1,420.6,425.4,427.5,427.5,425.1,416.9,416.4,416.4,414.7,412.5,415.0,417.1,417.2
93,0,5.963,0.98,1,17.6,121.3,445.3,-0.015,0.066,-0.084,255.0,257.9,262.4,268.8,278.7,293.3,310.0,328.6,349.5,369.4,386.0,400.1,410.3,415.7,418.2,419.8,420.5,267.3,274.8,288.2,303.5,318.4,349.5,364.6,379.2,392.8,402.0,335.8,336.7,337.5,338.5,323.4,331.8,340.1,348.4,355.7,285.4,293.4,303.2,312.0,303.7,294.0,359.1,367.5,377.6,386.0,378.3,368.6,314.6,324.8,334.6,341.8,349.2,360.4,371.1,361.6,351.7,343.7,336.1,325.9,319.5,335.5,342.7,350.2,366.2,350.2,342.6,335.5,334.6,354.6,374.0,393.7,413.4,431.5,446.8,458.6,460.3,453.4,438.5,422.7,405.9,388.2,369.6,350.6,331.5,323.0,312.5,307.6,308.6,313.2,310.7,304.6,302.2,304.7,312.4,333.7,348.0,362.2,376.7,386.4,388.7,390.7,387.6,383.8,339.0,334.9,334.0,337.5,341.0,341.8,334.0,329.3,329.1,331.8,335.6,336.2,415.9,411.2,408.1,409.5,407.0,408.0,410.4,419.8,424.5,426.5,426.5,424.1,415.9,415.3,415.3,413.6,411.6,414.1,416.1,416.1
94,0,6.030,0.98,1,16.5,120.7,446.1,-0.019,0.066,-0.082,254.3,257.1,261.7,268.0,277.9,292.5,308.9,327.3,347.9,367.8,384.4,398.6,408.9,414.4,416.9,418.5,419.3,266.4,274.1,287.4,302.6,317.3,348.3,363.3,377.6,391.1,400.5,334.7,335.5,336.3,337.2,322.2,330.5,338.8,347.1,354.5,284.3,292.4,302.1,310.9,302.6,293.0,357.9,366.4,376.4,384.8,377.0,367.4,313.2,323.4,333.3,340.6,348.0,359.2,370.1,360.5,350.5,342.4,334.7,324.5,318.1,334.1,341.5,349.1,365.1,349.1,341.4,334.1,333.0,353.2,372.9,392.9,412.9,431.1,446.1,457.8,459.5,452.9,438.2,422.6,405.8,388.0,369.3,350.2,331.0,321.7,311.3,306.5,307.5,312.0,309.5,303.6,301.2,303.5,310.9,332.5,346.7,360.8,375.4,385.2,387.5,389.5,386.5,382.7,338.0,333.9,333.1,336.5,340.0,340.8,333.0,328.4,328.1,330.8,334.6,335.1,414.9,410.1,407.0,408.4,405.8,406.9,409.4,418.7,423.5,425.4,425.5,423.1,414.9,414.3,414.3,412.6,410.7,412.9,414.9,415.0
95,0,6.096,0.98,1,16.0,121.0,447.2,-0.025,0.067,-0.084,253.7,256.5,260.8,267.0,276.9,291.7,308.1,326.7,347.6,367.6,384.4,398.7,408.9,414.1,416.4,418.1,419.1,265.7,273.1,286.5,301.9,316.9,347.3,362.4,376.8,390.5,400.2,334.0,334.7,335.5,336.4,321.1,329.6,338.2,346.6,354.1,283.1,291.4,301.0,309.8,301.4,292.0,357.7,366.7,376.6,385.1,377.1,367.4,312.3,322.6,332.4,339.7,347.2,358.5,369.6,359.7,349.6,341.5,333.8,323.7,317.3,333.2,340.6,348.3,364.5,348.2,340.5,333.2,333.0,353.1,372.5,392.4,412.2,430.4,445.6,457.6,459.3,452.3,437.5,421.7,404.8,386.8,368.1,349.1,330.1,322.3,311.4,306.3,307.3,311.8,309.5,303.6,301.2,303.4,310.9,333.7,347.2,360.6,374.5,384.9,387.2,389.2,386.0,382.3,340.2,336.8,335.8,338.3,342.1,343.0,334.8,331.1,331.0,332.9,336.7,337.2,414.6,409.6,406.4,407.7,405.2,406.4,409.1,418.3,423.0,425.0,425.2,422.9,414.6,413.9,413.9,412.2,410.2,412.5,414.5,414.7
96,0,6.161,0.98,1,15.4,119.4,442.6,-0.042,0.061,-0.082,253.3,256.0,260.2,266.5,276.3,291.0,307.6,326.2,347.2,367.3,383.9,398.0,408.3,413.6,415.9,417.6,418.4,264.8,272.1,285.6,301.2,316.3,346.4,361.6,376.3,390.2,399.9,333.4,334.2,335.0,336.0,320.5,329.1,337.8,346.2,353.8,282.1,290.4,300.1,309.4,300.7,291.2,356.9,366.2,376.2,384.9,376.7,366.8,311.9,322.1,332.0,339.3,346.8,358.2,369.3,359.4,349.4,341.3,333.5,323.3,316.9,332.8,340.2,347.9,364.2,347.9,340.2,332.9,332.6,352.7,372.2,392.0,411.8,429.9,445.1,457.2,459.2,452.3,437.6,421.9,405.0,386.9,368.0,348.9,329.9,322.1,311.0,305.7,306.7,311.3,309.1,303.3,300.9,303.2,311.0,333.1,346.5,359.8,373.7,384.4,386.6,388.6,385.4,381.7,339.5,336.2,335.2,337.7,341.3,342.3,334.5,330.7,330.7,332.5,336.3,336.8,414.1,409.2,405.9,407.3,404.7,406.2,408.9,418.1,422.9,424.8,424.9,422.6,414.1,413.4,413.5,411.9,409.9,412.1,414.1,414.2
97,0,6.227,0.98,1,15.2,119.0,444.0,-0.035,0.063,-0.083,252.6,255.7,260.3,266.5,276.2,290.8,307.3,325.8,346.7,366.8,383.6,397.8,408.1,413.4,415.7,417.4,418.3,264.1,271.3,285.1,300.8,316.2,346.1,361.3,375.9,389.8,399.6,333.2,334.1,334.9,335.9,320.5,329.0,337.6,346.1,353.6,282.3,290.5,300.0,309.0,300.5,291.2,356.9,365.8,375.7,384.2,376.1,366.5,311.7,322.0,331.9,339.3,346.8,357.9,368.9,359.2,349.3,341.1,333.4,323.1,316.8,332.7,340.2,347.8,363.8,347.8,340.1,332.8,331.8,352.1,371.7,391.6,411.7,429.9,445.2,457.1,459.0,452.1,437.4,421.7,404.9,386.9,367.9,348.7,329.4,321.3,310.0,304.8,305.8,310.5,308.2,302.2,299.8,301.8,309.3,331.5,345.4,359.1,373.4,383.5,385.8,387.9,384.6,380.8,337.8,334.4,333.4,335.8,339.4,340.4,332.2,328.6,328.5,330.4,334.1,334.5,413.7,408.6,405.4,406.8,404.2,405.5,408.2,417.4,422.1,424.1,424.3,422.0,413.6,412.8,412.8,411.1,409.4,411.3,413.4,413.5
98,0,6.296,0.98,1,15.3,118.4,443.5,-0.036,0.063,-0.082,252.8,255.9,260.4,266.5,276.1,290.6,307.1,325.7,346.7,366.8,383.6,397.8,408.1,413.4,415.8,417.4,418.3,264.5,271.4,285.1,301.0,316.4,346.2,361.5,376.3,390.3,399.8,333.3,334.1,335.0,336.0,320.7,329.1,337.6,346.1,353.6,282.9,291.0,300.6,309.4,301.1,291.7,356.7,365.4,375.2,383.7,375.7,366.2,311.8,322.0,332.0,339.3,346.8,358.0,368.9,359.3,349.4,341.2,333.4,323.1,316.8,332.8,340.2,347.9,363.9,347.9,340.1,332.8,331.3,351.6,371.3,391.3,411.4,429.7,444.9,456.8,458.7,451.8,437.1,421.4,404.5,386.5,367.6,348.3,328.9,321.3,309.9,304.4,305.3,309.9,307.5,301.4,299.1,301.5,309.4,330.5,344.6,358.5,372.9,382.8,385.2,387.3,384.0,380.2,336.7,333.0,332.0,334.7,338.2,339.1,331.1,327.1,327.0,329.2,332.8,333.2,413.1,408.1,404.9,406.3,403.7,405.0,407.6,416.9,421.7,423.7,423.8,421.5,413.1,412.2,412.2,410.5,408.8,410.9,413.0,413.1
99,0,6.357,0.98,1,15.4,117.8,443.1,-0.035,0.064,-0.080,252.9,256.0,260.5,266.6,276.1,290.6,307.1,325.7,346.7,366.8,383.7,398.0,408.2,413.6,415.9,417.6,418.4,264.5,271.6,285.4,301.3,316.7,346.5,361.8,376.6,390.6,400.1,333.6,334.4,335.3,336.3,320.9,329.4,337.8,346.2,353.7,283.0,291.1,300.7,309.6,301.2,291.8,356.9,365.5,375.4,383.9,375.9,366.4,311.8,322.0,332.1,339.4,346.9,358.1,368.9,359.3,349.4,341.3,333.5,323.2,316.8,332.9,340.3,348.0,363.9,347.9,340.2,332.9,330.5,350.9,370.8,390.9,411.1,429.4,444.7,456.5,458.4,451.6,436.8,421.1,404.2,386.3,367.4,348.2,329.0,320.4,309.0,303.6,304.6,309.3,307.0,300.9,298.5,300.9,308.8,329.9,344.0,357.9,372.3,382.4,384.7,386.8,383.6,379.8,335.8,332.0,331.0,334.0,337.4,338.3,330.5,326.3,326.1,328.5,332.1,332.6,412.8,407.7,404.5,405.9,403.3,404.6,407.4,416.7,421.4,423.4,423.5,421.2,412.7,411.9,411.9,410.2,408.6,410.6,412.7,412.8
100,0,6.424,0.98,1,15.6,117.2,442.3,-0.040,0.064,-0.079,253.0,256.2,260.8,266.8,276.3,290.7,307.3,325.9,346.9,367.0,383.9,398.1,408.4,413.7,416.1,417.8,418.8,264.5,271.5,285.4,301.4,317.0,346.8,362.2,377.1,391.2,400.6,333.9,334.7,335.5,336.5,321.2,329.6,338.0,346.4,353.9,283.3,291.4,301.2,310.0,301.7,292.1,357.1,365.8,375.8,384.2,376.3,366.6,312.0,322.2,332.2,339.6,347.2,358.4,369.3,359.7,349.7,341.5,333.7,323.3,317.0,333.1,340.5,348.3,364.2,348.3,340.5,333.1,330.0,350.5,370.5,390.7,410.9,429.2,444.5,456.2,458.1,451.3,436.5,420.8,404.0,386.2,367.3,348.2,328.9,320.3,308.7,303.1,304.0,308.8,306.5,300.4,298.1,300.6,308.8,329.3,343.4,357.3,371.8,382.0,384.3,386.3,383.2,379.4,335.1,331.1,330.2,333.4,336.8,337.7,329.9,325.5,325.3,327.9,331.6,332.0,412.4,407.2,404.0,405.4,402.8,404.1,407.0,416.3,421.0,423.0,423.1,420.7,412.3,411.4,411.4,409.7,408.2,410.2,412.2,412.3
101,0,6.496,0.98,1,15.7,116.9,442.5,-0.037,0.065,-0.079,253.2,256.3,261.0,267.1,276.5,291.0,307.5,326.2,347.1,367.2,384.1,398.4,408.6,413.9,416.3,418.0,418.8,264.9,272.1,285.9,301.7,317.2,347.0,362.1,376.6,390.5,400.1,334.3,335.0,335.9,336.8,321.6,330.0,338.4,346.7,354.2,283.6,291.7,301.4,310.3,301.9,292.3,357.4,366.0,376.0,384.4,376.6,366.9,312.2,322.4,332.5,339.9,347.4,358.6,369.4,359.8,349.9,341.7,333.8,323.5,317.2,333.3,340.8,348.5,364.4,348.5,340.7,333.3,329.3,349.9,369.9,390.2,410.6,429.0,444.2,455.9,457.7,451.0,436.2,420.6,403.7,385.9,367.0,347.9,328.6,319.5,308.0,302.6,303.6,308.3,306.1,300.2,297.8,300.0,307.8,328.7,342.9,356.8,371.3,381.6,383.9,385.9,382.8,379.1,334.5,330.5,329.6,332.9,336.4,337.2,329.5,325.0,324.8,327.5,331.2,331.7,412.1,406.9,403.6,405.0,402.5,403.9,406.9,416.0,420.7,422.7,422.7,420.4,412.0,411.0,411.1,409.4,408.0,409.9,411.9,412.0
102,0,6.562,0.98,1,16.0,116.5,442.1,-0.042,0.065,-0.078,253.7,256.8,261.3,267.3,276.7,291.0,307.5,326.2,347.2,367.3,384.2,398.5,408.8,414.1,416.6,418.3,419.2,265.2,272.3,286.1,302.0,317.5,347.4,362.5,377.2,391.2,400.6,334.5,335.3,336.1,337.0,321.8,330.2,338.6,346.9,354.4,283.8,291.9,301.8,310.7,302.2,292.6,357.7,366.4,376.4,384.9,377.0,367.3,312.3,322.6,332.7,340.1,347.6,358.8,369.7,360.0,350.0,341.8,334.0,323.6,317.4,333.5,340.9,348.7,364.6,348.6,340.8,333.5,329.8,350.3,370.1,390.2,410.3,428.6,443.8,455.6,457.4,450.8,436.0,420.3,403.5,385.5,366.7,347.6,328.4,319.2,307.7,302.2,303.2,307.9,305.8,299.8,297.5,299.8,307.8,328.4,342.5,356.5,371.0,381.3,383.6,385.6,382.5,378.8,334.1,330.0,329.1,332.6,336.0,336.8,329.3,324.6,324.5,327.3,331.0,331.4,411.6,406.5,403.2,404.7,402.1,403.6,406.5,415.7,420.4,422.3,422.4,420.0,411.5,410.7,410.7,409.1,407.7,409.6,411.6,411.6
103,0,6.630,0.98,1,16.1,116.3,442.2,-0.043,0.066,-0.078,253.8,257.0,261.5,267.5,276.8,291.0,307.5,326.1,347.2,367.4,384.4,398.8,409.0,414.3,416.8,418.5,419.4,265.2,272.2,286.0,302.0,317.6,347.4,362.6,377.4,391.5,400.9,334.6,335.4,336.2,337.2,321.9,330.3,338.7,347.0,354.5,284.0,292.1,301.9,310.8,302.4,292.7,357.7,366.3,376.4,384.9,377.0,367.3,312.5,322.7,332.8,340.2,347.7,358.9,369.8,360.2,350.2,342.0,334.2,323.8,317.5,333.7,341.1,348.8,364.8,348.8,341.0,333.7,329.6,350.1,369.9,390.0,410.1,428.3,443.4,455.2,457.1,450.5,435.7,419.9,403.1,385.2,366.4,347.4,328.3,319.1,307.5,301.9,302.9,307.7,305.5,299.4,297.1,299.5,307.6,328.2,342.2,356.2,370.6,381.0,383.3,385.3,382.2,378.5,333.9,329.8,328.9,332.4,335.8,336.6,329.0,324.3,324.1,327.0,330.7,331.1,411.4,406.2,402.9,404.4,401.8,403.3,406.2,415.5,420.2,422.1,422.2,419.8,411.3,410.4,410.5,408.8,407.4,409.3,411.3,411.4
104,0,6.696,0.98,1,16.2,116.1,442.1,-0.040,0.066,-0.078,253.9,257.0,261.5,267.5,276.8,291.0,307.5,326.2,347.2,367.5,384.6,399.0,409.3,414.5,417.0,418.6,419.4,265.4,272.5,286.3,302.2,317.7,347.6,362.8,377.6,391.5,400.9,334.8,335.5,336.3,337.3,322.0,330.4,338.8,347.2,354.6,284.0,292.1,302.0,310.8,302.4,292.8,357.9,366.5,376.6,385.0,377.2,367.4,312.5,322.8,332.9,340.3,347.8,359.1,370.0,360.3,350.3,342.1,334.3,323.9,317.6,333.8,341.2,348.9,364.9,348.9,341.1,333.8,329.2,349.7,369.6,389.7,409.8,428.1,443.2,455.0,456.9,450.2,435.4,419.6,402.7,384.8,366.0,347.0,327.9,318.6,307.1,301.6,302.5,307.3,305.2,299.2,296.8,299.3,307.3,327.9,342.0,355.9,370.3,380.8,383.0,385.1,382.0,378.3,333.6,329.5,328.6,332.1,335.5,336.4,328.8,324.1,323.9,326.7,330.4,330.9,411.2,406.0,402.7,404.1,401.5,403.0,406.0,415.3,420.0,421.9,422.0,419.6,411.1,410.2,410.2,408.6,407.2,409.1,411.1,411.2
105,0,6.762,0.98,1,16.5,115.9,442.1,-0.035,0.061,-0.076,253.9,256.9,261.4,267.3,276.7,291.0,307.5,326.2,347.3,367.7,384.8,399.2,409.5,414.7,417.1,418.7,419.5,265.8,273.1,287.1,303.0,318.6,348.1,363.3,378.0,391.9,401.2,335.4,336.2,337.0,338.0,322.6,330.9,339.3,347.7,355.1,284.4,292.5,302.4,311.3,302.8,293.1,358.3,366.9,376.9,385.4,377.5,367.8,312.9,323.2,333.4,340.7,348.2,359.4,370.2,360.6,350.6,342.4,334.6,324.2,317.9,334.2,341.6,349.3,365.1,349.2,341.5,334.2,328.4,349.0,369.0,389.2,409.4,427.7,442.8,454.7,456.6,450.0,435.2,419.3,402.4,384.4,365.7,346.6,327.5,318.2,306.8,301.4,302.4,307.2,305.1,299.0,296.7,299.0,307.1,327.8,341.9,355.8,370.2,380.6,382.9,384.9,381.9,378.2,333.5,329.4,328.5,332.0,335.4,336.2,328.6,324.0,323.8,326.6,330.3,330.8,411.1,405.8,402.5,403.9,401.4,402.9,405.9,415.2,419.9,421.8,421.8,419.5,411.0,410.0,410.0,408.4,407.1,409.0,411.0,411.1
106,0,6.829,0.98,1,16.9,116.0,442.8,-0.034,0.056,-0.076,254.0,257.0,261.6,267.5,276.9,291.2,307.7,326.5,347.6,368.0,385.0,399.5,409.6,414.8,417.2,418.8,419.5,266.2,273.6,287.6,303.6,319.1,348.7,363.8,378.4,392.2,401.5,335.9,336.8,337.7,338.7,323.2,331.6,340.0,348.3,355.6,284.8,293.0,302.8,311.7,303.3,293.6,358.9,367.4,377.4,385.8,378.0,368.3,313.7,324.0,334.1,341.4,348.9,360.0,370.6,361.1,351.2,343.1,335.4,325.0,318.7,334.9,342.2,349.9,365.6,349.9,342.2,334.9,328.5,349.0,369.0,389.1,409.3,427.5,442.7,454.5,456.5,449.9,435.1,419.2,402.1,384.1,365.3,346.3,327.1,318.2,306.8,301.3,302.3,307.0,304.8,298.8,296.5,298.9,306.9,327.6,341.7,355.6,370.0,380.4,382.7,384.7,381.7,378.0,333.4,329.2,328.4,331.9,335.3,336.1,328.4,323.7,323.5,326.4,330.1,330.6,411.1,405.7,402.3,403.8,401.2,402.7,405.9,415.1,419.8,421.7,421.7,419.4,411.0,409.9,409.9,408.3,407.0,408.9,410.9,411.0
107,0,6.896,0.98,1,17.0,115.2,442.7,-0.029,0.055,-0.081,253.7,256.8,261.5,267.6,277.2,291.7,308.3,327.2,348.3,368.6,385.5,399.8,410.0,415.2,417.4,418.7,419.1,266.0,273.7,287.6,303.3,318.5,348.6,363.5,377.9,391.4,400.6,335.7,336.7,337.7,338.9,323.4,331.8,340.1,348.4,355.7,284.6,292.6,302.4,311.2,302.9,293.1,358.5,366.8,376.8,385.2,377.5,367.9,313.8,324.1,334.3,341.7,349.3,360.5,371.1,361.8,351.8,343.6,335.7,325.2,318.8,335.2,342.6,350.4,366.1,350.5,342.6,335.2,327.7,348.2,368.3,388.6,408.9,427.2,442.3,454.3,456.2,449.6,434.6,418.6,401.5,383.5,364.8,345.8,326.8,317.0,306.0,300.8,301.7,306.4,304.1,298.2,295.9,298.1,305.8,326.7,340.9,355.0,369.6,379.8,382.1,384.2,381.0,377.2,332.3,327.8,327.0,330.8,334.2,335.0,327.2,322.2,322.0,325.0,328.7,329.2,410.2,404.7,401.4,402.8,400.2,401.5,404.6,414.0,418.8,420.8,420.9,418.6,410.1,408.9,408.9,407.2,405.8,408.1,410.2,410.3
108,0,6.962,0.98,1,16.9,113.8,445.2,-0.048,0.061,-0.084,254.1,257.1,261.2,266.6,275.9,290.6,307.6,326.9,348.4,368.9,386.2,400.8,411.2,416.4,418.2,419.0,419.2,265.6,273.5,287.5,303.2,318.5,347.8,362.6,377.3,391.3,400.9,335.3,336.4,337.4,338.7,322.2,331.1,340.0,348.6,356.3,284.2,292.3,302.2,311.1,302.5,292.8,358.2,366.9,376.9,385.4,377.5,368.0,309.8,322.1,333.6,341.5,349.8,362.1,374.7,363.4,352.2,343.2,334.9,323.1,314.9,334.4,342.3,350.9,369.6,350.9,342.3,334.4,328.3,348.2,367.8,387.5,407.0,424.8,439.6,452.0,454.0,447.2,432.4,416.8,400.0,382.1,363.4,344.7,326.1,316.7,305.6,300.3,301.2,306.2,304.0,297.7,295.4,297.6,305.5,325.8,340.1,354.2,368.8,377.9,380.5,382.7,379.1,375.0,331.5,327.1,326.3,330.0,333.2,333.9,326.6,321.5,321.1,324.2,327.5,328.2,403.2,399.5,397.4,398.6,395.9,395.8,397.0,407.7,413.4,415.6,415.8,413.0,403.5,404.2,404.3,402.2,398.5,403.5,405.8,406.0
109,0,7.030,0.98,1,16.3,111.6,446.7,-0.080,0.071,-0.076,254.4,257.0,260.1,264.5,273.2,287.5,304.7,324.3,346.5,368.0,386.3,401.6,412.5,417.7,419.1,419.7,419.9,265.4,273.4,287.4,303.1,318.3,347.0,362.0,377.0,391.5,401.7,334.8,335.7,336.7,337.8,319.8,329.4,339.0,348.2,356.5,283.8,292.2,301.9,311.0,302.0,292.6,357.7,367.0,376.8,385.5,377.3,367.9,304.3,318.5,331.3,340.0,349.6,363.1,377.7,364.1,351.3,341.1,332.0,319.0,309.3,331.9,340.7,350.5,372.6,350.4,340.5,331.8,328.5,347.6,366.5,385.6,404.2,421.5,436.3,449.2,451.5,444.8,430.0,414.8,398.0,380.0,361.4,343.4,325.3,316.4,305.3,300.0,300.8,306.0,303.8,297.4,295.2,297.6,305.9,325.0,339.1,353.1,367.6,375.2,378.2,380.7,376.6,372.4,330.4,326.4,325.7,329.1,331.9,332.6,326.0,321.2,320.8,323.6,326.5,327.1,395.1,393.0,392.1,393.3,390.5,389.2,388.8,399.9,406.0,408.3,408.4,405.4,395.8,398.3,398.5,396.1,390.4,397.0,399.5,399.6
110,0,7.096,0.98,1,15.9,110.8,446.1,-0.087,0.073,-0.074,254.8,257.2,259.8,263.6,271.8,286.0,303.3,323.2,345.8,367.7,386.2,401.9,412.9,418.2,419.6,419.9,420.0,265.1,273.0,287.1,302.8,318.2,346.4,361.7,377.0,391.8,402.0,334.5,335.4,336.3,337.5,319.0,328.8,338.6,348.0,356.4,283.4,291.8,301.4,310.7,301.5,292.2,357.4,367.0,376.6,385.4,377.1,367.7,302.4,317.2,330.3,339.3,349.4,363.3,378.5,364.2,350.9,340.2,330.9,317.5,307.4,330.8,340.0,350.3,373.4,350.1,339.7,330.6,329.4,347.8,365.9,384.5,402.8,420.1,435.2,448.6,451.1,444.3,429.2,413.9,397.2,379.1,360.6,342.8,325.1,316.4,305.2,299.7,300.5,305.9,303.8,297.1,295.0,297.7,306.3,324.8,338.9,352.9,367.3,374.6,377.7,380.3,376.2,372.0,330.1,326.2,325.5,328.9,331.5,332.1,325.8,321.1,320.7,323.5,326.2,326.9,393.1,391.7,391.3,392.5,389.7,388.0,387.0,398.1,404.2,406.5,406.5,403.4,393.9,397.2,397.6,395.1,388.6,395.5,398.1,398.1
111,0,7.162,0.98,1,15.7,110.6,446.5,-0.086,0.074,-0.072,255.1,257.2,259.4,263.0,270.9,284.9,302.3,322.5,345.3,367.4,386.1,401.9,413.0,418.4,419.8,420.1,420.1,265.5,273.2,287.1,302.7,317.9,346.4,361.5,376.7,391.3,401.6,334.3,335.1,336.1,337.1,318.7,328.6,338.4,347.7,356.1,283.5,291.9,301.4,310.6,301.6,292.2,357.4,367.0,376.6,385.3,377.1,367.8,301.7,316.7,330.0,339.1,349.4,363.4,378.7,364.3,350.7,339.9,330.5,317.0,306.8,330.4,339.7,350.2,373.6,349.9,339.4,330.2,330.0,347.9,365.5,383.7,401.8,419.2,434.6,448.4,451.0,444.2,429.1,413.7,396.9,378.7,360.1,342.3,324.6,315.9,304.9,299.5,300.4,305.7,303.5,296.9,294.8,297.5,306.0,324.6,338.6,352.6,367.0,374.3,377.5,380.1,376.0,371.8,329.8,325.8,325.2,328.6,331.2,331.8,325.6,320.9,320.5,323.3,326.0,326.7,392.3,391.2,391.1,392.2,389.4,387.6,386.4,397.5,403.5,405.9,405.9,402.6,393.2,396.9,397.3,394.8,388.0,395.1,397.7,397.6
112,0,7.230,0.98,1,15.6,110.3,446.2,-0.082,0.073,-0.070,255.1,257.0,259.2,262.7,270.5,284.3,301.7,321.9,344.8,367.0,385.9,401.7,413.0,418.5,419.9,420.1,420.2,265.5,273.1,286.9,302.5,317.6,346.5,361.6,376.8,391.3,401.6,334.1,335.0,335.9,336.9,318.7,328.5,338.2,347.6,356.0,283.4,291.7,301.3,310.6,301.5,292.2,357.4,366.9,376.6,385.3,377.1,367.8,301.8,316.7,329.9,339.0,349.3,363.3,378.6,364.2,350.7,339.9,330.5,317.1,306.8,330.3,339.6,350.0,373.6,349.8,339.3,330.1,329.7,347.5,364.8,382.9,400.8,418.2,433.8,447.8,450.7,444.0,429.1,413.8,396.9,378.6,359.8,341.9,323.9,315.3,304.4,299.2,300.1,305.4,303.2,296.5,294.5,297.2,305.6,324.4,338.4,352.4,366.8,374.1,377.3,379.9,375.8,371.7,329.4,325.5,324.9,328.3,330.9,331.5,325.4,320.6,320.3,323.1,325.8,326.5,392.1,391.1,391.0,392.2,389.4,387.5,386.3,397.5,403.5,405.8,405.7,402.4,393.0,396.8,397.2,394.8,387.9,395.1,397.6,397.5
113,0,7.296,0.98,1,15.5,109.9,445.3,-0.083,0.073,-0.069,255.0,257.0,259.2,262.7,270.5,284.3,301.6,321.8,344.6,366.8,385.6,401.5,412.9,418.4,419.9,420.1,420.2,265.2,272.8,286.7,302.5,317.8,346.2,361.4,376.8,391.6,401.9,334.0,334.9,335.8,336.9,318.7,328.4,338.2,347.5,355.8,283.3,291.7,301.3,310.5,301.5,292.1,357.3,366.8,376.6,385.3,377.1,367.7,301.9,316.9,330.1,339.0,349.0,363.0,378.3,363.9,350.4,339.8,330.6,317.2,307.0,330.5,339.6,349.8,373.3,349.6,339.3,330.2,329.1,346.9,364.4,382.5,400.6,418.1,433.6,447.7,450.6,444.0,429.1,413.9,397.0,378.7,359.8,341.7,323.6,315.3,304.2,298.9,299.8,305.2,303.1,296.3,294.2,296.9,305.5,324.2,338.1,352.1,366.4,373.9,377.0,379.7,375.6,371.5,329.2,325.3,324.6,328.0,330.6,331.3,325.1,320.3,320.0,322.8,325.6,326.2,392.1,391.2,391.1,392.3,389.5,387.7,386.3,397.4,403.4,405.6,405.6,402.3,393.0,396.8,397.2,394.8,387.9,395.0,397.4,397.4
114,0,7.362,0.98,1,15.5,109.8,445.3,-0.080,0.073,-0.070,254.9,256.9,259.2,262.7,270.5,284.3,301.6,321.9,344.6,366.7,385.4,401.3,412.7,418.3,419.7,420.0,420.1,265.0,272.6,286.5,302.3,317.6,346.2,361.5,376.8,391.5,401.9,333.9,334.8,335.7,336.8,318.7,328.4,338.1,347.3,355.7,283.3,291.6,301.3,310.5,301.4,292.1,357.2,366.7,376.5,385.2,377.0,367.6,302.2,317.1,330.1,339.0,348.9,362.8,377.9,363.6,350.3,339.8,330.6,317.4,307.2,330.5,339.5,349.6,372.9,349.4,339.2,330.3,328.7,346.7,364.3,382.5,400.6,418.1,433.6,447.6,450.5,443.8,429.1,413.8,396.8,378.3,359.2,340.9,322.5,315.3,304.1,298.8,299.7,304.9,302.8,296.0,293.9,296.7,305.3,323.9,337.9,351.8,366.2,373.7,376.9,379.5,375.4,371.3,329.0,325.0,324.4,327.8,330.5,331.2,324.9,320.0,319.7,322.5,325.4,326.0,392.1,391.3,391.1,392.3,389.6,387.8,386.4,397.4,403.3,405.5,405.4,402.2,393.0,396.8,397.2,394.8,388.0,395.0,397.4,397.3
115,0,7.427,0.98,1,15.5,110.0,444.8,-0.067,0.072,-0.074,254.6,256.8,259.4,263.1,271.1,284.9,302.2,322.4,345.1,367.1,385.7,401.5,412.7,418.2,419.6,419.9,420.0,265.0,272.6,286.4,302.1,317.5,346.2,361.4,376.5,391.1,401.4,333.9,334.9,335.8,336.9,319.4,328.9,338.3,347.3,355.5,283.3,291.6,301.2,310.4,301.4,292.0,357.3,366.6,376.3,385.0,376.9,367.5,303.7,318.2,330.9,339.3,348.6,362.1,376.8,362.9,350.0,340.1,331.4,318.6,308.7,331.3,339.9,349.4,371.8,349.1,339.5,331.0,328.0,346.3,364.1,382.5,400.9,418.5,433.9,447.7,450.5,443.8,429.0,413.6,396.5,378.0,358.9,340.5,322.1,315.0,303.9,298.6,299.5,304.7,302.5,295.9,293.8,296.3,304.6,323.8,337.8,351.7,366.1,374.2,377.2,379.7,375.8,371.7,329.0,325.0,324.3,327.7,330.6,331.3,324.7,319.8,319.5,322.4,325.4,326.0,394.1,393.0,392.6,393.8,391.1,389.5,388.3,399.1,404.7,406.8,406.8,403.8,394.9,398.4,398.7,396.4,389.9,396.3,398.6,398.5
116,0,7.496,0.98,1,16.0,111.3,444.4,-0.038,0.076,-0.086,254.1,257.0,260.7,265.4,274.0,288.0,305.0,324.5,346.7,368.4,386.7,402.1,412.6,417.4,418.9,419.5,419.6,264.9,272.3,286.1,301.8,317.2,346.7,361.8,376.6,390.7,400.4,334.3,335.1,336.0,337.1,320.8,329.8,338.6,347.3,355.0,283.4,291.5,301.3,310.2,301.6,292.0,357.6,366.3,376.3,384.8,376.9,367.3,308.2,320.5,332.0,340.0,348.5,361.0,373.8,362.1,350.5,341.3,332.9,321.3,313.1,332.7,340.8,349.6,368.7,349.4,340.5,332.6,326.6,346.2,365.2,384.4,403.6,421.3,436.2,448.8,450.9,443.9,428.6,412.6,395.3,377.0,358.4,340.1,321.8,314.7,303.7,298.4,299.3,304.2,302.2,296.0,293.8,296.0,303.9,324.0,338.0,351.8,366.1,375.6,378.1,380.4,376.9,372.9,329.2,324.9,324.1,327.9,331.1,331.8,324.6,319.5,319.2,322.3,325.7,326.3,400.7,397.2,395.3,396.6,393.9,393.7,394.7,404.7,410.0,412.1,412.2,409.6,400.9,402.1,402.2,400.2,396.0,400.5,402.7,402.8
117,0,7.562,0.98,1,16.1,112.1,443.6,-0.033,0.073,-0.085,253.8,257.1,261.5,266.9,275.8,289.8,306.4,325.5,347.1,368.2,386.1,401.1,411.4,416.3,418.1,419.1,419.3,264.9,272.3,286.3,302.2,317.7,346.9,362.1,376.9,391.0,400.5,334.7,335.5,336.4,337.4,321.7,330.3,338.9,347.3,354.8,283.6,291.6,301.5,310.3,301.8,292.1,357.8,366.2,376.3,384.8,377.0,367.3,311.3,322.0,332.4,340.3,348.4,359.9,371.3,361.1,350.6,341.9,333.6,322.9,316.3,333.3,341.1,349.5,366.1,349.4,341.0,333.2,325.5,345.8,365.5,385.3,405.0,422.9,437.7,449.8,451.7,445.0,429.8,413.8,396.6,378.4,359.6,340.9,322.2,314.5,303.3,298.0,299.1,304.0,302.1,296.0,293.7,295.9,303.9,324.2,338.1,351.8,366.0,376.2,378.6,380.7,377.5,373.7,329.1,324.7,323.9,328.0,331.3,331.9,324.6,319.5,319.2,322.4,326.0,326.6,405.4,400.0,397.0,398.5,395.8,396.9,399.9,408.7,413.5,415.4,415.5,413.2,405.2,404.5,404.5,402.8,400.9,403.2,405.2,405.3
118,0,7.627,0.98,1,16.2,112.4,443.7,-0.034,0.072,-0.080,253.9,257.1,261.7,267.4,276.4,290.5,306.9,325.8,347.0,367.7,385.3,400.3,410.6,415.8,417.8,419.0,419.3,265.2,272.9,287.0,302.8,318.1,347.2,362.4,377.3,391.3,400.7,334.9,335.6,336.5,337.5,321.9,330.5,338.9,347.3,354.8,283.7,291.7,301.7,310.5,302.0,292.2,358.0,366.2,376.4,384.9,377.2,367.4,312.2,322.4,332.5,340.3,348.2,359.5,370.4,360.7,350.5,341.9,333.8,323.4,317.2,333.4,341.1,349.3,365.2,349.3,341.0,333.3,324.9,345.5,365.5,385.6,405.5,423.5,438.3,450.1,452.0,445.5,430.8,414.9,397.8,379.5,360.5,341.5,322.4,313.8,302.7,297.6,298.7,303.6,301.8,295.8,293.5,295.8,303.8,323.9,337.8,351.6,365.8,376.2,378.6,380.6,377.6,373.9,328.9,324.3,323.6,327.8,331.2,331.8,324.6,319.4,319.1,322.4,326.1,326.7,406.6,400.7,397.3,398.8,396.2,397.7,401.4,409.9,414.4,416.2,416.3,414.1,406.4,405.0,405.0,403.4,402.3,403.8,405.8,405.8
119,0,7.696,0.98,1,16.5,112.4,443.6,-0.040,0.069,-0.074,254.6,257.6,262.0,267.6,276.6,290.5,306.8,325.6,346.8,367.4,384.9,399.7,410.1,415.4,417.6,419.0,419.5,266.2,273.9,287.9,303.6,318.9,348.1,363.2,378.0,391.9,401.4,335.4,336.1,336.9,337.8,322.3,330.8,339.2,347.6,355.0,284.5,292.6,302.6,311.4,302.9,293.1,358.5,367.0,377.2,385.6,377.9,368.1,312.6,322.8,332.8,340.5,348.4,359.6,370.3,360.7,350.7,342.1,334.0,323.7,317.7,333.5,341.3,349.4,365.1,349.3,341.1,333.5,324.7,345.4,365.4,385.5,405.5,423.6,438.5,450.3,452.2,446.0,431.6,415.9,398.6,380.1,360.9,341.4,321.9,313.7,302.5,297.4,298.5,303.2,301.3,295.4,293.2,295.6,303.8,323.6,337.5,351.3,365.6,376.1,378.4,380.5,377.5,373.9,328.8,324.3,323.6,327.7,331.1,331.7,324.6,319.5,319.3,322.5,326.3,326.8,406.9,400.9,397.4,399.0,396.4,398.1,402.0,410.4,414.7,416.5,416.5,414.3,406.6,405.2,405.2,403.7,402.9,404.0,405.9,405.9
120,0,7.763,0.98,1,16.8,112.6,443.6,-0.047,0.068,-0.071,255.1,257.9,262.1,267.8,276.7,290.6,306.9,325.8,346.9,367.4,384.7,399.4,409.8,415.1,417.5,419.1,419.8,267.0,274.6,288.6,304.3,319.5,348.4,363.6,378.4,392.4,401.9,335.8,336.4,337.2,338.0,322.5,330.9,339.4,347.7,355.2,285.1,293.2,303.2,312.1,303.6,293.7,358.8,367.4,377.6,386.1,378.3,368.4,313.1,323.1,333.0,340.6,348.4,359.5,370.0,360.6,350.7,342.2,334.1,324.0,318.1,333.7,341.3,349.4,364.9,349.3,341.2,333.6,324.9,345.6,365.6,385.8,405.7,423.8,438.8,450.4,452.4,446.2,432.1,416.4,399.3,380.7,361.3,341.7,322.0,313.7,302.4,297.3,298.4,303.2,301.3,295.4,293.2,295.7,304.1,323.8,337.6,351.3,365.5,376.1,378.4,380.4,377.5,374.0,329.2,324.9,324.2,328.1,331.5,332.2,325.1,320.2,320.1,323.1,326.9,327.4,407.2,401.1,397.5,399.1,396.5,398.5,402.5,410.8,415.0,416.7,416.7,414.6,407.0,405.3,405.4,403.9,403.4,404.2,406.0,406.0
121,0,7.829,0.98,1,16.8,112.9,444.1,-0.049,0.068,-0.071,255.1,257.9,262.3,267.9,277.0,290.9,307.1,325.9,347.0,367.3,384.7,399.3,409.7,415.0,417.4,419.0,419.7,266.9,274.6,288.7,304.6,319.9,348.1,363.4,378.3,392.4,402.0,335.8,336.5,337.2,338.0,322.5,331.0,339.4,347.8,355.3,285.1,293.3,303.3,312.1,303.6,293.8,358.8,367.4,377.6,386.0,378.2,368.4,313.2,323.3,333.1,340.7,348.5,359.5,370.0,360.6,350.8,342.3,334.2,324.2,318.3,333.8,341.4,349.5,364.8,349.4,341.3,333.7,325.0,345.7,365.9,386.1,406.1,424.2,439.1,450.6,452.6,446.4,432.3,416.7,399.6,381.0,361.6,341.9,322.2,314.0,302.5,297.4,298.6,303.5,301.6,295.6,293.3,295.8,304.2,323.9,337.7,351.3,365.5,376.2,378.5,380.5,377.6,374.1,329.4,325.1,324.4,328.2,331.6,332.3,325.2,320.4,320.2,323.2,327.0,327.5,407.5,401.3,397.7,399.2,396.7,398.7,402.8,411.0,415.2,416.9,416.9,414.9,407.3,405.5,405.6,404.1,403.6,404.4,406.2,406.2
122,0,7.894,0.98,1,16.8,113.1,444.6,-0.050,0.068,-0.071,255.1,257.9,262.3,268.0,277.0,291.0,307.2,325.9,347.0,367.3,384.6,399.2,409.6,414.9,417.3,418.9,419.7,267.0,274.6,288.6,304.3,319.5,348.5,363.7,378.4,392.4,401.8,335.8,336.5,337.2,338.0,322.6,331.0,339.4,347.7,355.2,285.1,293.3,303.2,312.1,303.6,293.8,358.8,367.3,377.5,385.9,378.1,368.3,313.3,323.3,333.0,340.6,348.4,359.4,369.9,360.5,350.7,342.2,334.2,324.2,318.3,333.8,341.4,349.4,364.7,349.4,341.3,333.7,325.3,346.1,366.3,386.5,406.4,424.4,439.3,450.7,452.6,446.4,432.4,416.8,399.7,381.2,361.9,342.3,322.7,314.1,302.7,297.6,298.7,303.4,301.5,295.6,293.4,295.9,304.2,323.9,337.7,351.4,365.5,376.3,378.6,380.5,377.6,374.1,329.5,325.2,324.5,328.3,331.7,332.4,325.2,320.4,320.3,323.3,327.1,327.5,407.6,401.4,397.7,399.3,396.7,398.7,402.9,411.1,415.3,417.0,417.0,415.0,407.3,405.5,405.6,404.1,403.7,404.5,406.3,406.3
123,0,7.957,0.98,1,16.8,113.1,444.5,-0.052,0.067,-0.072,255.0,257.9,262.3,268.0,277.0,291.0,307.2,326.0,347.0,367.3,384.5,399.1,409.4,414.8,417.2,418.9,419.6,266.9,274.5,288.6,304.3,319.5,348.2,363.4,378.2,392.2,401.7,335.7,336.4,337.2,338.0,322.6,331.0,339.4,347.7,355.2,285.1,293.2,303.2,312.0,303.5,293.8,358.7,367.3,377.4,385.8,378.1,368.3,313.3,323.3,333.0,340.6,348.4,359.4,369.8,360.5,350.7,342.2,334.2,324.2,318.4,333.8,341.4,349.4,364.7,349.3,341.3,333.7,325.5,346.2,366.4,386.5,406.5,424.5,439.3,450.8,452.7,446.5,432.4,416.9,399.8,381.2,361.8,342.2,322.5,314.2,302.8,297.6,298.7,303.4,301.5,295.6,293.3,295.8,304.2,323.9,337.7,351.4,365.5,376.3,378.5,380.5,377.6,374.1,329.6,325.4,324.6,328.3,331.8,332.5,325.3,320.5,320.4,323.3,327.1,327.6,407.7,401.4,397.7,399.3,396.7,398.8,403.0,411.2,415.4,417.1,417.1,415.0,407.4,405.6,405.6,404.1,403.8,404.5,406.3,406.3
124,0,8.025,0.98,1,16.8,113.0,444.4,-0.051,0.067,-0.072,255.1,257.9,262.3,268.0,277.1,291.0,307.3,326.1,347.1,367.3,384.5,399.1,409.4,414.8,417.2,418.8,419.5,266.8,274.4,288.5,304.3,319.5,348.2,363.5,378.3,392.4,401.9,335.7,336.4,337.1,338.0,322.6,331.0,339.3,347.7,355.1,285.1,293.2,303.2,312.0,303.5,293.7,358.6,367.2,377.4,385.8,378.1,368.2,313.4,323.3,333.0,340.6,348.4,359.3,369.7,360.5,350.7,342.2,334.2,324.2,318.4,333.7,341.4,349.4,364.6,349.3,341.3,333.7,325.5,346.3,366.5,386.7,406.6,424.6,439.4,450.8,452.7,446.5,432.4,416.9,399.7,381.1,361.6,341.8,322.0,314.2,302.8,297.6,298.7,303.4,301.5,295.5,293.3,295.8,304.2,324.0,337.7,351.3,365.4,376.2,378.5,380.5,377.5,374.0,329.6,325.4,324.6,328.4,331.8,332.5,325.3,320.5,320.3,323.3,327.1,327.6,407.7,401.4,397.7,399.3,396.7,398.8,403.0,411.2,415.4,417.1,417.1,415.0,407.4,405.5,405.6,404.1,403.8,404.6,406.4,406.3
125,0,8.090,0.98,1,16.7,113.0,444.2,-0.050,0.067,-0.073,254.9,257.8,262.2,268.0,277.1,291.0,307.3,326.1,347.0,367.2,384.4,399.0,409.4,414.8,417.2,418.8,419.6,266.6,274.1,288.2,304.1,319.4,348.2,363.5,378.5,392.6,402.1,335.6,336.4,337.1,338.0,322.5,330.9,339.3,347.7,355.1,285.0,293.1,303.1,312.0,303.5,293.7,358.6,367.2,377.4,385.8,378.0,368.2,313.4,323.3,333.0,340.6,348.4,359.3,369.7,360.4,350.6,342.2,334.2,324.2,318.4,333.7,341.3,349.3,364.5,349.3,341.2,333.7,325.4,346.3,366.5,386.8,406.7,424.6,439.4,450.8,452.7,446.5,432.4,416.9,399.7,381.0,361.3,341.5,321.6,314.3,302.8,297.6,298.7,303.4,301.4,295.5,293.3,295.8,304.3,324.0,337.7,351.3,365.4,376.2,378.5,380.5,377.5,374.0,329.6,325.4,324.6,328.4,331.8,332.6,325.3,320.5,320.3,323.3,327.1,327.6,407.7,401.4,397.7,399.3,396.8,398.8,403.0,411.3,415.5,417.2,417.1,415.0,407.4,405.5,405.6,404.1,403.8,404.6,406.4,406.3
126,0,8.157,0.98,1,16.7,113.0,444.1,-0.046,0.067,-0.075,254.9,257.9,262.2,268.0,277.1,291.1,307.4,326.3,347.2,367.3,384.4,399.0,409.4,414.9,417.2,418.9,419.5,266.5,273.8,287.9,303.8,319.2,348.1,363.4,378.3,392.6,402.1,335.6,336.3,337.1,338.0,322.5,331.0,339.3,347.7,355.1,285.0,293.1,303.1,312.0,303.5,293.7,358.5,367.1,377.4,385.8,378.0,368.2,313.3,323.3,333.1,340.7,348.4,359.4,369.8,360.5,350.7,342.3,334.3,324.2,318.4,333.8,341.4,349.4,364.7,349.3,341.3,333.7,325.4,346.3,366.5,386.8,406.7,424.7,439.5,450.9,452.8,446.5,432.5,416.9,399.6,380.8,361.0,340.9,320.8,314.7,303.0,297.8,298.8,303.5,301.5,295.5,293.3,295.9,304.4,324.1,337.8,351.5,365.6,376.3,378.6,380.5,377.6,374.1,329.7,325.5,324.7,328.5,331.9,332.7,325.3,320.5,320.3,323.3,327.1,327.6,407.5,401.4,397.8,399.3,396.8,398.8,402.8,411.3,415.5,417.2,417.2,415.0,407.3,405.5,405.6,404.1,403.6,404.7,406.5,406.4
127,0,8.191,0.98,1,16.7,113.0,444.1,-0.042,0.068,-0.076,254.9,257.8,262.2,268.0,277.1,291.2,307.6,326.3,347.2,367.3,384.4,399.0,409.5,415.0,417.3,418.9,419.5,266.5,273.8,287.8,303.6,319.0,348.2,363.4,378.3,392.4,401.9,335.6,336.3,337.1,338.0,322.5,331.0,339.3,347.7,355.1,284.9,293.1,303.1,312.0,303.5,293.6,358.5,367.2,377.4,385.8,378.0,368.2,313.2,323.3,333.2,340.7,348.4,359.4,370.0,360.5,350.7,342.3,334.3,324.2,318.2,333.8,341.4,349.4,364.9,349.3,341.3,333.8,325.3,346.3,366.5,386.8,406.8,424.7,439.5,450.9,452.8,446.5,432.4,416.8,399.5,380.6,360.7,340.7,320.6,314.6,303.0,297.7,298.8,303.4,301.4,295.5,293.3,295.8,304.2,324.0,337.8,351.5,365.7,376.3,378.6,380.6,377.6,374.1,329.7,325.5,324.7,328.5,331.9,332.7,325.3,320.5,320.3,323.2,327.1,327.6,407.1,401.2,397.8,399.3,396.8,398.6,402.3,411.1,415.4,417.1,417.1,414.8,406.9,405.4,405.5,404.0,403.3,404.6,406.4,406.4
128,0,8.257,0.98,1,16.8,112.8,443.8,-0.043,0.067,-0.075,254.9,257.8,262.2,267.9,277.2,291.4,307.7,326.4,347.2,367.3,384.4,399.0,409.5,415.0,417.3,418.9,419.5,266.5,273.9,288.0,303.9,319.2,348.4,363.6,378.5,392.6,402.2,335.7,336.4,337.2,338.1,322.6,331.0,339.4,347.8,355.2,285.0,293.1,303.1,312.0,303.5,293.7,358.6,367.3,377.4,385.9,378.1,368.3,313.2,323.4,333.3,340.8,348.5,359.5,370.0,360.6,350.7,342.4,334.4,324.3,318.2,334.0,341.5,349.4,365.0,349.4,341.4,333.9,325.2,346.1,366.5,386.8,406.8,424.7,439.5,450.9,452.8,446.5,432.4,416.7,399.5,380.6,360.8,340.8,320.7,314.4,302.8,297.6,298.7,303.3,301.3,295.4,293.2,295.7,304.2,323.9,337.8,351.5,365.7,376.2,378.5,380.5,377.5,374.0,329.6,325.4,324.6,328.3,331.8,332.5,325.2,320.4,320.3,323.1,327.0,327.5,406.9,401.1,397.7,399.2,396.7,398.5,402.1,410.9,415.2,416.9,416.9,414.6,406.7,405.2,405.3,403.8,403.0,404.5,406.3,406.3
129,0,8.324,0.98,1,16.8,112.7,444.0,-0.043,0.067,-0.076,254.8,257.8,262.2,268.0,277.2,291.4,307.8,326.5,347.3,367.4,384.6,399.2,409.6,415.0,417.3,418.9,419.5,266.5,274.0,288.1,303.9,319.3,348.3,363.5,378.3,392.4,402.0,335.7,336.5,337.3,338.2,322.7,331.1,339.5,347.8,355.3,285.0,293.2,303.2,312.0,303.5,293.7,358.7,367.3,377.5,385.9,378.2,368.3,313.2,323.4,333.3,340.8,348.5,359.5,370.1,360.6,350.7,342.4,334.5,324.3,318.2,334.0,341.6,349.5,365.0,349.4,341.5,334.0,325.0,346.0,366.4,386.8,406.8,424.7,439.4,450.7,452.5,446.3,432.2,416.6,399.4,380.5,360.8,340.8,320.7,314.4,302.8,297.5,298.6,303.2,301.2,295.3,293.1,295.5,303.9,323.7,337.6,351.3,365.6,376.1,378.4,380.4,377.4,373.9,329.5,325.3,324.5,328.2,331.7,332.4,325.0,320.3,320.1,323.0,326.8,327.3,406.7,400.9,397.5,399.1,396.5,398.3,402.0,410.7,415.1,416.8,416.8,414.5,406.6,405.1,405.2,403.7,402.9,404.4,406.2,406.1
130,0,8.357,0.98,1,16.8,112.7,444.0,-0.045,0.067,-0.075,254.8,257.8,262.2,268.0,277.2,291.4,307.8,326.5,347.4,367.4,384.5,399.1,409.6,415.0,417.3,418.9,419.6,266.5,274.1,288.2,304.2,319.5,348.2,363.4,378.3,392.5,402.1,335.7,336.5,337.3,338.2,322.7,331.1,339.5,347.9,355.3,285.0,293.2,303.2,312.1,303.5,293.7,358.7,367.3,377.5,386.0,378.2,368.3,313.2,323.5,333.4,340.9,348.5,359.5,370.2,360.6,350.8,342.4,334.5,324.3,318.2,334.1,341.6,349.5,365.1,349.4,341.5,334.0,324.9,346.0,366.4,386.7,406.7,424.6,439.3,450.7,452.5,446.3,432.2,416.7,399.5,380.6,360.9,340.9,320.8,314.3,302.7,297.5,298.5,303.2,301.2,295.3,293.0,295.5,303.9,323.6,337.5,351.2,365.5,376.0,378.4,380.4,377.3,373.8,329.5,325.2,324.4,328.2,331.6,332.4,325.0,320.2,320.0,323.0,326.8,327.3,406.7,400.9,397.5,399.0,396.5,398.3,401.9,410.7,415.0,416.7,416.7,414.5,406.5,405.0,405.1,403.6,402.8,404.3,406.1,406.1
131,0,8.424,0.98,1,16.9,112.6,444.1,-0.044,0.067,-0.076,254.9,257.8,262.3,268.1,277.3,291.4,307.8,326.6,347.4,367.5,384.6,399.2,409.6,415.0,417.3,418.8,419.5,266.6,274.1,288.2,304.1,319.4,348.3,363.5,378.3,392.5,402.1,335.8,336.5,337.3,338.2,322.8,331.2,339.6,347.9,355.3,285.0,293.2,303.2,312.1,303.6,293.8,358.7,367.3,377.5,386.0,378.2,368.3,313.2,323.5,333.4,340.9,348.6,359.6,370.2,360.7,350.8,342.5,334.5,324.4,318.3,334.1,341.6,349.5,365.1,349.4,341.5,334.0,324.8,345.8,366.2,386.6,406.6,424.5,439.2,450.6,452.4,446.1,432.1,416.5,399.3,380.5,360.8,340.9,320.8,314.3,302.7,297.4,298.4,303.1,301.1,295.2,292.9,295.4,303.8,323.6,337.4,351.1,365.4,376.0,378.3,380.3,377.2,373.7,329.4,325.2,324.4,328.1,331.5,332.3,324.9,320.1,320.0,322.9,326.7,327.2,406.6,400.8,397.4,398.9,396.4,398.2,401.8,410.6,415.0,416.7,416.7,414.4,406.5,405.0,405.1,403.5,402.8,404.2,406.0,406.0
132,0,8.457,0.98,1,16.9,112.6,443.8,-0.044,0.067,-0.075,254.8,257.8,262.3,268.1,277.3,291.5,307.8,326.6,347.5,367.6,384.7,399.3,409.7,415.0,417.3,418.9,419.5,266.6,274.1,288.2,304.2,319.5,348.3,363.5,378.3,392.5,402.1,335.8,336.6,337.4,338.3,322.8,331.2,339.6,347.9,355.4,285.0,293.2,303.2,312.1,303.6,293.8,358.7,367.4,377.5,386.0,378.2,368.4,313.3,323.5,333.4,340.9,348.6,359.6,370.2,360.7,350.8,342.5,334.6,324.4,318.3,334.1,341.7,349.5,365.1,349.5,341.6,334.1,324.6,345.7,366.1,386.5,406.6,424.5,439.2,450.5,452.3,446.1,432.0,416.4,399.2,380.4,360.8,340.9,320.9,314.2,302.5,297.3,298.3,303.1,301.1,295.1,292.9,295.4,303.8,323.5,337.4,351.1,365.3,375.9,378.2,380.2,377.2,373.7,329.3,325.1,324.3,328.1,331.5,332.3,324.9,320.1,319.9,322.9,326.7,327.2,406.6,400.8,397.4,398.9,396.4,398.2,401.8,410.6,415.0,416.7,416.7,414.5,406.5,405.0,405.0,403.5,402.8,404.2,406.0,406.0
133,0,8.524,0.98,1,16.9,112.6,444.1,-0.045,0.067,-0.075,254.9,257.9,262.3,268.1,277.4,291.6,308.0,326.6,347.5,367.6,384.8,399.3,409.7,415.0,417.3,418.9,419.6,266.7,274.3,288.4,304.2,319.5,348.5,363.6,378.3,392.4,401.9,335.9,336.6,337.4,338.3,322.9,331.3,339.6,348.0,355.4,285.1,293.3,303.3,312.1,303.6,293.8,358.8,367.4,377.6,386.0,378.2,368.4,313.3,323.6,333.5,341.0,348.6,359.6,370.3,360.7,350.9,342.5,334.6,324.4,318.3,334.2,341.7,349.6,365.2,349.5,341.6,334.2,324.5,345.6,366.0,386.5,406.5,424.5,439.2,450.5,452.3,446.0,432.0,416.4,399.3,380.6,361.1,341.3,321.4,314.0,302.5,297.3,298.3,303.0,301.0,295.1,292.9,295.3,303.7,323.5,337.3,351.0,365.2,375.9,378.2,380.2,377.2,373.6,329.3,325.1,324.3,328.0,331.5,332.2,324.9,320.1,319.9,322.9,326.6,327.1,406.6,400.8,397.3,398.8,396.3,398.1,401.8,410.6,414.9,416.6,416.7,414.5,406.5,404.9,405.0,403.5,402.8,404.1,406.0,406.0
134,0,8.591,0.98,1,17.0,112.6,444.2,-0.048,0.066,-0.075,255.0,257.9,262.4,268.2,277.4,291.6,308.0,326.7,347.6,367.7,384.8,399.4,409.7,415.0,417.3,418.9,419.6,266.8,274.4,288.4,304.1,319.4,348.6,363.6,378.3,392.3,401.8,336.0,336.7,337.5,338.4,323.0,331.3,339.7,348.0,355.5,285.2,293.4,303.3,312.2,303.7,293.9,358.8,367.4,377.6,386.1,378.3,368.4,313.4,323.6,333.6,341.0,348.7,359.7,370.4,360.9,351.0,342.6,334.7,324.5,318.4,334.3,341.8,349.7,365.3,349.6,341.7,334.2,324.8,345.8,366.1,386.5,406.5,424.4,439.1,450.4,452.2,446.0,431.8,416.3,399.2,380.7,361.2,341.5,321.7,314.0,302.5,297.2,298.2,302.9,300.9,295.0,292.8,295.3,303.5,323.4,337.2,350.9,365.1,375.9,378.1,380.1,377.1,373.6,329.3,325.1,324.3,328.0,331.4,332.2,324.9,320.1,319.9,322.8,326.6,327.1,406.6,400.7,397.2,398.8,396.2,398.0,401.8,410.5,414.9,416.7,416.7,414.5,406.4,404.9,405.0,403.5,402.7,404.1,405.9,406.0
135,0,8.657,0.98,1,17.0,112.6,444.2,-0.050,0.066,-0.075,255.0,257.9,262.4,268.2,277.4,291.6,308.0,326.7,347.6,367.7,384.9,399.4,409.7,415.0,417.3,418.9,419.6,266.8,274.3,288.4,304.2,319.6,348.4,363.4,378.1,392.1,401.7,335.9,336.7,337.5,338.4,322.9,331.3,339.7,348.1,355.5,285.2,293.4,303.3,312.2,303.7,293.9,358.8,367.5,377.6,386.1,378.3,368.5,313.4,323.6,333.6,341.1,348.8,359.8,370.5,361.0,351.1,342.7,334.8,324.5,318.4,334.3,341.9,349.8,365.4,349.7,341.8,334.3,324.9,345.8,366.1,386.5,406.5,424.4,439.1,450.4,452.2,445.9,431.8,416.3,399.2,380.7,361.3,341.7,322.0,314.1,302.5,297.1,298.1,302.9,300.9,295.0,292.8,295.2,303.4,323.4,337.2,350.8,365.0,375.8,378.1,380.0,377.0,373.5,329.3,325.1,324.3,328.0,331.4,332.2,324.8,320.0,319.9,322.8,326.6,327.1,406.6,400.7,397.2,398.7,396.1,398.0,401.7,410.5,414.9,416.6,416.7,414.5,406.4,404.9,404.9,403.4,402.7,404.1,405.9,405.9
136,0,8.724,0.98,1,17.0,112.6,444.3,-0.050,0.065,-0.074,255.0,257.9,262.4,268.2,277.4,291.5,307.9,326.6,347.6,367.7,384.9,399.4,409.7,415.0,417.3,418.9,419.6,266.9,274.5,288.4,304.2,319.4,348.6,363.7,378.3,392.2,401.7,336.0,336.7,337.5,338.4,323.0,331.4,339.8,348.1,355.5,285.3,293.4,303.4,312.2,303.7,294.0,358.9,367.5,377.6,386.1,378.3,368.5,313.4,323.6,333.6,341.1,348.8,359.9,370.5,361.0,351.1,342.8,334.8,324.5,318.4,334.3,341.9,349.8,365.4,349.8,341.8,334.3,324.8,345.8,366.1,386.4,406.5,424.4,439.1,450.4,452.2,445.9,431.8,416.3,399.3,380.8,361.5,341.9,322.3,313.9,302.5,297.2,298.1,302.8,300.8,295.0,292.8,295.2,303.4,323.4,337.2,350.9,365.0,375.8,378.1,380.1,377.1,373.5,329.3,325.1,324.3,328.0,331.4,332.2,324.9,320.1,319.9,322.9,326.6,327.1,406.7,400.7,397.2,398.7,396.2,398.0,401.8,410.5,414.9,416.7,416.8,414.5,406.5,404.9,405.0,403.4,402.7,404.1,406.0,406.0
137,0,8.791,0.98,1,17.0,112.6,444.2,-0.050,0.065,-0.074,255.0,258.0,262.4,268.2,277.4,291.5,307.9,326.7,347.6,367.8,384.9,399.4,409.7,415.0,417.4,419.0,419.7,266.9,274.5,288.6,304.6,319.9,348.3,363.4,378.2,392.3,401.9,336.0,336.8,337.5,338.4,322.9,331.4,339.8,348.1,355.6,285.3,293.5,303.4,312.3,303.8,294.0,358.9,367.5,377.7,386.1,378.3,368.5,313.4,323.6,333.6,341.1,348.8,359.9,370.6,361.0,351.1,342.8,334.8,324.5,318.4,334.3,341.9,349.8,365.4,349.8,341.8,334.3,324.8,345.8,366.1,386.4,406.4,424.4,439.1,450.4,452.2,445.9,431.8,416.3,399.3,380.8,361.5,341.9,322.3,314.0,302.4,297.1,298.2,303.1,301.2,295.2,292.9,295.3,303.7,323.6,337.3,350.9,365.1,375.9,378.1,380.1,377.1,373.6,329.3,325.1,324.3,328.1,331.5,332.2,324.9,320.2,320.0,322.9,326.7,327.2,406.8,400.8,397.3,398.8,396.2,398.1,401.9,410.6,415.0,416.8,416.8,414.6,406.6,405.0,405.1,403.5,402.9,404.2,406.0,406.0
138,0,8.857,0.98,1,17.1,112.8,444.7,-0.050,0.066,-0.073,255.2,258.0,262.4,268.2,277.4,291.6,307.9,326.6,347.6,367.8,384.9,399.4,409.7,415.0,417.3,418.9,419.6,267.2,274.8,288.7,304.3,319.4,349.1,364.1,378.6,392.4,401.7,336.1,336.8,337.6,338.5,323.0,331.4,339.8,348.1,355.5,285.3,293.5,303.4,312.2,303.8,294.0,359.0,367.6,377.7,386.1,378.4,368.6,313.5,323.6,333.6,341.1,348.8,359.8,370.4,361.0,351.1,342.7,334.7,324.5,318.5,334.3,341.9,349.8,365.3,349.7,341.8,334.3,324.9,345.8,366.1,386.5,406.5,424.4,439.1,450.4,452.2,445.9,431.8,416.3,399.3,380.9,361.7,342.2,322.6,313.6,302.3,297.1,298.1,302.7,300.6,294.9,292.8,295.2,303.4,323.5,337.2,350.9,365.0,375.9,378.1,380.1,377.1,373.6,329.4,325.1,324.3,328.1,331.5,332.2,324.9,320.2,320.0,323.0,326.7,327.2,406.9,400.8,397.2,398.7,396.2,398.1,402.0,410.6,415.0,416.8,416.8,414.7,406.7,405.0,405.0,403.5,402.9,404.2,406.0,406.1
139,0,8.924,0.98,1,17.1,112.7,444.3,-0.052,0.067,-0.074,255.1,258.0,262.5,268.3,277.5,291.7,308.0,326.8,347.7,367.9,385.1,399.6,409.8,415.0,417.4,419.0,419.7,267.0,274.6,288.7,304.6,319.9,348.3,363.4,378.1,392.2,401.8,336.1,336.8,337.5,338.4,322.9,331.4,339.8,348.1,355.6,285.3,293.5,303.4,312.3,303.8,294.0,358.9,367.6,377.7,386.2,378.4,368.5,313.4,323.6,333.5,341.1,348.8,359.8,370.5,361.0,351.1,342.7,334.7,324.5,318.5,334.3,341.9,349.8,365.3,349.7,341.8,334.2,324.9,345.8,366.1,386.5,406.5,424.5,439.2,450.4,452.1,445.9,431.7,416.3,399.3,380.9,361.6,342.0,322.5,313.8,302.3,297.1,298.1,303.0,301.0,295.1,292.8,295.1,303.4,323.5,337.2,350.8,364.9,375.8,378.0,380.0,377.0,373.5,329.3,325.1,324.4,328.1,331.5,332.2,324.9,320.2,320.0,322.9,326.7,327.2,406.9,400.8,397.2,398.7,396.1,398.1,402.1,410.7,415.0,416.8,416.9,414.7,406.7,405.0,405.0,403.5,403.0,404.1,406.0,406.0
140,0,8.991,0.98,1,17.1,112.7,444.5,-0.049,0.067,-0.074,255.2,258.0,262.4,268.3,277.5,291.7,308.1,326.8,347.8,367.9,385.0,399.5,409.8,415.1,417.4,419.0,419.7,267.2,274.8,288.6,304.2,319.3,349.1,364.0,378.5,392.3,401.7,336.1,336.8,337.6,338.5,323.0,331.4,339.8,348.1,355.5,285.4,293.5,303.5,312.3,303.8,294.0,359.0,367.6,377.7,386.2,378.4,368.6,313.5,323.6,333.5,341.1,348.8,359.9,370.4,361.0,351.1,342.7,334.7,324.5,318.5,334.3,341.9,349.8,365.3,349.7,341.8,334.2,324.8,345.7,366.1,386.5,406.6,424.6,439.3,450.5,452.2,445.9,431.8,416.3,399.2,380.8,361.5,341.9,322.2,313.5,302.2,297.0,298.0,302.6,300.6,294.8,292.6,295.0,303.1,323.4,337.2,350.8,365.0,375.8,378.0,380.0,377.1,373.5,329.4,325.2,324.4,328.0,331.5,332.2,324.9,320.2,320.0,322.9,326.7,327.2,407.0,400.8,397.2,398.7,396.2,398.1,402.1,410.7,415.1,416.9,416.9,414.7,406.7,405.0,405.1,403.5,403.0,404.2,406.1,406.1
141,0,9.057,0.98,1,17.2,114.0,447.4,-0.055,0.067,-0.074,255.6,258.4,262.5,268.2,277.5,291.8,307.9,326.7,347.6,367.9,385.2,399.8,409.9,415.0,417.2,418.9,419.9,267.7,274.8,288.7,304.7,320.1,348.1,363.1,377.8,391.9,401.7,336.2,336.8,337.5,338.3,322.7,331.3,339.8,348.2,355.8,286.1,294.5,303.9,312.7,304.3,295.0,359.1,367.9,377.7,386.1,378.1,368.6,313.4,323.6,333.5,341.1,348.8,359.8,370.5,360.9,351.1,342.7,334.7,324.5,318.5,334.2,341.9,349.8,365.4,349.7,341.8,334.2,325.4,346.1,366.2,386.5,406.6,424.6,439.4,450.7,452.5,446.0,431.7,416.2,399.2,380.8,361.5,342.0,322.5,314.9,302.9,297.4,298.5,303.5,301.6,295.4,293.1,295.2,303.5,325.1,338.2,351.2,364.7,375.8,378.1,380.1,377.0,373.5,331.6,328.5,327.5,329.9,333.4,334.2,326.7,323.3,323.2,325.2,328.7,329.1,406.9,400.8,397.3,398.8,396.2,398.2,402.1,410.8,415.2,417.1,417.2,415.0,406.7,405.2,405.3,403.7,402.9,404.3,406.1,406.3
142,0,9.123,0.98,1,17.1,113.5,445.3,-0.059,0.065,-0.076,255.9,258.4,262.4,268.2,277.4,291.7,308.1,326.7,347.7,367.9,385.1,399.8,410.0,415.1,417.3,418.9,419.7,267.6,274.9,288.4,303.9,318.9,348.9,363.7,378.1,391.8,401.5,336.0,336.7,337.4,338.2,322.8,331.3,339.9,348.2,355.7,285.3,293.7,303.5,312.6,303.8,294.2,358.9,368.1,378.2,386.8,378.7,368.8,313.5,323.6,333.4,341.1,348.8,359.9,370.6,361.0,351.1,342.7,334.7,324.5,318.5,334.2,341.8,349.8,365.5,349.7,341.7,334.1,325.5,346.3,366.5,386.8,406.7,424.6,439.3,450.6,452.4,446.1,431.9,416.3,399.1,380.3,360.7,341.0,321.4,314.5,303.0,297.6,298.5,303.1,301.0,295.3,293.1,295.3,303.4,325.4,338.4,351.2,364.5,376.2,378.3,380.2,377.3,373.9,332.4,329.1,328.2,330.9,334.5,335.4,327.6,323.9,323.8,325.8,329.7,330.2,407.1,400.9,397.2,398.7,396.1,398.2,402.2,411.0,415.4,417.2,417.3,415.1,406.9,405.3,405.3,403.9,403.0,404.4,406.2,406.3
143,0,9.191,0.98,1,17.1,113.2,445.0,-0.048,0.066,-0.076,254.9,257.9,262.3,268.2,277.6,291.9,308.0,326.5,347.5,367.9,385.2,399.8,410.0,415.2,417.3,419.0,419.9,267.1,274.6,288.6,304.5,319.8,348.2,363.4,378.0,392.1,401.9,336.0,336.7,337.5,338.4,322.6,331.2,339.7,348.2,355.8,285.3,293.7,303.2,312.0,303.5,294.3,359.1,368.0,377.8,386.2,378.1,368.6,313.4,323.5,333.4,341.1,348.9,359.9,370.4,360.9,351.1,342.7,334.6,324.5,318.5,334.2,341.8,349.8,365.3,349.8,341.7,334.1,325.0,346.0,366.3,386.7,406.7,424.7,439.4,450.7,452.5,446.1,431.9,416.2,399.0,380.3,360.8,341.1,321.4,314.4,302.8,297.4,298.5,303.2,301.2,295.4,293.1,295.3,303.3,324.2,337.8,351.2,365.1,375.7,378.0,380.1,377.0,373.4,330.8,327.5,326.5,328.8,332.3,333.2,325.6,322.2,322.2,324.2,327.7,328.0,407.1,400.9,397.4,398.9,396.4,398.3,402.3,411.0,415.4,417.3,417.3,415.1,406.9,405.2,405.3,403.8,403.2,404.3,406.2,406.3
144,0,9.257,0.98,1,17.0,112.9,444.5,-0.042,0.067,-0.077,254.9,257.9,262.3,268.3,277.6,291.9,308.1,326.7,347.6,367.9,385.2,399.7,410.0,415.2,417.4,419.0,419.7,267.1,274.5,288.3,304.0,319.3,348.6,363.6,378.1,391.9,401.5,336.0,336.7,337.5,338.4,322.9,331.3,339.8,348.1,355.6,285.4,293.6,303.3,312.1,303.7,294.2,358.9,367.6,377.5,385.9,378.0,368.4,313.5,323.6,333.5,341.1,348.9,359.8,370.3,360.9,351.1,342.7,334.6,324.5,318.5,334.2,341.9,349.8,365.2,349.8,341.7,334.2,324.5,345.7,366.2,386.7,406.8,424.8,439.5,450.7,452.5,446.1,431.9,416.2,398.9,380.2,360.6,340.9,321.0,314.2,302.7,297.4,298.3,302.9,300.9,295.2,293.0,295.2,303.2,323.7,337.5,351.1,365.2,375.8,378.1,380.2,377.1,373.5,330.0,326.3,325.3,328.4,331.8,332.6,325.2,321.1,321.0,323.5,327.1,327.5,407.1,401.0,397.4,399.0,396.4,398.3,402.3,411.0,415.4,417.2,417.2,415.0,406.9,405.2,405.3,403.7,403.2,404.4,406.3,406.3
145,0,9.324,0.98,1,16.8,112.4,443.0,-0.040,0.067,-0.079,254.6,257.6,262.2,268.2,277.6,291.9,308.2,326.8,347.7,367.9,385.1,399.7,410.0,415.2,417.4,418.8,419.2,266.4,274.2,288.2,304.0,319.2,347.7,362.8,377.5,391.5,401.1,335.6,336.4,337.2,338.2,322.7,331.1,339.6,348.0,355.4,284.7,292.9,302.7,311.6,303.1,293.4,358.4,367.0,377.0,385.5,377.6,367.9,313.5,323.5,333.4,341.0,348.8,359.8,370.3,361.0,351.1,342.7,334.7,324.5,318.5,334.2,341.8,349.8,365.1,349.8,341.7,334.2,324.2,345.4,366.0,386.6,406.8,424.7,439.4,450.7,452.5,446.2,431.9,416.2,398.9,380.1,360.6,340.9,321.1,313.5,302.2,297.1,298.2,302.9,301.0,295.2,292.9,295.1,303.2,323.4,337.3,351.0,365.2,375.9,378.2,380.2,377.2,373.6,329.2,325.1,324.3,327.9,331.3,332.0,324.7,320.1,319.9,322.7,326.4,326.9,407.2,401.1,397.4,399.0,396.4,398.3,402.2,411.0,415.4,417.2,417.2,415.0,407.0,405.2,405.2,403.7,403.2,404.5,406.4,406.4
146,0,9.391,0.98,1,16.6,112.4,444.1,-0.033,0.070,-0.081,254.3,257.5,262.2,268.2,277.6,291.9,308.2,326.9,347.7,368.0,385.1,399.7,410.0,415.3,417.5,418.7,419.0,266.0,273.8,287.6,303.0,318.0,348.2,363.0,377.3,390.9,400.2,335.2,336.1,337.0,338.0,322.8,331.1,339.4,347.7,355.0,284.4,292.3,302.3,311.0,302.6,292.8,358.2,366.3,376.5,384.8,377.2,367.5,313.4,323.4,333.3,340.9,348.6,359.7,370.2,361.0,351.0,342.7,334.7,324.4,318.4,334.2,341.8,349.7,365.0,349.7,341.7,334.2,324.2,345.2,365.7,386.2,406.5,424.6,439.4,450.7,452.5,446.1,431.7,415.9,398.8,380.3,361.0,341.5,321.9,312.6,301.6,296.6,297.7,302.2,300.3,294.7,292.6,294.7,302.5,322.9,336.9,350.9,365.3,375.9,378.2,380.2,377.2,373.5,328.3,323.7,322.9,327.1,330.5,331.1,323.8,318.7,318.4,321.7,325.5,326.0,407.3,401.1,397.4,398.9,396.4,398.1,402.1,410.8,415.3,417.1,417.1,415.0,407.1,405.2,405.2,403.6,403.1,404.5,406.4,406.4
147,0,9.457,0.98,1,16.7,112.2,444.5,-0.035,0.069,-0.081,254.5,257.6,262.2,268.1,277.5,291.9,308.4,327.1,347.9,368.1,385.2,399.8,410.1,415.4,417.5,418.6,418.8,266.0,274.0,287.9,303.3,318.1,348.3,363.1,377.5,391.0,400.2,335.4,336.2,337.1,338.1,322.8,331.2,339.5,347.7,355.0,284.4,292.3,302.4,311.1,302.6,292.7,358.2,366.3,376.5,384.9,377.3,367.6,313.1,323.3,333.5,341.0,348.7,359.9,370.6,361.2,351.2,342.8,334.8,324.4,318.1,334.3,341.9,349.9,365.5,349.9,341.9,334.4,324.4,345.3,365.7,386.1,406.3,424.4,439.1,450.5,452.3,445.8,431.2,415.5,398.5,380.2,361.1,341.9,322.7,312.0,301.2,296.3,297.5,302.2,300.3,294.5,292.4,294.5,302.3,322.8,336.9,350.8,365.2,375.8,378.0,380.0,377.0,373.3,327.9,323.2,322.5,326.9,330.3,330.9,323.7,318.3,318.0,321.4,325.2,325.8,406.1,400.2,396.8,398.2,395.6,397.1,400.7,409.7,414.5,416.3,416.4,414.1,405.9,404.4,404.4,402.7,401.8,403.8,405.8,405.9
148,0,9.524,0.98,1,16.7,110.0,448.1,-0.086,0.062,-0.080,254.5,257.3,260.7,265.3,274.2,288.8,305.9,325.4,347.2,368.2,386.0,401.2,411.9,417.0,418.4,418.8,418.7,265.5,273.7,287.7,303.1,318.2,347.7,362.4,377.0,390.9,400.7,335.3,336.3,337.4,338.6,321.1,330.5,339.8,348.8,356.7,284.1,292.3,302.2,311.2,302.3,292.6,357.8,366.7,376.6,385.2,377.3,367.8,306.6,320.5,332.8,341.2,350.3,363.1,376.8,364.2,352.1,342.5,333.8,321.2,311.6,333.5,342.0,351.3,371.7,351.2,341.8,333.5,326.1,345.8,365.2,384.8,403.6,420.8,435.0,447.3,449.2,442.7,428.3,413.2,396.4,378.2,359.5,341.3,323.2,312.8,301.7,296.4,297.1,302.1,300.2,294.2,292.3,294.6,302.8,322.1,336.1,349.9,364.2,373.0,375.7,378.0,374.1,370.0,327.8,323.3,322.7,326.6,329.6,330.2,323.5,318.3,317.9,321.1,324.2,324.9,394.8,391.9,390.5,391.6,388.8,387.9,388.1,398.5,404.1,406.4,406.6,404.1,395.3,396.8,396.9,394.6,389.6,395.3,397.7,397.9
149,0,9.591,0.98,1,16.2,108.4,447.3,-0.104,0.067,-0.076,254.9,257.3,259.9,263.7,272.1,286.3,303.7,323.7,346.3,368.2,386.8,402.3,413.0,418.1,419.3,419.5,419.3,265.4,273.5,287.4,302.9,318.0,347.1,362.1,377.1,391.4,401.4,334.9,335.9,336.9,338.0,319.4,329.3,339.2,348.6,357.0,283.7,292.1,301.7,310.9,301.8,292.3,357.6,367.0,376.8,385.4,377.3,367.9,302.8,317.8,330.9,340.1,350.4,364.1,379.0,365.0,351.8,341.0,331.5,318.2,307.7,331.4,340.8,351.3,373.9,351.1,340.5,331.3,327.7,346.2,364.4,383.2,401.4,418.4,433.1,445.9,448.1,441.2,426.3,411.2,394.5,376.5,358.1,340.6,323.3,313.0,301.9,296.3,297.1,302.3,300.3,294.0,292.2,294.9,303.5,321.9,335.8,349.6,363.7,371.7,374.7,377.2,373.0,368.8,327.4,323.2,322.6,326.3,328.9,329.5,323.3,318.3,317.9,321.0,323.7,324.4,390.4,388.6,388.1,389.1,386.3,384.5,383.8,393.9,399.7,402.1,402.2,399.6,391.2,393.9,394.2,391.6,385.3,391.6,394.3,394.4
150,0,9.657,0.98,1,16.1,108.2,446.8,-0.102,0.069,-0.075,255.2,257.3,259.6,263.1,271.2,285.4,302.9,323.1,346.0,368.2,386.9,402.6,413.5,418.6,419.7,419.7,419.4,265.5,273.5,287.3,302.8,317.9,346.9,361.9,377.0,391.3,401.3,334.8,335.7,336.7,337.9,319.1,329.1,339.1,348.5,356.9,283.6,292.0,301.6,310.8,301.7,292.3,357.5,367.0,376.7,385.4,377.2,367.8,301.6,317.0,330.5,339.8,350.3,364.5,379.8,365.3,351.6,340.6,331.0,317.3,306.6,331.0,340.5,351.2,374.7,350.9,340.2,330.8,328.5,346.5,364.2,382.5,400.5,417.6,432.5,445.8,448.1,441.1,425.9,410.7,393.9,375.9,357.8,340.6,323.5,313.0,302.0,296.5,297.1,302.4,300.5,294.0,292.2,295.1,303.7,322.0,335.8,349.5,363.6,371.6,374.6,377.2,373.0,368.8,327.4,323.2,322.6,326.3,328.8,329.4,323.3,318.4,318.0,321.0,323.7,324.3,389.6,388.3,388.0,389.1,386.2,384.2,383.1,393.7,399.7,402.1,402.2,399.3,390.5,393.8,394.1,391.5,384.7,391.6,394.3,394.4
151,0,9.724,0.98,1,16.0,108.1,446.6,-0.099,0.067,-0.073,255.3,257.3,259.4,262.7,270.6,284.6,302.1,322.5,345.6,368.0,386.8,402.7,413.7,418.8,419.9,419.9,419.6,265.6,273.5,287.3,302.8,317.8,346.9,362.0,377.1,391.4,401.4,334.7,335.6,336.6,337.8,319.1,329.1,339.0,348.4,356.8,283.6,291.9,301.5,310.8,301.6,292.2,357.6,367.0,376.8,385.4,377.2,367.9,301.3,316.9,330.5,339.8,350.3,364.5,379.9,365.4,351.6,340.6,331.0,317.2,306.4,331.0,340.4,351.1,374.9,350.9,340.1,330.8,328.9,346.5,363.8,381.8,399.6,416.7,431.8,445.5,448.0,441.1,425.8,410.4,393.6,375.7,357.6,340.5,323.5,312.8,302.0,296.4,297.1,302.5,300.5,293.9,292.2,295.1,303.8,322.2,335.8,349.5,363.5,371.7,374.6,377.2,373.1,368.9,327.4,323.2,322.6,326.3,328.8,329.5,323.4,318.4,318.0,321.1,323.7,324.4,389.4,388.2,388.0,389.1,386.2,384.2,382.9,393.8,399.9,402.3,402.3,399.3,390.3,393.9,394.2,391.6,384.5,391.8,394.4,394.4
152,0,9.791,0.98,1,16.0,108.0,446.4,-0.096,0.065,-0.072,255.3,257.2,259.2,262.4,270.1,283.9,301.4,322.0,345.3,367.9,386.8,402.7,413.7,418.9,420.0,419.9,419.6,265.6,273.3,287.0,302.6,317.7,346.8,361.9,377.2,391.5,401.4,334.5,335.5,336.5,337.7,319.1,329.1,339.0,348.3,356.7,283.5,291.8,301.4,310.7,301.6,292.2,357.5,367.0,376.7,385.4,377.2,367.9,301.3,316.9,330.5,339.8,350.2,364.6,379.9,365.5,351.7,340.7,331.1,317.3,306.4,331.0,340.4,351.1,374.9,350.9,340.2,330.8,329.3,346.5,363.4,381.1,398.8,415.9,431.2,445.3,448.1,441.1,425.8,410.4,393.6,375.6,357.4,340.3,323.3,312.8,302.0,296.5,297.2,302.6,300.6,293.9,292.1,295.2,303.8,322.3,336.0,349.6,363.6,371.7,374.7,377.3,373.1,369.0,327.4,323.2,322.6,326.3,328.9,329.5,323.4,318.4,318.0,321.1,323.7,324.4,389.3,388.3,388.1,389.2,386.3,384.2,382.9,393.9,400.0,402.4,402.4,399.3,390.2,394.0,394.3,391.7,384.5,391.9,394.5,394.5
153,0,9.857,0.98,1,15.9,108.0,446.4,-0.094,0.065,-0.071,255.3,257.1,259.0,262.1,269.8,283.5,301.1,321.7,345.1,367.7,386.6,402.5,413.6,418.8,420.0,419.9,419.6,265.7,273.4,287.1,302.6,317.7,346.8,362.0,377.1,391.4,401.3,334.5,335.4,336.4,337.6,319.0,329.0,338.9,348.2,356.6,283.5,291.8,301.4,310.7,301.6,292.2,357.5,367.0,376.7,385.4,377.2,367.8,301.3,316.9,330.4,339.7,350.1,364.4,379.8,365.3,351.6,340.7,331.1,317.3,306.4,330.9,340.3,350.9,374.8,350.7,340.1,330.8,329.0,346.2,363.1,380.8,398.4,415.6,431.0,445.2,448.0,441.1,425.9,410.6,393.7,375.7,357.5,340.3,323.2,312.6,301.8,296.4,297.2,302.6,300.5,293.9,292.0,295.1,303.7,322.3,336.0,349.6,363.6,371.7,374.7,377.3,373.2,369.1,327.4,323.2,322.6,326.3,328.8,329.5,323.4,318.4,318.0,321.1,323.7,324.4,389.3,388.3,388.2,389.3,386.4,384.3,382.9,394.0,400.1,402.4,402.5,399.3,390.2,394.1,394.4,391.8,384.5,392.0,394.6,394.6
154,0,9.924,0.98,1,15.9,108.0,446.1,-0.091,0.064,-0.070,255.2,257.0,258.9,262.1,269.7,283.5,301.0,321.6,344.9,367.3,386.2,402.2,413.4,418.7,419.9,419.9,419.7,265.5,273.2,287.0,302.5,317.6,346.9,362.1,377.4,391.7,401.7,334.4,335.3,336.4,337.5,318.9,328.9,338.8,348.1,356.5,283.5,291.8,301.4,310.7,301.6,292.2,357.5,366.9,376.7,385.4,377.2,367.8,301.3,317.0,330.5,339.7,350.0,364.3,379.7,365.2,351.5,340.7,331.2,317.4,306.4,331.0,340.3,350.8,374.7,350.6,340.1,330.8,328.7,345.9,362.9,380.6,398.3,415.5,431.0,445.2,448.2,441.3,426.2,410.9,394.1,376.0,357.6,340.3,323.0,312.5,301.7,296.4,297.2,302.6,300.6,293.8,291.9,295.1,303.7,322.4,336.0,349.6,363.7,371.7,374.8,377.3,373.2,369.1,327.3,323.1,322.6,326.2,328.8,329.4,323.4,318.4,318.0,321.0,323.7,324.4,389.3,388.4,388.4,389.5,386.6,384.5,383.0,394.1,400.2,402.5,402.6,399.4,390.2,394.2,394.5,391.9,384.6,392.2,394.7,394.7
155,0,9.991,0.98,1,15.8,108.0,446.0,-0.088,0.064,-0.069,255.1,256.9,258.8,262.0,269.7,283.4,300.9,321.6,344.8,367.2,386.1,402.1,413.3,418.6,419.8,419.8,419.6,265.4,273.2,286.9,302.5,317.6,346.9,362.1,377.3,391.6,401.6,334.3,335.3,336.3,337.4,319.0,328.9,338.7,348.0,356.4,283.5,291.8,301.4,310.7,301.6,292.2,357.4,366.8,376.6,385.3,377.1,367.7,301.4,317.0,330.5,339.6,349.8,364.1,379.5,365.0,351.3,340.6,331.2,317.4,306.5,331.0,340.2,350.6,374.5,350.4,340.0,330.8,328.2,345.5,362.6,380.4,398.2,415.5,431.0,445.2,448.2,441.3,426.2,410.9,394.1,376.0,357.6,340.2,322.8,312.4,301.6,296.3,297.2,302.6,300.5,293.8,291.9,295.0,303.6,322.3,336.0,349.6,363.7,371.7,374.8,377.3,373.2,369.1,327.2,323.1,322.5,326.2,328.7,329.4,323.3,318.4,318.0,321.0,323.7,324.4,389.4,388.6,388.5,389.6,386.8,384.7,383.1,394.3,400.4,402.7,402.7,399.6,390.3,394.3,394.7,392.1,384.8,392.3,394.8,394.8
156,0,10.057,0.98,1,15.7,107.9,445.6,-0.087,0.066,-0.069,255.1,256.9,258.9,262.1,269.8,283.6,301.0,321.6,344.8,367.2,386.1,402.1,413.3,418.6,419.8,419.8,419.6,265.4,273.1,286.8,302.4,317.5,346.8,361.9,377.1,391.5,401.5,334.3,335.3,336.3,337.4,319.0,328.9,338.7,347.9,356.3,283.4,291.7,301.3,310.6,301.5,292.1,357.3,366.8,376.5,385.2,377.0,367.7,301.4,317.0,330.6,339.5,349.6,363.8,379.4,364.7,351.0,340.4,331.2,317.4,306.4,331.0,340.2,350.4,374.4,350.1,339.8,330.8,327.9,345.3,362.5,380.4,398.2,415.6,431.0,445.2,448.2,441.3,426.2,410.9,394.1,376.1,357.8,340.4,323.0,312.5,301.7,296.4,297.2,302.5,300.5,293.8,291.9,294.9,303.5,322.2,335.9,349.6,363.7,371.8,374.8,377.4,373.3,369.2,327.2,323.1,322.5,326.1,328.7,329.4,323.2,318.3,317.9,320.9,323.6,324.3,389.7,389.0,388.9,390.0,387.2,385.1,383.4,394.7,400.7,402.9,403.0,399.8,390.6,394.7,395.0,392.5,385.1,392.5,395.0,395.0
157,0,10.124,0.98,1,15.9,108.3,445.1,-0.074,0.063,-0.074,255.1,257.0,259.3,262.8,270.6,284.5,301.9,322.3,345.4,367.7,386.4,402.2,413.3,418.4,419.6,419.6,419.3,265.4,273.0,286.6,302.1,317.3,346.9,361.8,376.6,390.7,400.6,334.4,335.4,336.4,337.6,319.9,329.5,339.0,348.1,356.2,283.6,291.7,301.4,310.6,301.6,292.2,357.5,366.6,376.4,385.0,377.0,367.6,303.3,318.6,331.8,340.2,349.6,363.3,378.4,364.2,351.1,341.2,332.5,319.1,308.4,332.3,340.9,350.4,373.4,350.2,340.6,332.1,327.3,345.1,362.5,380.7,398.9,416.4,431.7,445.7,448.6,441.7,426.4,410.8,393.9,375.9,357.6,340.2,322.8,312.3,301.6,296.2,297.1,302.3,300.3,293.8,291.8,294.4,302.5,322.1,335.9,349.5,363.7,372.5,375.4,377.8,373.8,369.7,327.3,323.0,322.4,326.1,328.9,329.6,323.0,318.0,317.6,320.7,323.6,324.2,391.9,391.1,390.7,391.8,389.1,387.1,385.4,396.5,402.3,404.5,404.7,401.8,392.7,396.6,396.8,394.4,387.1,394.1,396.5,396.6
158,0,10.191,0.98,1,16.2,109.6,445.2,-0.057,0.071,-0.083,254.7,257.4,260.8,265.3,273.5,287.3,304.4,324.2,346.7,368.7,387.1,402.6,413.0,417.6,419.0,419.5,419.5,265.4,272.8,286.4,301.9,317.2,347.2,362.0,376.6,390.3,399.8,334.7,335.5,336.5,337.6,321.3,330.3,339.1,347.7,355.3,283.9,291.8,301.6,310.4,301.9,292.3,357.8,366.4,376.3,384.8,377.0,367.4,308.3,321.0,332.6,340.4,348.8,361.2,374.2,362.3,350.7,341.7,333.5,321.7,313.3,333.3,341.3,349.9,369.1,349.6,341.0,333.2,326.4,345.3,363.7,382.5,401.4,419.0,433.9,446.7,449.0,441.9,426.4,410.4,393.4,375.5,357.6,340.1,322.7,312.3,301.4,295.9,296.8,301.9,300.0,293.8,291.7,294.0,301.8,322.2,335.9,349.6,363.7,373.6,376.1,378.2,374.8,370.8,327.3,322.8,322.1,326.1,329.3,329.9,322.9,317.7,317.3,320.6,323.9,324.6,398.2,394.9,393.0,394.3,391.6,391.2,392.1,401.7,406.8,408.9,409.1,406.8,398.5,399.9,399.9,397.8,393.4,397.6,399.8,400.0
159,0,10.263,0.98,1,16.4,110.6,444.1,-0.048,0.070,-0.084,254.6,257.7,261.7,266.9,275.6,289.4,306.2,325.6,347.4,368.5,386.3,401.3,411.5,416.4,418.3,419.3,419.5,265.4,272.8,286.5,302.2,317.5,347.3,362.4,377.1,391.0,400.5,334.8,335.6,336.5,337.5,321.9,330.6,339.2,347.6,355.1,284.0,291.9,302.0,310.9,302.3,292.5,357.9,366.4,376.6,385.1,377.3,367.5,311.2,322.2,332.9,340.7,348.8,360.5,372.1,361.8,351.2,342.4,334.2,323.3,316.2,333.7,341.6,349.9,367.0,349.9,341.5,333.7,325.8,345.6,364.7,384.1,403.5,421.2,436.0,448.0,450.0,443.1,428.1,412.2,395.1,377.0,358.5,340.1,321.8,312.3,301.3,295.9,296.9,301.8,299.9,293.8,291.6,293.9,301.8,322.4,336.1,349.7,363.8,374.4,376.7,378.7,375.5,371.8,327.6,322.9,322.2,326.5,329.8,330.4,323.1,317.8,317.5,320.8,324.5,325.1,403.0,397.9,394.9,396.2,393.5,394.4,397.2,406.2,411.1,413.1,413.2,411.0,402.9,402.4,402.4,400.6,398.3,400.9,403.0,403.1
160,0,10.329,0.98,1,16.5,111.2,443.8,-0.051,0.071,-0.079,255.0,258.0,262.3,267.8,276.5,290.3,306.7,325.6,347.0,367.8,385.5,400.3,410.6,415.6,417.6,419.1,419.7,266.0,273.2,286.8,302.5,317.8,348.0,363.1,377.7,391.6,401.1,335.3,336.0,336.7,337.6,322.1,330.7,339.2,347.6,355.1,284.7,292.8,302.8,311.7,303.1,293.4,358.3,367.0,377.2,385.7,377.8,368.0,312.2,322.6,332.8,340.5,348.5,359.8,370.9,361.0,350.8,342.2,334.1,323.6,317.2,333.6,341.4,349.6,365.7,349.4,341.2,333.6,325.0,345.5,365.2,385.1,404.6,422.4,437.0,448.5,450.4,443.9,429.5,413.8,396.6,378.2,359.1,340.0,320.8,313.0,301.5,296.0,296.9,301.6,299.6,293.8,291.6,294.0,302.1,322.7,336.3,349.8,363.8,374.7,377.0,378.9,375.9,372.3,328.5,324.3,323.5,327.2,330.7,331.4,324.0,319.2,319.0,321.9,325.7,326.3,404.9,399.1,395.8,397.3,394.6,396.2,399.7,408.4,412.9,414.8,414.8,412.7,404.7,403.5,403.5,401.9,400.6,402.3,404.2,404.2
161,0,10.396,0.98,1,16.5,111.6,444.2,-0.050,0.072,-0.078,255.2,258.2,262.4,268.0,276.8,290.6,306.9,325.8,347.0,367.5,385.0,399.8,410.2,415.4,417.5,419.0,419.6,266.2,273.5,287.4,303.2,318.5,347.4,362.7,377.6,391.7,401.4,335.2,335.9,336.6,337.5,322.1,330.6,339.1,347.5,355.0,284.7,292.8,302.8,311.7,303.2,293.4,358.2,366.8,377.0,385.6,377.7,367.8,312.5,322.8,332.8,340.5,348.3,359.5,370.4,360.7,350.7,342.1,334.1,323.7,317.6,333.6,341.3,349.4,365.2,349.3,341.2,333.5,325.0,345.5,365.4,385.4,405.0,422.8,437.5,448.9,450.8,444.4,430.1,414.5,397.4,378.9,359.5,340.0,320.5,312.9,301.4,296.1,297.1,302.0,300.1,294.1,291.8,294.3,302.6,322.9,336.5,350.0,364.0,374.9,377.1,379.1,376.1,372.5,328.6,324.4,323.6,327.4,330.8,331.5,324.2,319.4,319.2,322.1,325.9,326.5,405.6,399.6,396.1,397.6,395.0,396.8,400.5,409.1,413.6,415.3,415.4,413.3,405.4,403.9,403.9,402.4,401.4,402.8,404.6,404.6
162,0,10.461,0.98,1,16.5,111.8,444.1,-0.049,0.072,-0.077,255.3,258.2,262.5,268.1,277.0,290.8,307.1,325.9,346.9,367.2,384.6,399.3,409.8,415.2,417.4,419.0,419.6,266.2,273.6,287.6,303.5,318.8,347.3,362.7,377.8,392.2,401.9,335.1,335.8,336.6,337.5,322.0,330.5,339.0,347.4,354.9,284.6,292.8,302.8,311.7,303.2,293.3,358.1,366.8,377.0,385.6,377.7,367.8,312.5,322.7,332.7,340.4,348.2,359.4,370.2,360.6,350.6,342.1,334.0,323.7,317.5,333.4,341.2,349.3,365.1,349.2,341.1,333.4,324.8,345.5,365.6,385.6,405.3,423.1,437.7,449.2,451.1,444.8,430.7,415.2,398.1,379.3,359.7,340.0,320.2,313.1,301.6,296.4,297.4,302.2,300.3,294.3,292.0,294.6,303.0,323.0,336.7,350.2,364.2,375.0,377.3,379.3,376.3,372.7,328.6,324.4,323.7,327.4,330.8,331.6,324.3,319.5,319.3,322.2,326.0,326.5,405.8,399.8,396.3,397.8,395.2,397.0,400.8,409.4,413.8,415.6,415.6,413.4,405.6,404.0,404.1,402.5,401.7,403.0,404.8,404.8
163,0,10.530,0.98,1,16.5,111.9,444.2,-0.049,0.072,-0.077,255.3,258.2,262.5,268.1,277.0,290.9,307.1,325.9,346.9,367.2,384.4,399.2,409.7,415.1,417.3,418.9,419.5,266.1,273.5,287.3,303.1,318.4,347.6,362.9,377.9,392.1,401.8,335.0,335.7,336.5,337.4,322.0,330.5,338.9,347.3,354.8,284.6,292.7,302.7,311.7,303.1,293.3,358.0,366.7,376.9,385.5,377.6,367.7,312.7,322.8,332.7,340.3,348.2,359.3,370.1,360.6,350.6,342.1,334.0,323.8,317.7,333.4,341.1,349.2,364.9,349.2,341.1,333.4,324.8,345.6,365.6,385.8,405.5,423.2,437.9,449.3,451.2,444.9,431.0,415.5,398.4,379.6,359.9,340.0,320.1,313.2,301.7,296.5,297.5,302.1,300.2,294.3,292.0,294.6,303.0,323.0,336.7,350.2,364.3,375.1,377.3,379.3,376.3,372.8,328.7,324.5,323.7,327.5,330.9,331.6,324.3,319.4,319.3,322.2,326.0,326.6,406.0,399.9,396.4,397.9,395.3,397.1,401.0,409.6,414.0,415.8,415.8,413.6,405.8,404.1,404.2,402.6,401.9,403.2,405.0,405.0
164,0,10.597,0.98,1,16.4,112.0,444.4,-0.049,0.072,-0.078,255.2,258.2,262.5,268.1,277.0,291.0,307.2,326.1,347.0,367.2,384.4,399.1,409.6,415.1,417.3,418.8,419.4,266.1,273.4,287.3,303.1,318.4,347.2,362.5,377.4,391.7,401.4,334.9,335.6,336.4,337.3,321.9,330.4,338.9,347.2,354.8,284.5,292.6,302.6,311.5,303.0,293.2,358.0,366.6,376.8,385.4,377.5,367.6,312.7,322.8,332.7,340.3,348.1,359.3,370.0,360.5,350.6,342.1,334.0,323.8,317.7,333.4,341.1,349.2,364.9,349.1,341.0,333.4,325.0,345.7,365.7,385.8,405.6,423.4,438.1,449.4,451.2,445.0,431.0,415.6,398.5,379.7,360.0,340.1,320.2,313.3,301.8,296.6,297.6,302.3,300.4,294.4,292.1,294.6,303.0,323.2,336.8,350.3,364.3,375.2,377.4,379.3,376.3,372.8,328.8,324.5,323.7,327.6,331.0,331.7,324.4,319.5,319.3,322.2,326.1,326.6,406.2,400.0,396.4,397.9,395.3,397.2,401.1,409.8,414.2,415.9,415.9,413.8,405.9,404.2,404.2,402.7,402.0,403.3,405.2,405.1
165,0,10.663,0.98,1,16.4,112.1,444.6,-0.048,0.073,-0.079,255.2,258.1,262.5,268.2,277.1,291.1,307.4,326.2,347.1,367.3,384.4,399.2,409.7,415.1,417.3,418.8,419.3,266.0,273.3,287.2,303.0,318.2,347.3,362.5,377.4,391.6,401.3,334.9,335.6,336.4,337.3,321.9,330.4,338.8,347.2,354.7,284.5,292.6,302.6,311.5,302.9,293.1,357.9,366.5,376.8,385.3,377.5,367.6,312.7,322.8,332.7,340.3,348.1,359.3,370.0,360.5,350.6,342.1,334.0,323.8,317.8,333.5,341.1,349.2,364.8,349.1,341.1,333.4,325.0,345.7,365.8,386.0,405.8,423.6,438.3,449.6,451.4,445.1,431.0,415.5,398.4,379.7,360.0,340.1,320.2,313.4,301.9,296.6,297.7,302.4,300.4,294.5,292.2,294.7,303.0,323.2,336.8,350.3,364.3,375.2,377.5,379.4,376.4,372.8,328.9,324.6,323.8,327.6,331.0,331.8,324.4,319.5,319.3,322.2,326.1,326.6,406.3,400.1,396.5,398.0,395.4,397.3,401.2,409.9,414.2,416.0,416.0,413.9,406.0,404.3,404.3,402.8,402.1,403.4,405.3,405.3
166,0,10.726,0.98,1,16.4,112.2,444.8,-0.046,0.073,-0.079,255.1,258.1,262.5,268.1,277.1,291.1,307.4,326.2,347.1,367.2,384.4,399.1,409.6,415.0,417.3,418.7,419.3,266.1,273.4,287.2,303.0,318.2,347.4,362.6,377.4,391.6,401.2,334.9,335.6,336.4,337.3,321.9,330.4,338.8,347.2,354.7,284.5,292.6,302.6,311.4,302.9,293.1,358.0,366.5,376.7,385.3,377.5,367.6,312.8,322.8,332.6,340.3,348.1,359.3,370.0,360.5,350.6,342.1,334.0,323.8,317.8,333.4,341.1,349.2,364.8,349.2,341.1,333.4,324.8,345.6,365.7,385.9,405.8,423.6,438.4,449.7,451.5,445.2,431.1,415.6,398.6,379.8,360.1,340.2,320.2,313.4,301.9,296.7,297.7,302.4,300.5,294.5,292.2,294.6,303.0,323.3,336.9,350.4,364.4,375.3,377.5,379.5,376.4,372.9,328.9,324.6,323.8,327.7,331.1,331.8,324.4,319.6,319.3,322.3,326.1,326.7,406.4,400.2,396.6,398.1,395.5,397.3,401.3,409.9,414.3,416.1,416.1,414.0,406.1,404.3,404.4,402.8,402.2,403.5,405.4,405.4
167,0,10.797,0.98,1,16.4,112.2,444.5,-0.048,0.072,-0.078,255.1,258.1,262.5,268.1,277.1,291.1,307.4,326.2,347.0,367.1,384.3,398.9,409.5,414.9,417.2,418.7,419.3,266.0,273.3,287.3,303.0,318.3,347.3,362.6,377.5,391.7,401.4,334.9,335.6,336.4,337.3,321.9,330.4,338.8,347.2,354.7,284.4,292.5,302.5,311.4,302.9,293.1,357.9,366.5,376.8,385.3,377.5,367.6,312.8,322.8,332.7,340.3,348.1,359.3,370.0,360.5,350.6,342.1,334.1,323.8,317.8,333.5,341.1,349.2,364.8,349.1,341.1,333.4,324.8,345.6,365.8,385.9,405.8,423.6,438.3,449.7,451.5,445.3,431.3,415.9,398.8,380.0,360.2,340.3,320.3,313.5,302.0,296.8,297.7,302.4,300.5,294.5,292.2,294.7,303.0,323.2,336.9,350.4,364.4,375.3,377.5,379.5,376.4,372.9,328.9,324.7,323.8,327.6,331.1,331.8,324.4,319.5,319.3,322.2,326.1,326.6,406.4,400.2,396.6,398.1,395.5,397.4,401.3,410.0,414.4,416.1,416.2,414.0,406.1,404.3,404.4,402.8,402.2,403.5,405.3,405.3
168,0,10.863,0.98,1,16.4,112.2,444.7,-0.049,0.072,-0.079,255.1,258.1,262.5,268.2,277.2,291.2,307.4,326.2,347.1,367.2,384.4,399.0,409.5,414.9,417.2,418.7,419.2,266.1,273.3,287.2,302.9,318.2,347.4,362.6,377.4,391.6,401.2,334.9,335.6,336.4,337.3,322.0,330.4,338.9,347.2,354.7,284.4,292.5,302.5,311.4,302.9,293.1,358.0,366.5,376.7,385.3,377.4,367.6,312.9,322.8,332.7,340.4,348.1,359.3,369.9,360.5,350.6,342.1,334.1,323.9,317.9,333.5,341.2,349.2,364.8,349.2,341.1,333.5,324.9,345.7,365.9,386.0,405.9,423.7,438.4,449.7,451.5,445.2,431.2,415.8,398.7,380.0,360.3,340.4,320.5,313.5,301.9,296.7,297.7,302.3,300.3,294.4,292.2,294.6,302.9,323.1,336.8,350.4,364.4,375.3,377.5,379.4,376.4,372.8,328.9,324.6,323.8,327.6,331.1,331.8,324.3,319.5,319.3,322.2,326.0,326.6,406.4,400.2,396.5,398.0,395.5,397.3,401.3,409.9,414.3,416.1,416.2,414.0,406.2,404.3,404.4,402.8,402.2,403.5,405.3,405.3
169,0,10.930,0.98,1,16.4,112.2,444.5,-0.052,0.072,-0.079,255.1,258.1,262.5,268.2,277.2,291.2,307.5,326.2,347.1,367.2,384.4,399.0,409.5,414.9,417.2,418.7,419.3,266.0,273.3,287.2,303.0,318.3,347.3,362.5,377.4,391.6,401.3,334.9,335.6,336.4,337.3,322.0,330.4,338.9,347.3,354.8,284.4,292.5,302.5,311.4,302.9,293.1,358.0,366.6,376.8,385.4,377.5,367.6,312.8,322.8,332.7,340.4,348.2,359.3,370.0,360.6,350.7,342.2,334.1,323.9,317.9,333.5,341.2,349.2,364.8,349.2,341.1,333.5,325.0,345.8,365.9,386.1,406.0,423.8,438.4,449.7,451.5,445.2,431.2,415.8,398.8,380.1,360.5,340.7,320.9,313.5,301.9,296.7,297.6,302.3,300.4,294.4,292.1,294.6,302.9,323.1,336.8,350.3,364.3,375.3,377.5,379.4,376.4,372.8,328.9,324.6,323.8,327.6,331.1,331.8,324.4,319.5,319.3,322.2,326.0,326.6,406.5,400.2,396.5,398.0,395.4,397.3,401.3,410.0,414.4,416.2,416.2,414.1,406.2,404.4,404.4,402.8,402.2,403.5,405.3,405.4
170,0,10.995,0.98,1,16.1,112.1,444.6,-0.047,0.072,-0.083,254.5,257.7,262.3,268.2,277.3,291.3,307.6,326.2,347.1,367.4,384.6,399.2,409.6,415.0,417.2,418.4,418.7,265.6,273.1,286.8,302.4,317.5,346.6,361.7,376.4,390.3,399.8,334.3,335.2,336.1,337.1,321.9,330.3,338.7,347.0,354.5,283.8,291.8,301.6,310.5,302.0,292.4,357.3,365.6,375.7,384.2,376.4,366.7,312.8,322.7,332.6,340.3,348.1,359.3,369.9,360.6,350.7,342.2,334.1,323.9,317.8,333.5,341.2,349.3,364.8,349.2,341.1,333.5,325.0,345.7,365.9,386.1,406.0,423.8,438.4,449.8,451.6,445.3,431.1,415.6,398.5,380.0,360.6,341.0,321.5,313.1,301.9,296.7,297.5,302.1,300.2,294.4,292.2,294.5,302.5,322.7,336.6,350.3,364.4,375.3,377.5,379.4,376.4,372.7,328.5,324.2,323.3,327.1,330.5,331.3,323.7,318.9,318.7,321.7,325.3,325.9,406.6,400.3,396.6,398.1,395.5,397.2,401.2,409.8,414.3,416.1,416.2,414.1,406.3,404.4,404.4,402.8,402.1,403.4,405.4,405.4
171,0,11.059,0.98,1,16.1,112.2,445.3,-0.044,0.074,-0.083,254.6,257.7,262.4,268.2,277.3,291.3,307.6,326.4,347.3,367.5,384.6,399.3,409.7,415.1,417.3,418.5,418.7,265.6,273.3,287.0,302.3,317.2,346.9,361.9,376.4,390.2,399.6,334.3,335.1,336.0,337.1,321.9,330.3,338.6,346.9,354.3,283.7,291.6,301.5,310.3,301.9,292.1,357.3,365.5,375.6,384.1,376.4,366.7,312.8,322.6,332.6,340.2,348.0,359.2,369.9,360.6,350.7,342.2,334.1,323.8,317.8,333.5,341.1,349.2,364.7,349.2,341.1,333.5,325.1,345.7,365.8,385.9,405.9,423.8,438.4,449.7,451.5,445.2,430.9,415.4,398.4,380.1,360.9,341.5,322.1,312.3,301.4,296.4,297.4,302.0,300.0,294.2,292.0,294.2,302.0,322.7,336.6,350.3,364.5,375.3,377.5,379.5,376.4,372.7,328.2,323.6,322.8,326.9,330.3,331.0,323.5,318.4,318.1,321.3,325.0,325.6,406.6,400.3,396.6,398.0,395.4,397.1,401.1,409.7,414.2,416.1,416.2,414.1,406.3,404.4,404.3,402.7,402.1,403.5,405.4,405.5
172,0,11.130,0.98,1,16.0,112.0,445.0,-0.043,0.076,-0.084,254.6,257.7,262.4,268.2,277.3,291.3,307.6,326.3,347.2,367.4,384.5,399.2,409.7,415.1,417.3,418.4,418.5,265.4,273.2,287.0,302.5,317.4,346.5,361.6,376.2,390.1,399.7,334.1,335.0,335.9,336.9,321.7,330.1,338.5,346.8,354.2,283.5,291.4,301.4,310.2,301.7,291.9,357.3,365.4,375.6,384.1,376.4,366.7,312.6,322.5,332.4,340.1,347.9,359.1,369.8,360.5,350.5,342.0,333.9,323.7,317.7,333.3,341.0,349.0,364.6,349.0,340.9,333.3,325.2,345.8,365.9,386.0,405.9,423.7,438.3,449.7,451.5,445.2,430.9,415.3,398.2,379.8,360.4,340.8,321.3,312.2,301.2,296.3,297.3,302.0,300.1,294.1,291.8,294.1,302.0,322.6,336.5,350.2,364.4,375.2,377.5,379.4,376.4,372.7,328.0,323.3,322.6,326.8,330.2,330.8,323.4,318.1,317.8,321.1,324.9,325.5,406.5,400.1,396.4,397.9,395.3,397.0,401.1,409.7,414.2,416.0,416.1,414.0,406.2,404.2,404.2,402.6,402.0,403.5,405.4,405.4
173,0,11.197,0.98,1,16.0,112.0,445.4,-0.044,0.077,-0.085,254.5,257.7,262.3,268.2,277.3,291.3,307.6,326.4,347.2,367.4,384.6,399.2,409.7,415.0,417.2,418.4,418.5,265.4,273.2,287.0,302.3,317.2,346.5,361.6,376.1,390.0,399.5,334.0,334.9,335.8,336.8,321.7,330.1,338.4,346.7,354.1,283.4,291.3,301.3,310.1,301.7,291.8,357.2,365.3,375.6,384.0,376.4,366.6,312.6,322.4,332.3,340.0,347.8,359.0,369.7,360.4,350.4,341.9,333.8,323.5,317.6,333.2,340.9,348.9,364.5,348.9,340.8,333.2,325.4,346.0,366.1,386.1,406.0,423.8,438.3,449.7,451.4,445.1,430.7,415.1,398.1,379.6,360.3,340.8,321.4,312.0,301.1,296.1,297.1,301.7,299.8,293.9,291.6,293.8,301.7,322.4,336.2,350.0,364.2,375.1,377.3,379.2,376.2,372.6,327.9,323.1,322.4,326.6,330.1,330.8,323.3,317.9,317.6,321.0,324.8,325.4,406.4,399.9,396.2,397.7,395.1,396.9,401.0,409.6,414.1,415.9,415.9,413.8,406.1,404.1,404.1,402.5,401.9,403.3,405.2,405.3
174,0,11.263,0.98,1,15.9,112.0,445.5,-0.045,0.078,-0.086,254.6,257.7,262.4,268.2,277.3,291.4,307.6,326.4,347.2,367.3,384.4,399.1,409.6,415.0,417.2,418.3,418.4,265.1,272.8,286.5,301.9,316.8,346.3,361.4,376.1,390.0,399.6,333.8,334.6,335.6,336.6,321.5,329.9,338.2,346.5,353.9,283.3,291.1,301.2,310.0,301.5,291.7,357.0,365.1,375.4,383.8,376.2,366.4,312.5,322.3,332.2,339.8,347.7,358.9,369.6,360.3,350.3,341.8,333.7,323.5,317.5,333.1,340.8,348.8,364.4,348.8,340.7,333.1,325.6,346.2,366.2,386.2,406.0,423.7,438.3,449.6,451.3,445.0,430.7,415.1,398.1,379.6,360.1,340.5,321.0,312.0,301.0,296.1,297.1,301.7,299.8,293.8,291.5,293.7,301.7,322.4,336.3,349.9,364.1,375.0,377.2,379.1,376.1,372.4,327.8,323.1,322.3,326.6,330.0,330.7,323.2,317.8,317.5,320.8,324.7,325.3,406.3,399.9,396.1,397.6,395.0,396.7,400.9,409.5,414.0,415.8,415.8,413.7,406.0,404.0,403.9,402.3,401.8,403.2,405.2,405.2
175,0,11.330,0.98,1,15.9,112.1,446.0,-0.042,0.076,-0.089,254.5,257.7,262.4,268.3,277.4,291.5,307.8,326.6,347.4,367.4,384.5,399.2,409.6,415.0,417.1,418.1,418.1,265.1,272.7,286.4,301.7,316.5,346.3,361.3,375.9,389.7,399.3,333.7,334.6,335.6,336.7,321.7,330.0,338.3,346.6,353.9,283.3,291.1,301.2,309.9,301.5,291.7,356.9,365.0,375.2,383.7,376.1,366.3,312.8,322.6,332.4,340.0,347.8,358.9,369.6,360.4,350.5,342.0,334.0,323.8,317.8,333.3,340.9,348.9,364.4,348.9,340.9,333.3,325.8,346.4,366.4,386.4,406.1,423.8,438.3,449.5,451.2,444.8,430.5,414.9,397.8,379.2,359.6,339.9,320.3,312.2,301.2,296.2,297.2,301.7,299.7,293.7,291.4,293.6,301.5,322.5,336.3,350.0,364.1,375.0,377.2,379.1,376.1,372.4,328.0,323.2,322.4,326.7,330.2,330.9,323.1,317.7,317.4,320.7,324.6,325.3,406.4,399.9,396.1,397.6,394.9,396.6,400.7,409.4,413.9,415.7,415.8,413.7,406.0,403.9,403.9,402.3,401.7,403.2,405.1,405.2
176,0,11.400,0.98,1,15.9,112.1,446.1,-0.046,0.074,-0.091,254.2,257.5,262.3,268.2,277.4,291.5,307.9,326.8,347.6,367.6,384.6,399.2,409.6,414.9,417.0,418.0,418.0,264.9,272.5,286.2,301.5,316.4,346.2,361.2,375.8,389.6,399.2,333.7,334.6,335.6,336.8,321.8,330.1,338.4,346.6,354.0,283.2,291.0,301.1,309.8,301.5,291.6,356.8,364.8,375.1,383.5,376.0,366.2,313.0,322.7,332.5,340.1,347.8,359.0,369.7,360.5,350.6,342.2,334.2,324.0,318.0,333.5,341.1,349.0,364.5,349.0,341.1,333.5,326.1,346.6,366.5,386.5,406.2,423.9,438.3,449.5,451.1,444.7,430.4,414.8,397.8,379.3,359.9,340.3,320.8,312.7,301.7,296.6,297.4,301.8,299.7,293.6,291.3,293.5,301.5,322.5,336.3,349.9,364.0,375.1,377.3,379.1,376.0,372.3,328.3,323.3,322.5,326.8,330.4,331.1,323.1,317.6,317.1,320.5,324.4,325.2,406.5,400.0,396.1,397.5,394.9,396.6,400.7,409.3,413.8,415.7,415.8,413.8,406.1,404.0,403.9,402.3,401.6,403.2,405.1,405.2
177,0,11.461,0.98,1,15.5,111.1,444.7,-0.052,0.076,-0.097,253.5,257.1,262.0,268.1,277.3,291.4,307.8,326.8,347.5,367.6,384.6,399.3,409.6,414.8,416.7,417.6,417.5,264.0,271.1,284.7,300.2,315.2,345.4,360.2,374.7,388.5,398.2,332.9,334.0,335.0,336.2,321.4,329.8,338.1,346.3,353.6,282.6,290.4,300.5,309.4,300.9,291.0,356.2,364.3,374.7,383.2,375.6,365.7,312.7,322.3,332.1,339.8,347.6,358.8,369.5,360.3,350.4,341.9,333.8,323.6,317.7,333.0,340.8,348.8,364.3,348.8,340.7,333.0,325.8,346.5,366.5,386.6,406.3,424.0,438.4,449.4,450.9,444.5,430.2,414.5,397.2,378.3,358.4,338.4,318.5,312.7,301.2,295.8,296.5,300.7,298.5,292.6,290.2,292.3,300.2,321.4,335.2,348.8,362.9,374.2,376.3,378.1,375.0,371.4,327.7,322.8,321.9,326.1,329.8,330.6,322.2,316.7,316.3,319.6,323.6,324.4,405.8,399.1,395.2,396.6,394.0,395.7,400.0,408.6,413.1,414.9,415.1,413.1,405.4,403.1,403.0,401.4,400.9,402.3,404.3,404.4
178,0,11.530,0.98,1,15.3,111.4,445.5,-0.038,0.078,-0.098,253.6,257.0,261.8,267.9,277.2,291.4,307.8,326.7,347.4,367.5,384.5,399.1,409.5,414.7,416.6,417.4,417.3,264.0,271.4,285.1,300.5,315.5,344.9,359.8,374.4,388.4,398.2,332.7,333.7,334.7,335.9,321.1,329.4,337.7,345.9,353.3,282.4,290.3,300.3,309.1,300.7,290.9,355.9,364.0,374.3,382.8,375.2,365.4,312.5,322.2,331.9,339.5,347.2,358.4,369.1,359.9,350.0,341.6,333.6,323.5,317.5,332.8,340.5,348.4,363.9,348.4,340.4,332.8,325.5,346.1,366.1,386.2,405.9,423.6,438.0,449.1,450.6,444.2,429.8,414.1,396.8,377.9,357.9,337.9,317.9,312.2,300.9,295.8,296.7,301.2,299.0,292.8,290.3,292.4,300.3,322.0,335.7,349.3,363.3,374.5,376.6,378.4,375.3,371.7,328.0,323.3,322.4,326.5,330.1,330.9,322.6,317.3,316.9,320.1,324.1,324.8,405.8,399.3,395.6,397.0,394.3,396.0,399.9,408.8,413.2,415.0,415.1,413.1,405.5,403.3,403.3,401.6,400.9,402.6,404.5,404.6
179,0,11.596,0.98,1,16.7,120.3,450.8,0.077,0.064,-0.105,254.7,257.9,262.8,269.2,279.0,293.5,309.8,328.3,348.5,368.1,384.5,398.7,409.0,414.4,416.4,417.2,417.1,266.4,273.9,286.9,301.5,315.7,347.3,361.5,374.8,387.7,397.2,334.1,335.3,336.5,337.8,323.0,331.3,339.5,347.7,354.9,284.1,291.9,301.7,310.4,302.1,292.5,357.2,365.2,375.2,383.5,376.2,366.6,314.5,324.3,333.9,341.5,349.2,360.0,370.2,361.4,351.7,343.4,335.4,325.4,319.5,334.7,342.3,350.2,365.4,350.1,342.2,334.6,329.0,349.2,368.6,388.3,408.5,427.0,442.4,454.2,455.8,449.0,434.2,417.7,400.0,381.2,361.6,341.6,321.5,319.7,309.9,305.7,306.8,310.7,307.9,302.2,299.8,301.4,307.9,331.7,346.2,360.5,375.3,384.2,386.6,388.6,385.5,381.7,337.3,333.2,332.4,336.0,339.7,340.4,331.8,327.1,326.6,329.0,333.3,334.1,413.8,408.7,405.4,406.9,404.2,405.2,407.7,417.3,422.2,424.2,424.2,421.8,413.9,412.7,412.7,411.0,409.2,411.9,413.9,413.9
180,0,11.663,0.98,1,19.5,145.4,473.6,0.071,0.037,-0.099,260.6,263.4,267.8,274.0,283.3,297.2,313.0,330.5,349.4,367.1,381.7,394.9,405.5,411.5,413.8,414.7,414.4,269.4,277.0,289.7,303.7,317.3,350.8,364.4,377.5,389.9,398.9,336.4,337.8,339.3,340.8,325.4,333.6,341.9,350.0,357.2,285.9,293.6,303.5,312.5,304.1,294.4,359.2,367.1,377.2,385.5,378.3,368.6,316.3,326.6,336.2,343.8,351.4,362.4,372.6,363.9,354.1,345.8,337.7,327.6,321.2,336.9,344.6,352.4,368.1,352.4,344.6,336.9,354.8,373.1,390.3,407.4,424.9,441.1,455.0,466.0,468.0,462.0,448.7,434.2,418.7,402.0,384.1,365.2,346.3,340.2,331.9,328.9,330.7,335.1,332.0,325.3,322.0,323.0,328.6,354.9,369.9,384.8,399.9,405.8,408.5,410.6,407.2,403.2,358.4,354.3,353.8,357.7,361.0,361.6,353.8,348.2,347.3,349.6,354.2,355.3,431.0,427.8,425.6,426.9,424.2,424.1,424.8,434.8,440.4,442.4,442.4,439.3,431.5,432.1,432.1,430.3,426.5,430.5,432.4,432.3
181,0,11.797,0.62,0,18.6,136.2,447.8,-0.051,0.017,-0.078,256.2,258.4,262.5,267.9,276.2,289.5,307.0,325.7,346.0,365.3,381.8,396.8,408.5,415.1,417.9,419.1,418.6,266.8,276.9,291.4,306.6,321.2,351.6,365.0,378.6,392.8,404.2,338.2,339.3,340.4,341.6,325.5,333.8,342.4,350.5,357.9,284.3,293.6,305.2,315.4,305.6,293.9,361.2,370.3,381.6,391.2,383.5,372.3,312.8,325.5,336.9,343.7,351.1,362.3,374.4,363.7,353.3,345.2,337.6,326.0,317.9,337.2,344.2,351.8,369.7,351.8,344.1,337.0,354.8,375.5,395.6,414.8,432.3,447.1,458.4,467.1,468.5,463.8,452.3,438.8,422.7,404.4,384.7,364.0,342.7,340.9,332.6,330.0,331.8,336.2,332.0,324.9,320.7,320.4,326.5,350.2,365.6,380.9,396.5,404.7,407.1,408.7,405.6,402.2,354.3,348.5,348.1,355.0,357.7,358.4,350.2,341.2,339.8,344.0,349.4,351.0,429.3,426.2,423.5,424.9,422.0,422.9,423.4,434.2,439.8,441.5,441.6,438.4,429.8,430.3,430.3,428.6,425.2,429.3,430.8,430.7
182,0,12.163,0.43,0,18.5,132.9,441.5,0.096,-0.001,-0.087,257.4,260.1,265.3,272.0,281.5,294.7,309.9,327.4,346.5,363.8,378.1,391.7,402.8,410.3,414.5,416.7,417.1,265.0,274.5,289.6,305.8,320.5,351.5,366.0,380.6,395.1,405.5,337.8,339.4,341.0,342.6,325.3,334.2,343.2,351.7,359.4,282.9,292.1,304.6,315.4,305.1,292.5,360.1,369.6,381.7,391.0,384.0,372.0,314.4,326.2,336.8,344.4,352.3,363.4,374.1,364.6,354.5,345.8,337.5,326.5,319.9,337.0,344.8,353.0,369.3,352.9,344.6,336.7,347.9,368.3,387.9,406.7,424.8,441.3,455.7,467.5,470.1,464.6,450.2,432.6,414.4,395.0,374.3,353.3,331.9,336.2,327.0,324.7,327.1,332.3,328.8,320.1,314.4,313.9,320.5,349.9,365.8,381.8,397.9,405.2,407.9,409.8,406.2,402.1,351.8,346.4,346.4,354.0,357.2,357.8,349.6,339.5,337.7,341.5,348.8,350.9,430.0,427.7,425.1,426.8,423.9,424.2,424.0,435.0,440.7,442.4,442.3,438.7,431.0,431.9,432.3,430.6,425.9,430.3,432.2,431.7
183,0,12.230,0.77,1,15.7,108.8,421.8,0.137,0.043,-0.098,254.0,256.6,261.1,266.9,275.5,288.5,305.6,324.6,346.6,368.1,385.7,399.9,410.4,416.2,418.7,419.5,418.6,260.9,269.9,284.7,299.9,314.7,350.6,365.0,379.4,394.1,405.2,334.5,336.2,337.7,339.3,322.7,330.8,340.0,348.9,356.5,282.3,290.3,300.6,310.5,301.5,291.3,357.5,366.8,376.9,385.7,377.7,367.9,311.8,325.8,335.5,342.3,350.1,359.3,371.3,358.9,349.5,341.6,334.4,325.2,316.5,335.6,342.7,350.7,366.9,348.3,340.7,334.0,326.5,344.9,363.0,380.8,399.5,417.0,434.0,447.6,450.3,443.3,425.3,407.0,388.1,369.7,351.2,333.1,313.0,310.0,306.3,306.5,312.0,319.2,315.6,306.4,299.2,296.4,298.6,328.2,349.0,370.3,391.2,388.3,393.8,397.1,392.3,386.2,323.5,320.1,319.9,323.9,327.1,327.9,321.3,315.1,314.2,316.3,321.5,322.1,405.7,411.8,413.6,415.3,412.5,409.5,401.7,407.9,410.5,412.3,411.6,409.8,408.3,417.3,418.0,415.6,404.7,400.9,403.0,402.3
184,0,12.291,0.93,1,15.9,109.4,440.8,0.045,0.070,-0.097,254.0,257.6,262.3,268.4,277.5,291.2,307.2,325.9,347.0,367.5,384.9,399.4,409.4,414.6,416.6,417.7,418.0,264.8,271.5,286.8,303.8,319.7,344.2,359.2,375.0,390.6,401.2,334.1,335.3,336.4,337.7,320.9,329.7,338.8,347.7,355.4,284.3,292.5,302.2,311.1,302.6,293.1,356.9,365.9,375.6,383.9,376.2,366.8,312.3,323.0,332.6,340.3,348.3,358.6,369.4,359.4,350.0,341.3,333.2,323.5,317.1,333.1,340.8,349.1,364.5,348.7,340.4,332.7,322.9,343.6,363.3,383.0,402.3,419.9,435.2,447.0,448.5,441.7,426.7,410.3,392.3,373.0,352.8,332.4,311.6,311.4,299.5,295.1,297.6,304.3,301.8,293.8,289.6,290.6,298.9,322.0,338.7,355.2,371.9,376.1,379.8,382.7,378.5,373.9,325.5,322.1,321.6,324.7,327.8,328.5,321.4,316.8,316.4,318.3,322.3,323.1,401.6,398.4,396.7,398.4,395.6,396.0,396.9,405.9,410.2,412.1,411.9,409.6,401.9,402.8,403.2,401.4,398.3,400.0,402.2,402.0
185,0,12.363,0.98,1,16.1,111.3,450.4,-0.026,0.076,-0.093,255.1,258.0,262.5,268.5,277.7,291.7,307.7,326.3,347.0,367.2,384.5,399.1,409.2,414.2,415.9,417.0,417.1,267.2,274.6,287.8,302.6,317.0,346.4,360.8,374.7,388.0,397.8,334.0,334.8,335.7,336.7,322.0,330.2,338.4,346.5,353.8,284.8,292.8,302.5,311.1,302.8,293.3,356.8,365.2,375.1,383.5,375.9,366.3,312.9,322.7,332.3,339.9,347.6,358.5,369.0,359.7,349.9,341.5,333.5,323.6,317.8,333.0,340.6,348.6,364.0,348.4,340.4,332.9,323.4,344.3,364.4,384.6,404.3,421.8,436.1,446.8,448.3,442.0,428.0,412.0,394.2,374.7,354.4,334.1,313.7,311.2,300.3,295.2,296.0,299.8,297.4,291.8,289.6,291.6,299.2,320.5,334.1,347.6,361.5,372.5,374.7,376.5,373.5,370.2,327.7,323.6,322.7,325.9,329.5,330.4,322.2,317.8,317.6,320.0,323.9,324.5,403.5,397.1,393.5,395.0,392.4,394.3,398.3,407.2,411.5,413.2,413.2,411.0,403.3,401.3,401.3,399.8,399.2,400.8,402.5,402.5
186,0,12.430,0.98,1,15.8,111.7,449.2,-0.031,0.074,-0.098,254.8,258.0,262.6,268.6,277.8,291.9,308.0,326.6,347.2,367.2,384.3,398.8,408.9,413.9,415.6,416.7,416.8,265.9,272.7,286.2,301.7,316.8,345.0,359.7,374.0,388.0,398.0,333.4,334.4,335.3,336.3,321.6,329.9,338.2,346.4,353.7,284.2,292.2,302.0,310.7,302.4,292.9,356.2,364.8,374.8,383.2,375.5,365.8,312.8,322.5,332.2,339.8,347.5,358.4,369.0,359.7,349.9,341.5,333.5,323.5,317.6,332.9,340.6,348.6,364.0,348.4,340.4,332.8,324.1,345.0,365.0,385.2,404.8,422.4,436.7,447.5,448.9,442.4,428.3,412.3,394.6,375.1,354.9,334.5,314.0,313.6,302.0,296.5,297.3,301.4,299.0,293.0,290.5,292.5,300.5,321.7,335.2,348.5,362.3,373.4,375.5,377.3,374.3,370.8,328.8,324.8,323.8,327.0,330.6,331.5,323.0,318.5,318.2,320.6,324.6,325.2,404.3,398.2,394.5,396.0,393.3,395.1,398.8,407.8,412.1,413.9,414.0,411.8,404.1,402.1,402.2,400.6,399.8,401.5,403.3,403.3
187,0,12.497,0.98,1,15.4,112.4,449.7,-0.028,0.078,-0.101,254.5,257.7,262.3,268.3,277.6,291.7,307.8,326.4,347.0,367.0,384.1,398.6,408.7,413.7,415.4,416.4,416.5,265.7,272.6,285.9,301.0,315.8,344.7,359.2,373.4,387.2,397.2,332.8,333.7,334.6,335.7,321.0,329.3,337.6,345.8,353.1,283.7,291.7,301.4,310.2,301.9,292.4,355.7,364.3,374.2,382.7,375.0,365.4,312.3,322.0,331.6,339.2,347.0,357.9,368.5,359.2,349.4,341.0,333.0,323.0,317.2,332.4,340.0,348.0,363.6,347.8,339.8,332.2,325.2,345.9,365.9,386.0,405.6,423.0,437.3,448.0,449.3,442.8,428.8,412.9,395.2,375.7,355.4,334.9,314.4,313.6,302.3,297.0,297.7,301.7,299.1,293.2,290.8,292.8,300.6,322.3,335.8,349.3,363.2,374.1,376.2,378.1,375.0,371.6,329.5,325.6,324.6,327.7,331.4,332.3,323.7,319.3,319.0,321.3,325.3,326.0,405.0,398.8,395.2,396.6,394.0,395.8,399.5,408.5,412.8,414.6,414.6,412.5,404.8,402.8,402.9,401.3,400.5,402.1,403.9,404.0
188,0,12.558,0.98,1,14.8,112.9,449.1,-0.018,0.078,-0.103,253.9,256.9,261.4,267.5,276.9,291.1,307.3,326.0,346.6,366.6,383.6,398.1,408.3,413.4,415.1,416.0,415.9,265.2,272.2,285.4,300.3,314.8,344.0,358.4,372.4,386.1,396.2,331.9,332.8,333.7,334.8,320.1,328.5,336.8,345.0,352.4,282.9,290.8,300.5,309.3,300.9,291.5,355.0,363.5,373.5,381.9,374.2,364.6,311.7,321.4,330.9,338.6,346.3,357.3,368.0,358.7,348.9,340.4,332.4,322.5,316.5,331.7,339.4,347.4,363.0,347.3,339.2,331.6,325.8,346.4,366.3,386.3,405.9,423.5,438.0,448.7,450.0,443.3,429.2,413.3,395.5,376.1,355.7,335.2,314.6,313.6,302.6,297.6,298.5,302.5,299.9,294.0,291.5,293.4,300.9,323.1,336.7,350.2,364.2,375.0,377.2,379.0,375.9,372.4,330.1,326.2,325.2,328.4,332.0,332.9,324.3,319.9,319.6,321.8,325.8,326.6,405.9,399.8,396.1,397.6,394.9,396.6,400.1,409.2,413.6,415.4,415.5,413.4,405.7,403.8,403.8,402.2,401.2,403.0,404.9,404.9
189,0,12.624,0.98,1,14.3,113.5,449.2,-0.013,0.078,-0.104,253.2,256.2,260.7,266.9,276.3,290.5,306.8,325.5,346.1,366.1,383.2,397.7,407.9,413.1,414.8,415.6,415.5,264.6,271.7,284.8,299.7,314.2,343.4,357.8,371.7,385.4,395.5,331.3,332.3,333.2,334.3,319.6,328.0,336.3,344.5,351.9,282.2,290.2,299.9,308.6,300.3,290.9,354.5,363.0,372.9,381.4,373.7,364.1,311.1,320.9,330.4,338.0,345.7,356.8,367.5,358.2,348.3,339.9,331.9,321.9,316.0,331.2,338.9,346.8,362.5,346.7,338.7,331.1,326.4,347.0,366.8,386.7,406.4,424.0,438.4,449.2,450.5,443.8,429.6,413.7,395.9,376.5,356.2,335.6,315.1,314.2,303.2,298.3,299.1,303.2,300.5,294.5,292.0,293.8,301.2,323.7,337.4,350.9,365.0,375.6,377.8,379.6,376.5,373.0,330.7,326.7,325.8,328.9,332.5,333.4,324.8,320.4,320.0,322.3,326.3,327.0,406.4,400.4,396.7,398.1,395.5,397.2,400.7,409.9,414.4,416.2,416.3,414.1,406.2,404.4,404.4,402.8,401.8,403.8,405.6,405.6
190,0,12.691,0.98,1,14.1,113.9,449.5,-0.011,0.078,-0.104,253.0,255.9,260.4,266.6,276.0,290.3,306.6,325.3,345.8,365.8,382.8,397.4,407.6,412.8,414.5,415.3,415.2,264.4,271.5,284.6,299.6,314.1,343.1,357.5,371.6,385.3,395.3,331.0,332.0,333.0,334.0,319.3,327.7,336.0,344.2,351.6,282.0,290.0,299.6,308.3,300.0,290.6,354.3,362.7,372.6,381.0,373.4,363.8,310.9,320.7,330.2,337.8,345.5,356.5,367.2,357.9,348.0,339.6,331.6,321.7,315.8,331.0,338.6,346.5,362.2,346.4,338.4,330.8,326.9,347.5,367.3,387.3,406.9,424.5,438.9,449.6,450.8,444.1,429.9,413.9,396.2,376.7,356.3,335.7,315.1,314.5,303.6,298.6,299.5,303.6,300.9,294.8,292.3,294.1,301.6,324.2,337.9,351.5,365.5,376.1,378.3,380.1,377.0,373.5,331.1,327.2,326.2,329.3,333.0,333.8,325.2,320.8,320.4,322.6,326.6,327.4,406.9,400.9,397.2,398.6,396.0,397.6,401.2,410.3,414.7,416.5,416.5,414.4,406.7,404.9,404.9,403.3,402.2,404.1,405.9,406.0
191,0,12.758,0.98,1,14.0,115.7,452.8,-0.029,0.074,-0.103,253.7,256.1,260.1,266.1,275.7,290.2,306.4,325.1,345.7,365.7,382.7,397.3,407.3,412.3,413.9,414.8,415.0,265.5,272.3,284.8,299.5,313.7,342.9,357.0,370.7,384.0,394.3,331.0,331.8,332.6,333.5,318.9,327.4,335.8,344.0,351.5,282.5,290.6,299.9,308.7,300.3,291.3,353.9,363.0,372.6,381.1,373.2,363.7,310.7,320.4,329.8,337.4,345.1,356.1,367.0,357.4,347.6,339.2,331.3,321.5,315.5,330.6,338.2,346.1,362.0,346.0,338.1,330.5,327.8,348.1,367.8,387.8,407.2,424.7,439.1,449.8,451.0,444.3,430.2,414.3,396.6,377.1,356.8,336.3,315.9,315.7,304.7,299.5,300.2,304.2,301.6,295.7,293.3,295.0,302.4,326.8,339.5,352.1,365.2,376.7,378.8,380.5,377.4,374.1,334.9,332.0,330.9,332.9,336.6,337.7,328.7,325.5,325.3,326.5,330.5,331.2,407.1,401.1,397.3,398.7,396.0,397.8,401.3,410.5,414.9,416.8,417.0,414.9,406.9,405.2,405.2,403.6,402.2,404.4,406.2,406.3
192,0,12.824,0.98,1,13.7,115.0,449.9,-0.029,0.073,-0.103,252.9,255.6,259.8,265.9,275.5,290.0,306.3,325.0,345.6,365.5,382.5,397.0,407.1,412.1,413.7,414.7,415.0,264.1,271.2,284.1,299.0,313.5,342.6,356.9,370.8,384.5,395.0,330.7,331.5,332.4,333.4,318.5,327.1,335.6,343.9,351.4,281.2,289.4,299.0,308.1,299.5,290.1,354.1,363.3,373.2,381.9,373.9,364.1,310.4,320.2,329.6,337.2,344.9,356.0,366.9,357.3,347.4,339.0,331.1,321.3,315.3,330.4,338.0,345.9,361.9,345.8,337.9,330.3,327.3,347.8,367.6,387.7,407.2,424.7,439.2,450.1,451.4,444.7,430.6,414.6,396.8,377.1,356.7,336.1,315.6,316.0,304.8,299.7,300.4,304.4,301.8,296.0,293.5,295.2,302.6,326.4,339.4,352.2,365.5,377.0,379.0,380.8,377.7,374.3,334.6,331.4,330.3,332.7,336.5,337.5,328.5,324.9,324.6,326.1,330.3,331.0,407.4,401.3,397.5,398.9,396.3,398.1,401.6,410.7,415.1,417.0,417.2,415.1,407.2,405.4,405.4,403.8,402.5,404.5,406.3,406.4
193,0,12.891,0.98,1,13.7,115.2,451.2,-0.011,0.076,-0.103,252.5,255.4,259.8,266.0,275.5,290.0,306.1,324.7,345.2,365.2,382.2,396.7,406.9,412.1,413.8,414.8,415.0,264.3,271.4,284.3,299.2,313.6,342.8,357.2,371.0,384.5,394.8,330.5,331.5,332.4,333.4,318.5,327.0,335.4,343.8,351.2,281.5,289.6,299.0,307.6,299.4,290.3,354.1,362.8,372.5,380.8,373.0,363.6,310.3,320.1,329.6,337.2,344.9,355.9,366.6,357.3,347.4,339.0,331.1,321.2,315.2,330.4,338.0,345.9,361.7,345.8,337.8,330.3,327.1,347.7,367.4,387.4,407.1,424.8,439.4,450.3,451.5,444.9,430.8,414.9,397.2,377.6,357.1,336.4,315.8,315.4,304.6,299.7,300.5,304.4,301.8,296.0,293.6,295.3,302.4,325.5,339.0,352.3,366.2,376.6,378.9,380.8,377.6,374.0,333.0,329.8,328.7,330.8,334.5,335.5,326.7,323.4,323.2,324.7,328.5,329.1,407.4,401.4,397.8,399.2,396.6,398.2,401.7,410.9,415.3,417.2,417.3,415.2,407.2,405.5,405.5,403.9,402.7,404.7,406.5,406.5
194,0,12.957,0.98,1,13.7,114.9,450.5,-0.012,0.077,-0.101,252.8,255.6,259.9,266.1,275.6,289.9,306.0,324.6,345.2,365.2,382.1,396.5,406.8,412.1,413.9,414.9,415.0,264.6,271.7,284.7,299.5,313.9,342.7,357.1,371.0,384.6,394.8,330.6,331.5,332.4,333.4,318.6,327.0,335.4,343.7,351.2,281.8,289.8,299.2,307.8,299.6,290.5,354.0,362.6,372.3,380.6,372.9,363.5,310.5,320.2,329.7,337.3,345.0,355.9,366.6,357.3,347.5,339.1,331.1,321.3,315.3,330.4,338.0,345.9,361.7,345.8,337.9,330.3,327.2,347.7,367.4,387.3,407.0,424.8,439.4,450.3,451.6,445.0,430.9,415.0,397.3,377.8,357.4,336.7,316.0,315.3,304.5,299.7,300.5,304.5,301.9,296.0,293.5,295.3,302.6,325.1,338.7,352.3,366.3,376.6,378.9,380.8,377.5,374.0,332.2,328.8,327.8,330.2,333.8,334.8,326.2,322.5,322.3,324.0,327.8,328.4,407.4,401.5,397.9,399.3,396.7,398.3,401.7,410.9,415.4,417.2,417.3,415.1,407.2,405.5,405.5,403.9,402.8,404.7,406.5,406.6
195,0,13.024,0.98,1,13.9,114.7,450.3,-0.016,0.077,-0.099,253.1,255.9,260.4,266.5,276.0,290.2,306.3,324.8,345.3,365.1,382.0,396.4,406.8,412.1,414.0,415.1,415.2,264.6,271.8,285.0,299.9,314.3,343.0,357.4,371.5,385.2,395.4,330.9,331.8,332.7,333.7,319.0,327.3,335.7,343.9,351.3,282.0,290.1,299.6,308.3,300.0,290.7,354.2,362.7,372.5,380.9,373.2,363.7,310.7,320.4,329.9,337.4,345.1,356.1,366.7,357.4,347.6,339.2,331.2,321.4,315.5,330.6,338.2,346.1,361.7,346.0,338.0,330.5,327.2,347.7,367.5,387.5,407.1,424.8,439.4,450.3,451.6,445.1,431.1,415.2,397.6,378.2,357.8,337.1,316.5,314.9,304.1,299.4,300.4,304.5,302.0,296.0,293.4,295.2,302.6,324.9,338.5,352.1,366.1,376.5,378.7,380.6,377.5,374.0,331.6,327.8,326.9,329.8,333.4,334.2,325.9,321.8,321.5,323.6,327.5,328.2,407.2,401.3,397.7,399.2,396.6,398.3,401.8,411.0,415.3,417.1,417.1,414.9,407.1,405.3,405.3,403.8,402.9,404.7,406.5,406.5
196,0,13.091,0.98,1,14.1,114.6,450.7,-0.013,0.077,-0.098,253.5,256.2,260.6,266.7,276.0,290.2,306.3,324.9,345.4,365.2,382.1,396.5,406.9,412.3,414.2,415.2,415.2,265.1,272.3,285.4,300.2,314.4,343.5,357.9,371.7,385.3,395.3,331.2,332.1,333.0,334.0,319.3,327.6,335.9,344.1,351.5,282.2,290.2,299.8,308.4,300.2,290.8,354.5,362.9,372.7,381.1,373.5,364.0,310.9,320.6,330.1,337.6,345.3,356.3,366.8,357.6,347.8,339.4,331.5,321.6,315.8,330.8,338.4,346.3,361.9,346.2,338.3,330.7,327.0,347.4,367.1,387.0,406.7,424.5,439.2,450.2,451.5,445.0,431.0,415.1,397.4,378.0,357.6,337.0,316.4,314.5,303.8,299.2,300.1,304.2,301.7,295.8,293.3,295.1,302.4,324.6,338.3,351.9,365.9,376.3,378.6,380.5,377.4,373.9,331.3,327.5,326.6,329.6,333.1,334.0,325.7,321.5,321.2,323.4,327.3,327.9,407.1,401.1,397.5,399.0,396.4,398.1,401.7,410.8,415.2,417.0,417.0,414.8,407.0,405.1,405.2,403.6,402.7,404.6,406.4,406.3
197,0,13.157,0.98,1,14.2,114.4,450.5,-0.015,0.077,-0.097,253.5,256.3,260.6,266.7,276.1,290.3,306.4,325.1,345.5,365.4,382.2,396.6,407.0,412.4,414.3,415.3,415.4,265.2,272.4,285.5,300.3,314.5,343.8,358.2,372.1,385.7,395.8,331.4,332.3,333.2,334.2,319.4,327.7,336.1,344.3,351.7,282.4,290.4,299.9,308.6,300.3,291.0,354.6,363.0,372.9,381.3,373.6,364.1,311.0,320.7,330.2,337.7,345.4,356.4,367.0,357.7,347.9,339.5,331.5,321.7,315.8,330.9,338.5,346.4,362.1,346.3,338.3,330.8,326.6,347.1,366.9,386.9,406.6,424.4,439.1,450.0,451.4,444.9,431.0,415.1,397.5,378.1,357.7,337.0,316.3,314.3,303.6,298.9,299.9,303.9,301.3,295.4,293.0,294.9,302.3,324.4,338.1,351.7,365.8,376.2,378.4,380.3,377.2,373.7,331.1,327.3,326.4,329.4,332.9,333.8,325.5,321.3,321.0,323.2,327.1,327.7,407.0,401.0,397.4,398.8,396.2,398.0,401.5,410.7,415.0,416.8,416.8,414.6,406.8,405.0,405.0,403.5,402.6,404.4,406.2,406.1
198,0,13.224,0.98,1,14.2,114.3,450.1,-0.016,0.076,-0.098,253.4,256.1,260.5,266.6,276.0,290.2,306.4,325.0,345.5,365.4,382.3,396.7,407.1,412.5,414.3,415.3,415.4,264.9,272.2,285.3,300.1,314.4,343.6,358.1,372.2,385.8,395.9,331.2,332.2,333.1,334.1,319.4,327.7,336.0,344.3,351.7,282.2,290.1,299.7,308.4,300.2,290.8,354.5,362.9,372.8,381.2,373.6,364.0,310.9,320.7,330.2,337.8,345.4,356.5,367.1,357.8,347.9,339.5,331.6,321.7,315.8,330.9,338.5,346.4,362.2,346.3,338.4,330.8,326.8,347.3,367.0,387.0,406.6,424.3,438.9,449.9,451.3,444.8,430.9,415.1,397.4,377.9,357.4,336.7,316.0,314.4,303.7,299.0,299.8,303.7,301.1,295.3,292.8,294.8,302.3,324.3,338.0,351.6,365.7,376.1,378.4,380.3,377.1,373.6,331.2,327.3,326.4,329.4,333.0,333.9,325.4,321.2,320.9,323.1,327.0,327.7,406.9,400.9,397.3,398.8,396.2,397.9,401.4,410.5,414.9,416.7,416.7,414.5,406.8,404.9,405.0,403.4,402.5,404.3,406.1,406.0
199,0,13.291,0.98,1,13.8,114.2,449.7,-0.019,0.077,-0.101,253.0,255.9,260.3,266.4,275.7,289.9,306.1,324.8,345.4,365.3,382.2,396.7,407.0,412.3,414.1,415.1,415.1,264.2,271.4,284.5,299.4,313.8,342.9,357.5,371.6,385.3,395.5,330.7,331.6,332.6,333.6,319.0,327.3,335.6,343.8,351.2,281.7,289.6,299.2,308.0,299.7,290.3,354.0,362.5,372.4,380.8,373.1,363.6,310.7,320.4,329.9,337.4,345.1,356.1,366.8,357.5,347.7,339.3,331.3,321.5,315.6,330.6,338.2,346.1,361.8,346.0,338.1,330.5,327.3,347.7,367.4,387.2,406.7,424.3,438.9,449.8,451.2,444.7,430.7,414.8,397.2,377.7,357.3,336.7,316.1,314.7,303.9,299.1,300.0,303.9,301.3,295.4,292.9,294.8,302.2,324.4,338.1,351.6,365.7,376.2,378.4,380.2,377.1,373.6,331.3,327.4,326.4,329.5,333.1,334.0,325.4,321.1,320.8,323.0,327.0,327.7,407.0,401.0,397.4,398.8,396.2,397.9,401.4,410.5,414.9,416.7,416.7,414.6,406.9,405.0,405.0,403.4,402.4,404.3,406.0,406.1
200,0,13.358,0.98,1,14.3,114.5,450.9,-0.021,0.065,-0.097,253.0,255.9,260.2,266.2,275.5,289.7,306.0,324.9,345.4,365.3,382.1,396.4,406.7,412.0,413.8,414.8,414.8,264.7,271.8,285.2,300.3,314.8,343.9,358.2,372.2,385.7,395.7,331.7,332.7,333.7,334.8,319.8,328.2,336.5,344.7,352.1,282.3,290.3,299.9,308.6,300.3,290.9,354.8,363.2,373.1,381.4,373.8,364.3,311.3,321.1,330.7,338.2,345.8,356.7,367.1,358.0,348.3,340.0,332.0,322.1,316.2,331.4,338.9,346.8,362.2,346.7,338.8,331.3,327.3,347.7,367.2,387.0,406.6,424.3,438.9,449.8,451.3,444.7,430.7,414.8,397.3,378.0,357.8,337.3,316.9,314.9,304.0,299.2,300.1,304.2,301.7,295.7,293.1,294.9,302.3,324.6,338.2,351.8,365.8,376.2,378.4,380.3,377.2,373.6,331.3,327.4,326.5,329.5,333.1,334.0,325.5,321.2,320.9,323.1,327.0,327.7,407.1,401.0,397.4,398.8,396.2,397.9,401.5,410.5,414.8,416.6,416.7,414.6,406.9,405.0,405.0,403.4,402.5,404.3,406.1,406.1
201,0,13.424,0.98,1,24.4,112.6,447.3,-0.060,-0.065,-0.069,256.1,258.8,262.7,268.2,277.8,293.0,311.2,331.9,353.3,372.7,388.2,401.0,410.1,414.9,417.0,418.4,418.5,274.4,281.8,296.1,312.3,328.1,358.4,371.0,383.4,395.7,405.0,346.1,348.1,350.1,352.2,334.3,343.1,351.9,359.9,367.0,294.0,302.7,312.5,321.5,313.0,303.4,367.0,375.5,385.1,392.9,385.7,376.3,323.7,335.6,346.0,353.6,361.1,371.0,379.6,372.1,363.5,355.5,347.6,336.7,329.1,346.4,354.0,361.7,375.1,361.9,354.3,346.7,324.6,345.3,365.2,385.2,405.0,422.9,437.5,448.7,450.7,444.8,431.2,415.5,397.9,379.0,359.2,339.2,319.2,315.5,303.6,297.6,298.2,302.2,299.8,294.2,291.9,293.2,300.3,322.8,336.4,349.9,363.9,375.0,377.1,378.9,375.7,372.0,330.7,326.7,325.6,328.4,332.1,333.2,324.2,320.1,319.8,322.1,325.8,326.4,406.3,399.9,396.0,397.3,394.5,396.3,400.2,408.9,413.5,415.5,415.7,413.9,406.0,404.0,403.8,402.1,401.3,402.6,404.5,404.7
202,0,13.491,0.98,1,47.9,109.1,438.7,-0.134,-0.318,-0.030,269.4,271.0,273.5,278.6,290.1,308.4,330.9,355.2,376.3,392.3,402.1,410.8,418.2,423.1,425.5,426.1,425.0,303.5,316.3,333.1,350.5,366.1,390.5,400.6,410.2,419.5,425.8,379.4,383.4,387.7,392.1,369.5,378.4,387.0,393.9,399.5,323.3,333.8,343.4,351.6,343.8,334.3,392.2,399.8,407.9,413.8,408.6,400.7,355.0,371.2,382.5,389.3,395.6,402.0,405.0,402.3,397.0,390.4,383.3,371.4,361.0,381.8,388.6,395.0,402.1,395.7,389.3,382.5,328.9,349.7,370.8,391.3,410.1,425.8,437.7,447.8,449.9,445.3,433.2,419.2,402.5,383.6,363.6,343.7,324.3,309.5,299.6,295.3,296.4,301.2,298.8,292.6,289.9,291.4,298.7,321.2,333.5,345.4,357.9,371.9,373.6,375.0,372.3,369.1,328.5,324.4,323.4,326.6,329.8,330.8,322.9,318.3,318.1,320.6,324.0,324.7,403.8,396.1,391.6,392.9,390.3,392.8,397.7,405.3,409.5,411.2,411.5,410.0,403.1,399.9,399.6,398.1,398.2,398.8,400.5,400.8
203,0,13.624,0.88,1,79.4,111.5,451.1,-0.085,-0.486,-0.006,294.2,294.9,297.4,304.0,318.8,340.4,365.4,390.8,410.3,423.4,428.8,433.8,438.2,441.6,443.2,441.6,437.8,349.6,362.3,377.3,393.0,406.9,427.4,432.5,437.6,442.2,444.9,418.5,422.8,427.9,433.1,409.5,417.0,424.6,430.7,434.8,368.5,378.8,386.7,392.0,386.6,378.6,422.1,428.4,434.4,437.0,434.7,429.1,394.7,410.8,421.3,426.4,430.4,433.5,431.5,432.3,429.9,425.8,420.5,410.3,399.7,420.3,425.2,429.2,429.9,429.6,425.6,420.8,325.8,348.2,370.9,393.0,412.9,428.6,439.1,446.6,446.8,439.7,424.7,409.5,393.0,376.5,360.5,345.0,329.9,308.1,298.9,294.1,295.3,300.2,298.5,294.1,292.0,292.7,298.4,321.4,332.7,343.6,355.0,371.2,372.1,373.3,371.4,368.2,327.9,323.7,323.0,327.0,330.0,330.6,324.1,319.5,319.3,322.7,325.7,326.2,403.6,395.0,390.3,391.6,389.3,392.3,398.2,404.1,407.8,409.6,410.0,409.1,402.5,398.7,398.3,397.0,398.5,397.9,399.9,400.6
204,0,13.792,0.98,1,45.1,109.8,437.5,-0.116,-0.091,0.024,277.1,277.5,279.7,284.8,295.5,312.2,331.2,351.4,372.5,391.2,405.5,417.4,426.7,432.6,436.4,438.9,439.5,302.4,314.1,330.0,346.4,361.8,391.3,403.7,415.7,426.8,433.3,377.0,378.4,380.0,381.8,360.1,369.1,378.1,386.3,393.2,320.2,329.9,339.9,348.8,339.7,329.8,393.8,402.8,412.2,419.3,412.1,402.9,344.5,358.7,370.4,377.7,385.0,393.8,400.4,393.4,385.2,377.5,369.8,358.3,350.0,369.9,377.3,384.7,396.0,385.0,377.7,370.3,317.8,340.7,363.7,386.0,406.9,424.7,438.5,449.0,451.7,447.3,434.6,420.3,403.9,386.3,368.2,349.9,331.9,304.0,294.3,290.5,293.0,299.3,299.9,295.6,294.4,297.0,305.1,320.8,334.3,347.6,361.4,372.6,375.2,377.7,375.5,372.3,323.6,320.4,320.3,324.2,326.8,327.0,324.9,321.5,322.2,325.6,328.2,327.7,404.3,398.1,394.7,396.7,394.6,397.8,403.2,410.7,414.4,415.7,415.3,412.6,404.4,403.0,403.4,402.4,403.7,402.9,404.2,404.0
205,0,13.924,0.98,1,6.1,108.9,439.7,-0.095,0.319,0.063,266.8,265.4,266.4,269.1,273.5,281.7,291.2,303.8,322.7,344.8,367.3,387.7,403.4,413.7,419.6,424.3,428.5,272.3,279.6,290.9,303.2,314.4,340.8,356.7,372.7,387.6,398.5,325.7,322.6,319.4,316.1,304.8,311.9,319.2,327.7,335.7,283.8,291.2,300.1,307.7,299.3,290.6,351.7,360.8,370.8,379.9,370.6,360.8,295.4,302.5,310.8,317.2,324.9,336.8,349.8,336.4,324.7,316.3,309.1,301.6,299.3,310.6,317.4,325.1,344.2,324.8,316.9,310.2,316.8,336.8,356.5,376.5,396.2,414.8,430.8,444.5,450.1,448.5,439.4,427.6,412.3,393.4,372.3,351.0,329.8,298.1,288.8,286.9,290.7,297.4,299.7,295.7,295.4,299.9,309.7,319.6,332.4,345.1,358.3,368.1,371.7,374.7,373.5,372.0,318.0,315.7,316.5,321.2,323.1,322.3,325.9,323.1,324.6,328.6,331.0,330.0,397.9,393.0,390.8,393.7,392.7,397.5,404.1,411.0,413.0,412.7,411.1,406.9,398.5,398.9,400.4,400.7,403.7,401.9,401.7,400.1
206,0,14.058,0.77,1,13.5,110.4,439.9,-0.089,0.253,0.116,273.2,270.1,270.6,273.4,277.7,285.2,295.6,309.4,328.0,348.3,368.5,387.4,403.4,414.6,422.6,429.9,436.5,281.5,289.5,301.0,313.5,324.9,354.1,369.9,385.5,400.2,411.6,336.0,332.9,329.5,325.8,314.7,321.4,328.3,336.6,344.5,292.2,300.5,311.0,319.3,310.0,299.7,362.2,372.9,384.3,393.7,384.3,372.8,304.5,311.2,319.8,325.5,332.1,343.5,355.5,342.9,331.9,324.6,318.0,310.3,309.1,319.2,325.3,331.7,350.0,331.6,325.0,318.9,311.8,330.9,350.0,369.7,389.8,409.6,427.6,442.7,449.4,449.4,442.7,432.1,417.7,399.8,379.1,357.0,334.1,300.0,291.1,289.9,293.3,299.0,300.3,295.9,295.3,299.7,309.9,319.8,332.9,346.0,359.5,370.2,373.4,376.1,375.3,374.5,319.5,316.1,317.2,323.8,325.7,324.9,327.7,322.9,324.3,329.4,333.3,332.2,402.2,396.3,392.9,395.7,394.5,400.8,408.7,416.8,418.9,418.6,417.1,412.5,402.9,401.9,403.2,403.7,408.3,406.3,405.9,404.3
207,0,14.124,0.88,1,20.3,116.4,458.0,-0.067,0.143,0.127,273.3,271.3,272.0,274.6,278.6,286.4,297.4,312.6,331.0,349.8,367.9,386.0,402.3,414.4,422.5,429.3,435.3,286.3,294.5,307.3,321.3,333.6,363.8,379.2,393.5,407.1,416.8,345.1,343.6,341.8,339.8,326.1,332.6,339.5,347.4,354.9,297.9,306.5,316.6,324.5,315.8,306.1,370.4,379.0,389.4,397.5,389.6,379.4,314.5,323.0,331.7,337.0,342.7,352.8,362.2,351.6,341.5,335.1,329.0,321.4,319.8,330.3,336.1,341.6,357.6,341.2,335.5,329.8,315.3,333.5,351.4,369.6,389.0,408.4,425.9,441.7,449.3,450.1,444.3,434.5,420.8,403.2,381.8,358.4,334.6,303.9,293.9,292.1,295.1,300.4,301.5,296.7,296.1,300.5,310.6,322.3,335.9,349.4,363.4,371.6,375.2,378.0,376.8,375.5,322.5,319.0,319.7,324.9,327.3,326.7,328.1,323.8,324.9,329.4,332.8,332.0,404.5,398.2,395.0,397.5,396.6,402.1,409.9,418.0,419.4,418.8,417.3,413.1,405.0,403.1,404.3,404.7,409.5,408.3,407.7,406.2
208,0,14.191,0.98,1,24.5,114.5,450.6,-0.092,0.044,0.056,269.5,269.1,270.5,273.7,280.0,291.1,305.1,322.3,342.5,362.0,379.6,395.6,409.3,418.2,423.5,427.3,430.3,282.8,291.4,305.3,320.4,333.9,364.2,379.4,393.7,406.6,415.2,347.9,347.8,347.7,347.6,331.1,339.1,347.2,355.7,363.4,297.7,306.1,315.9,324.7,315.9,306.3,370.8,379.3,389.1,397.3,389.4,379.9,319.6,330.5,340.4,347.5,355.3,366.0,375.5,366.1,356.2,347.9,340.2,330.4,325.1,340.0,347.4,355.2,370.7,355.4,347.6,340.2,318.8,337.8,356.7,375.7,395.3,414.1,430.7,445.6,451.5,449.8,440.4,428.7,414.2,396.7,376.6,355.7,335.0,306.0,296.4,293.4,295.8,301.5,302.1,297.2,296.4,300.4,309.4,324.2,337.6,350.8,364.5,373.8,377.0,379.6,377.4,374.8,325.5,322.2,322.3,326.2,328.8,328.8,327.5,323.7,324.5,327.9,330.7,330.4,404.3,399.0,396.1,398.2,396.5,399.6,404.7,412.3,415.7,416.5,415.7,412.5,404.7,404.1,404.7,404.1,405.0,404.9,405.7,404.8
209,0,14.258,0.98,1,22.8,113.6,447.6,-0.083,0.084,0.015,266.3,267.1,269.7,273.8,281.2,293.7,309.0,327.1,347.7,367.7,385.0,400.1,411.8,418.8,422.9,426.2,428.6,278.9,286.9,300.7,316.0,330.4,360.3,375.7,390.4,403.8,412.3,345.3,345.1,344.8,344.7,328.7,336.8,345.0,353.5,361.2,295.4,303.6,313.3,322.0,313.3,303.8,367.9,376.8,386.7,394.9,386.8,377.2,317.6,327.8,337.7,345.1,352.8,363.7,373.9,364.1,354.1,345.7,338.0,328.1,322.7,338.0,345.4,353.2,368.8,353.3,345.5,338.1,319.3,339.4,359.2,379.3,399.6,418.6,434.9,447.9,451.7,447.6,435.9,423.0,408.1,391.1,372.3,352.9,333.5,308.4,297.6,293.3,295.4,301.3,301.7,297.0,296.1,300.1,309.2,323.9,337.4,350.8,364.6,374.2,377.0,379.6,377.2,374.3,325.9,322.5,322.4,326.4,329.1,329.2,327.1,323.3,324.0,327.4,330.3,329.9,404.5,399.2,396.2,398.2,396.3,399.2,404.0,411.7,415.3,416.4,415.8,413.0,404.6,404.0,404.6,403.7,404.5,404.4,405.6,405.0
210,0,14.324,0.98,1,22.1,113.5,448.2,-0.075,0.093,-0.000,265.3,266.4,269.2,273.6,281.3,294.0,309.3,327.1,347.9,368.3,386.0,401.2,412.4,418.8,422.5,425.4,427.4,278.0,285.9,299.4,314.3,328.5,359.1,374.2,388.5,401.7,410.1,344.2,343.9,343.6,343.5,327.8,336.0,344.1,352.5,360.1,294.4,302.5,312.1,320.6,312.1,302.7,366.6,375.4,385.2,393.4,385.4,375.8,316.9,326.9,336.9,344.2,351.8,362.8,373.2,363.2,353.1,344.9,337.1,327.2,321.8,337.3,344.6,352.5,368.0,352.5,344.6,337.3,320.0,340.2,360.1,380.4,400.7,419.6,435.5,448.1,451.5,446.8,434.3,420.7,405.3,388.3,369.9,351.0,332.2,308.2,297.7,293.3,295.3,301.0,301.3,296.6,295.7,299.3,308.0,323.7,337.2,350.5,364.3,374.2,376.9,379.4,377.1,374.1,326.0,322.6,322.5,326.4,329.2,329.3,326.7,323.0,323.6,326.9,329.8,329.6,404.5,399.1,396.1,398.0,396.0,398.8,403.5,411.3,415.0,416.2,415.7,412.9,404.6,404.0,404.4,403.5,404.1,404.1,405.4,405.0
211,0,14.391,0.98,1,21.7,113.2,447.5,-0.074,0.089,-0.008,264.2,265.6,268.6,273.2,281.1,294.0,309.3,327.2,348.0,368.4,386.1,401.3,412.4,418.6,422.1,424.8,426.8,276.5,284.3,298.1,313.4,327.9,358.3,373.7,388.4,401.8,410.2,343.6,343.4,343.2,343.2,327.5,335.7,343.8,352.2,359.8,293.5,301.7,311.4,319.9,311.4,301.8,366.1,375.0,384.9,393.1,385.0,375.4,316.7,326.8,336.7,344.0,351.6,362.5,372.8,363.0,353.0,344.7,337.0,327.1,321.7,337.1,344.5,352.3,367.6,352.3,344.4,337.1,320.4,340.9,360.9,381.2,401.5,420.1,435.8,448.3,451.5,446.5,433.7,419.7,404.1,386.9,368.5,349.8,331.1,309.2,298.3,293.7,295.7,301.5,301.5,296.7,295.6,299.2,308.1,323.8,337.2,350.4,364.1,374.2,376.9,379.3,376.9,373.9,326.3,322.8,322.6,326.5,329.4,329.5,326.6,322.8,323.3,326.6,329.6,329.4,404.6,399.1,396.0,397.9,395.9,398.6,403.3,411.1,414.8,416.1,415.7,412.9,404.6,403.9,404.3,403.3,403.8,403.9,405.3,404.9
212,0,14.458,0.98,1,21.0,113.3,447.7,-0.072,0.089,-0.016,263.3,264.8,267.9,272.6,280.7,293.6,309.1,327.0,347.9,368.4,386.1,401.2,412.1,418.0,421.3,423.9,425.7,275.8,283.5,297.1,312.3,326.8,356.8,372.1,386.8,400.2,408.7,342.5,342.3,342.2,342.1,326.6,334.8,343.0,351.4,359.0,292.6,300.7,310.4,319.0,310.5,301.0,365.0,373.8,383.7,392.0,383.9,374.3,316.2,326.2,336.1,343.4,351.1,362.0,372.4,362.6,352.7,344.4,336.6,326.7,321.2,336.6,344.0,351.8,367.2,351.9,344.0,336.6,321.0,341.4,361.4,381.6,401.8,420.4,436.0,448.4,451.5,446.3,433.3,419.1,403.4,386.1,367.7,349.0,330.4,309.5,298.6,294.1,296.0,301.8,301.6,296.7,295.4,299.0,307.8,323.8,337.2,350.4,364.2,374.4,377.0,379.3,376.9,373.8,326.6,323.1,322.8,326.7,329.6,329.8,326.5,322.6,323.1,326.3,329.4,329.3,404.8,399.2,396.1,397.9,395.8,398.4,403.0,411.0,414.8,416.1,415.8,413.1,404.8,404.0,404.3,403.3,403.6,403.9,405.3,405.0
213,0,14.524,0.98,1,20.0,113.3,447.8,-0.072,0.092,-0.021,262.3,263.9,267.1,271.9,279.9,292.8,308.2,326.1,347.0,367.6,385.4,400.5,411.3,417.3,420.5,423.0,424.8,274.4,282.1,295.7,310.9,325.4,355.2,370.4,385.0,398.5,407.3,341.1,341.0,340.9,340.9,325.4,333.7,341.8,350.3,357.9,291.3,299.4,309.1,317.7,309.2,299.7,363.8,372.6,382.5,390.8,382.7,373.1,314.9,324.9,334.8,342.2,350.0,361.1,371.6,361.7,351.6,343.2,335.3,325.3,319.8,335.3,342.8,350.8,366.4,350.8,342.8,335.3,321.5,341.9,361.9,382.2,402.3,420.8,436.3,448.6,451.5,446.3,433.2,419.0,403.1,385.7,367.2,348.4,329.7,309.7,298.8,294.2,296.1,301.8,301.5,296.5,295.2,298.5,307.2,323.7,337.1,350.4,364.1,374.4,377.0,379.3,376.8,373.7,326.8,323.3,323.0,326.8,329.7,329.9,326.4,322.5,322.9,326.1,329.2,329.1,404.8,399.2,396.0,397.9,395.8,398.3,402.9,410.9,414.7,416.1,415.7,413.1,404.8,403.9,404.3,403.2,403.5,403.8,405.3,404.9
214,0,14.592,0.98,1,19.4,113.2,447.8,-0.066,0.094,-0.024,261.8,263.3,266.5,271.3,279.4,292.4,307.8,325.8,346.6,367.1,384.8,399.9,410.9,417.0,420.2,422.6,424.2,273.9,281.7,295.2,310.3,324.7,354.3,369.5,384.1,397.6,406.5,340.3,340.2,340.1,340.2,324.8,333.0,341.2,349.5,357.1,290.6,298.8,308.4,317.0,308.5,299.0,363.0,371.9,381.8,390.1,382.0,372.4,314.5,324.4,334.2,341.6,349.3,360.3,370.8,361.0,350.9,342.6,334.7,324.9,319.4,334.7,342.2,350.0,365.6,350.0,342.1,334.7,321.6,341.9,361.9,382.2,402.3,420.8,436.3,448.5,451.4,446.1,433.2,418.9,402.8,385.1,366.2,347.0,327.8,309.5,298.7,294.2,296.1,301.6,301.3,296.2,294.8,298.1,306.9,323.6,337.0,350.3,364.1,374.3,376.9,379.2,376.7,373.6,326.7,323.2,322.9,326.7,329.7,329.9,326.2,322.3,322.7,325.8,329.0,329.0,404.8,399.1,395.9,397.8,395.7,398.2,402.8,410.9,414.7,416.0,415.6,413.0,404.7,403.8,404.2,403.1,403.4,403.8,405.2,404.9
215,0,14.659,0.98,1,18.9,112.9,447.6,-0.056,0.094,-0.030,261.2,262.9,266.1,270.9,279.0,292.0,307.4,325.4,346.1,366.5,384.2,399.5,410.6,416.9,420.0,422.2,423.5,273.1,280.7,294.3,309.5,323.9,353.3,368.7,383.5,397.2,406.1,339.5,339.5,339.5,339.7,324.2,332.4,340.6,349.0,356.6,289.9,298.0,307.6,316.2,307.7,298.2,362.2,370.9,380.8,389.0,381.1,371.5,314.2,324.0,333.8,341.2,348.9,359.9,370.2,360.5,350.5,342.1,334.3,324.5,319.1,334.2,341.7,349.6,365.1,349.6,341.6,334.2,321.4,342.0,362.1,382.4,402.4,420.9,436.4,448.6,451.5,446.3,433.2,418.7,402.3,384.1,364.6,344.9,325.3,309.5,298.7,294.2,296.1,301.5,301.1,295.9,294.5,298.0,306.8,323.3,336.8,350.2,364.1,374.1,376.7,379.1,376.5,373.4,326.4,322.8,322.5,326.3,329.3,329.6,325.6,321.6,322.0,325.1,328.3,328.3,404.7,399.0,395.9,397.8,395.7,398.1,402.6,410.8,414.5,415.8,415.4,412.7,404.7,403.6,404.0,403.0,403.2,403.8,405.1,404.7
216,0,14.724,0.98,1,18.4,112.4,447.5,-0.045,0.100,-0.038,260.4,262.4,266.0,270.9,279.0,292.0,307.3,325.4,346.0,366.5,384.2,399.5,410.6,416.8,419.7,421.8,422.8,272.0,279.7,293.2,308.2,322.7,352.4,367.7,382.3,395.9,404.8,338.6,338.7,338.8,339.1,323.9,332.0,340.1,348.4,355.9,289.0,296.9,306.8,315.2,306.8,297.2,361.4,369.8,379.9,388.1,380.3,370.7,313.7,323.5,333.3,340.7,348.5,359.5,369.9,360.2,350.1,341.7,333.8,324.0,318.6,333.8,341.3,349.2,364.8,349.2,341.2,333.7,321.0,341.8,362.1,382.5,402.6,421.1,436.5,448.6,451.4,446.1,432.9,418.1,401.4,382.9,363.3,343.5,323.6,309.0,298.2,293.7,295.4,300.5,300.2,295.1,293.7,297.0,305.7,322.1,335.9,349.6,363.8,373.8,376.5,378.8,376.2,373.0,325.3,321.1,320.8,325.2,328.2,328.5,324.4,319.8,320.1,323.6,327.0,327.1,404.6,398.9,395.7,397.6,395.5,397.9,402.4,410.6,414.3,415.5,415.1,412.4,404.6,403.4,403.9,402.8,403.0,403.6,405.0,404.5
217,0,14.792,0.98,1,18.2,112.3,448.2,-0.037,0.105,-0.043,260.1,262.2,266.0,271.0,279.1,292.1,307.4,325.4,345.9,366.4,384.3,399.7,410.7,416.8,419.7,421.6,422.5,271.7,279.5,293.0,307.9,322.1,352.0,366.8,381.1,394.5,403.7,338.3,338.4,338.5,338.7,323.8,331.8,339.8,348.1,355.6,288.7,296.6,306.6,315.0,306.5,296.8,361.2,369.5,379.6,387.9,380.2,370.4,313.5,323.3,333.1,340.5,348.3,359.2,369.6,360.0,349.8,341.4,333.5,323.7,318.4,333.5,341.1,349.0,364.5,348.9,340.9,333.4,321.0,341.9,362.3,382.7,403.0,421.4,436.7,448.6,451.1,445.8,432.6,417.6,400.7,382.0,362.2,342.3,322.3,308.2,297.6,293.4,295.1,300.2,299.9,294.8,293.3,296.1,304.4,321.7,335.6,349.4,363.7,373.8,376.5,378.8,376.2,373.0,324.9,320.5,320.3,325.1,328.2,328.3,324.1,319.3,319.4,323.2,326.7,326.9,404.5,398.7,395.5,397.4,395.3,397.6,402.2,410.4,414.1,415.4,414.9,412.3,404.4,403.3,403.7,402.6,402.9,403.6,404.9,404.5
218,0,14.858,0.98,1,18.1,112.3,448.5,-0.036,0.106,-0.044,260.0,262.1,265.9,271.0,279.1,292.1,307.3,325.2,345.7,366.3,384.2,399.6,410.6,416.6,419.5,421.4,422.3,271.7,279.7,293.1,307.9,322.0,351.8,366.5,380.6,393.9,403.1,338.2,338.3,338.4,338.6,323.7,331.7,339.7,348.0,355.4,288.6,296.5,306.6,314.9,306.5,296.7,361.1,369.3,379.6,387.8,380.1,370.3,313.5,323.3,333.0,340.4,348.1,359.1,369.5,359.8,349.6,341.3,333.4,323.6,318.3,333.5,341.0,348.9,364.3,348.7,340.8,333.4,321.0,342.0,362.4,382.9,403.1,421.5,436.7,448.5,451.0,445.8,432.6,417.5,400.5,381.7,361.9,342.0,322.0,308.0,297.5,293.3,295.0,300.1,299.7,294.7,293.2,296.0,304.2,321.4,335.4,349.3,363.5,373.7,376.4,378.7,376.1,373.0,324.8,320.3,320.1,325.0,328.1,328.2,324.0,319.1,319.2,323.1,326.7,326.8,404.4,398.6,395.4,397.3,395.2,397.5,402.2,410.4,414.0,415.2,414.8,412.3,404.4,403.2,403.6,402.5,402.9,403.5,404.8,404.4
219,0,14.930,0.98,1,18.1,112.1,448.3,-0.037,0.107,-0.044,260.1,262.2,266.0,271.1,279.1,292.0,307.2,325.2,345.8,366.3,384.2,399.6,410.5,416.5,419.5,421.4,422.3,271.8,279.7,293.1,307.9,322.0,352.0,366.4,380.4,393.7,402.9,338.2,338.3,338.4,338.5,323.8,331.8,339.7,347.9,355.4,288.7,296.7,306.8,315.2,306.7,296.8,361.2,369.5,379.8,388.0,380.5,370.6,313.5,323.3,333.1,340.4,348.1,359.0,369.5,359.8,349.6,341.2,333.4,323.7,318.4,333.5,340.9,348.8,364.3,348.7,340.8,333.4,320.9,342.0,362.3,382.9,403.1,421.6,436.8,448.5,450.9,445.7,432.5,417.4,400.3,381.5,361.7,341.7,321.7,308.1,297.4,293.1,294.8,299.8,299.4,294.4,292.9,295.6,303.9,320.9,335.0,349.0,363.4,373.7,376.3,378.6,376.1,372.9,324.3,319.5,319.4,324.6,327.7,327.8,323.6,318.3,318.3,322.5,326.2,326.4,404.4,398.5,395.3,397.2,395.0,397.5,402.2,410.3,413.9,415.2,414.7,412.2,404.3,403.1,403.5,402.4,402.9,403.5,404.8,404.3
220,0,14.996,0.98,1,18.1,112.0,448.3,-0.035,0.108,-0.045,260.1,262.2,266.0,271.0,279.1,292.0,307.2,325.2,345.7,366.3,384.2,399.7,410.6,416.6,419.5,421.4,422.3,271.9,279.8,293.2,308.0,322.1,352.0,366.4,380.4,393.6,402.8,338.2,338.3,338.3,338.5,323.8,331.8,339.7,347.9,355.3,288.7,296.6,306.8,315.2,306.7,296.7,361.3,369.5,379.9,388.0,380.6,370.6,313.5,323.4,333.1,340.4,348.1,359.0,369.4,359.7,349.6,341.2,333.4,323.7,318.4,333.5,340.9,348.8,364.3,348.7,340.7,333.3,320.8,341.9,362.3,382.8,403.1,421.6,436.8,448.6,450.9,445.7,432.5,417.4,400.2,381.3,361.5,341.5,321.4,307.8,297.1,292.9,294.6,299.6,299.2,294.1,292.6,295.3,303.6,320.8,334.9,348.9,363.4,373.6,376.3,378.5,376.0,372.9,324.2,319.3,319.2,324.6,327.7,327.8,323.5,318.1,318.2,322.4,326.1,326.3,404.3,398.4,395.2,397.1,395.0,397.4,402.2,410.3,413.9,415.1,414.7,412.2,404.3,403.0,403.4,402.3,402.8,403.5,404.7,404.3
221,0,15.063,0.98,1,18.0,111.8,447.6,-0.039,0.107,-0.045,260.0,262.1,266.0,271.0,279.1,292.0,307.3,325.3,345.8,366.3,384.3,399.7,410.6,416.5,419.5,421.4,422.3,271.4,279.2,292.7,307.6,321.9,352.0,366.6,380.7,394.1,403.3,338.2,338.2,338.3,338.5,323.7,331.7,339.7,347.9,355.3,288.5,296.5,306.7,315.1,306.6,296.5,361.2,369.5,379.9,388.1,380.6,370.6,313.5,323.3,333.0,340.4,348.1,359.0,369.5,359.8,349.6,341.2,333.4,323.6,318.4,333.5,340.9,348.8,364.3,348.7,340.8,333.3,320.9,342.0,362.5,383.0,403.3,421.7,436.9,448.6,450.9,445.7,432.5,417.3,400.2,381.3,361.4,341.4,321.3,308.2,297.3,292.8,294.5,299.5,299.1,294.0,292.6,295.4,303.9,320.8,334.9,348.8,363.3,373.6,376.2,378.5,375.9,372.8,324.2,319.3,319.2,324.5,327.7,327.8,323.5,318.0,318.1,322.4,326.1,326.3,404.3,398.4,395.2,397.1,395.0,397.4,402.1,410.3,413.9,415.1,414.7,412.2,404.3,403.0,403.4,402.3,402.8,403.4,404.7,404.3
222,0,15.128,0.98,1,18.0,111.8,447.7,-0.037,0.107,-0.045,259.9,262.0,265.9,270.9,279.1,292.0,307.2,325.3,345.8,366.3,384.2,399.7,410.6,416.6,419.5,421.4,422.2,271.5,279.5,292.9,307.7,321.8,351.9,366.4,380.5,393.8,403.0,338.1,338.1,338.2,338.4,323.7,331.7,339.6,347.8,355.3,288.4,296.4,306.6,315.0,306.5,296.4,361.1,369.4,379.8,388.0,380.5,370.5,313.5,323.3,333.0,340.3,348.0,358.9,369.4,359.7,349.5,341.2,333.3,323.6,318.3,333.4,340.9,348.7,364.2,348.6,340.7,333.3,320.8,341.9,362.4,383.0,403.3,421.7,436.9,448.6,450.9,445.7,432.5,417.4,400.2,381.3,361.4,341.3,321.2,307.7,297.0,292.7,294.4,299.4,298.9,293.9,292.4,295.2,303.6,320.7,334.9,348.9,363.3,373.6,376.3,378.5,376.0,372.9,324.2,319.3,319.2,324.6,327.7,327.8,323.5,318.1,318.1,322.4,326.1,326.3,404.4,398.4,395.2,397.1,395.0,397.4,402.1,410.3,413.9,415.1,414.7,412.2,404.3,403.0,403.4,402.3,402.8,403.4,404.7,404.3
223,0,15.197,0.98,1,17.8,111.8,447.2,-0.038,0.108,-0.047,259.7,262.0,265.9,270.9,279.1,292.0,307.3,325.3,345.7,366.2,384.1,399.6,410.6,416.6,419.5,421.4,422.2,271.1,278.8,292.3,307.3,321.6,351.6,366.3,380.5,394.0,403.2,337.9,338.0,338.1,338.3,323.5,331.5,339.5,347.7,355.2,288.2,296.2,306.4,314.8,306.3,296.3,361.0,369.2,379.7,388.0,380.4,370.4,313.4,323.2,332.9,340.2,347.9,358.8,369.3,359.6,349.4,341.1,333.2,323.5,318.3,333.3,340.8,348.6,364.1,348.5,340.6,333.2,321.0,342.2,362.7,383.3,403.5,421.9,437.0,448.7,451.0,445.8,432.5,417.4,400.2,381.2,361.3,341.2,320.9,308.2,297.3,292.8,294.5,299.5,299.1,294.0,292.5,295.3,303.9,320.9,335.0,348.9,363.3,373.7,376.3,378.6,376.0,372.9,324.3,319.4,319.3,324.7,327.8,327.9,323.6,318.1,318.2,322.4,326.2,326.4,404.5,398.5,395.3,397.2,395.0,397.5,402.2,410.4,414.0,415.2,414.7,412.2,404.4,403.1,403.5,402.4,402.8,403.5,404.8,404.3
224,0,15.261,0.98,1,17.7,111.8,447.3,-0.033,0.109,-0.048,259.6,261.8,265.6,270.8,278.9,291.9,307.2,325.2,345.7,366.2,384.1,399.6,410.6,416.6,419.5,421.3,422.1,271.1,279.0,292.4,307.1,321.2,351.7,366.3,380.4,393.7,402.9,337.7,337.8,337.9,338.1,323.4,331.4,339.4,347.6,355.0,288.1,296.0,306.2,314.6,306.1,296.1,360.8,369.0,379.5,387.7,380.2,370.2,313.3,323.0,332.7,340.1,347.7,358.7,369.2,359.5,349.3,340.9,333.0,323.3,318.1,333.1,340.6,348.5,364.0,348.3,340.4,333.0,321.1,342.2,362.8,383.3,403.6,421.9,437.0,448.7,451.0,445.7,432.5,417.3,400.1,381.1,361.1,340.9,320.6,307.9,297.2,292.9,294.6,299.5,298.9,293.9,292.3,295.1,303.5,320.9,335.0,349.0,363.4,373.8,376.4,378.6,376.1,373.0,324.4,319.5,319.4,324.7,327.9,328.0,323.6,318.1,318.2,322.4,326.2,326.4,404.5,398.6,395.3,397.2,395.1,397.5,402.2,410.4,414.0,415.2,414.8,412.2,404.5,403.2,403.6,402.5,402.9,403.6,404.9,404.4
225,0,15.328,0.98,1,17.6,111.7,447.0,-0.033,0.110,-0.049,259.5,261.7,265.6,270.7,278.8,291.8,307.1,325.2,345.6,366.2,384.1,399.6,410.6,416.6,419.5,421.3,422.1,270.9,278.7,292.1,306.9,321.1,351.4,366.1,380.3,393.8,403.0,337.5,337.6,337.7,337.9,323.2,331.2,339.2,347.4,354.8,287.9,295.8,306.1,314.5,306.0,295.9,360.6,368.9,379.3,387.6,380.1,370.0,313.1,322.9,332.6,339.9,347.6,358.6,369.1,359.4,349.1,340.8,332.9,323.2,318.0,333.0,340.5,348.3,363.9,348.2,340.3,332.8,321.1,342.3,362.8,383.3,403.5,421.9,437.0,448.7,451.0,445.7,432.4,417.2,399.9,380.8,360.8,340.6,320.3,308.0,297.2,292.9,294.6,299.5,299.0,293.8,292.3,295.1,303.6,321.0,335.0,349.0,363.4,373.8,376.4,378.6,376.1,373.0,324.4,319.6,319.4,324.8,327.9,328.1,323.6,318.1,318.2,322.3,326.2,326.4,404.6,398.6,395.3,397.2,395.1,397.5,402.2,410.4,414.1,415.2,414.8,412.2,404.5,403.2,403.6,402.5,402.9,403.6,404.8,404.4
226,0,15.397,0.98,1,17.5,111.7,447.2,-0.030,0.110,-0.050,259.5,261.6,265.5,270.6,278.8,291.8,307.0,325.1,345.6,366.1,384.0,399.5,410.5,416.5,419.4,421.2,422.0,270.8,278.7,292.1,306.9,321.0,351.3,366.0,380.2,393.6,402.9,337.4,337.5,337.6,337.8,323.1,331.1,339.1,347.3,354.7,287.8,295.7,306.0,314.4,305.9,295.8,360.6,368.8,379.3,387.6,380.0,370.0,313.1,322.8,332.5,339.9,347.5,358.5,369.1,359.3,349.1,340.7,332.9,323.2,317.9,332.9,340.4,348.3,363.9,348.1,340.2,332.8,321.0,342.2,362.7,383.3,403.5,421.9,437.0,448.7,450.9,445.6,432.4,417.1,399.8,380.6,360.5,340.3,319.9,307.9,297.2,293.0,294.6,299.5,298.9,293.8,292.2,295.0,303.5,320.9,335.0,348.9,363.3,373.8,376.3,378.6,376.0,372.9,324.4,319.6,319.4,324.8,328.0,328.1,323.6,318.1,318.1,322.3,326.1,326.4,404.5,398.6,395.3,397.2,395.1,397.5,402.2,410.4,414.0,415.2,414.8,412.2,404.5,403.1,403.6,402.5,402.8,403.6,404.8,404.4
227,0,15.464,0.98,1,17.5,111.6,446.8,-0.031,0.110,-0.050,259.5,261.6,265.5,270.6,278.8,291.8,307.0,325.1,345.6,366.0,383.9,399.4,410.5,416.5,419.4,421.2,422.0,270.6,278.4,291.9,306.8,321.1,351.1,365.9,380.3,393.9,403.2,337.4,337.4,337.6,337.8,323.1,331.1,339.1,347.3,354.7,287.7,295.7,306.0,314.4,305.9,295.8,360.5,368.8,379.3,387.6,380.0,370.0,313.0,322.8,332.4,339.8,347.5,358.5,369.0,359.3,349.1,340.7,332.8,323.1,317.9,332.9,340.3,348.2,363.8,348.1,340.2,332.7,321.0,342.2,362.7,383.3,403.5,421.8,437.0,448.7,451.0,445.7,432.5,417.2,399.9,380.7,360.5,340.1,319.6,308.0,297.2,292.9,294.6,299.6,299.0,293.8,292.2,295.0,303.5,320.9,335.0,348.9,363.3,373.7,376.3,378.5,375.9,372.8,324.4,319.6,319.4,324.7,327.9,328.1,323.5,318.1,318.1,322.2,326.1,326.3,404.5,398.5,395.3,397.2,395.0,397.4,402.1,410.4,414.0,415.2,414.7,412.2,404.4,403.1,403.5,402.4,402.8,403.5,404.8,404.3
228,0,15.529,0.98,1,17.5,111.5,446.7,-0.031,0.110,-0.049,259.4,261.6,265.5,270.7,278.8,291.8,307.0,325.1,345.6,366.1,384.0,399.4,410.5,416.5,419.4,421.3,422.1,270.6,278.5,292.0,306.9,321.2,351.1,366.0,380.4,394.1,403.5,337.4,337.5,337.6,337.8,323.1,331.1,339.1,347.3,354.8,287.8,295.8,306.0,314.5,305.9,295.8,360.5,368.8,379.3,387.6,380.0,370.0,313.0,322.8,332.4,339.8,347.5,358.5,369.1,359.3,349.1,340.7,332.8,323.1,317.9,332.9,340.4,348.2,363.8,348.1,340.2,332.7,320.8,342.0,362.6,383.2,403.4,421.8,436.9,448.6,450.9,445.6,432.4,417.1,399.8,380.6,360.4,340.1,319.6,307.9,297.1,292.8,294.5,299.5,298.9,293.7,292.0,294.9,303.4,320.9,334.9,348.9,363.2,373.6,376.2,378.4,375.9,372.7,324.3,319.5,319.4,324.6,327.8,328.0,323.4,318.0,318.0,322.1,326.0,326.3,404.4,398.4,395.2,397.1,394.9,397.4,402.0,410.3,413.9,415.1,414.6,412.1,404.3,403.0,403.4,402.3,402.7,403.4,404.7,404.2
229,0,15.597,0.98,1,17.5,111.5,446.7,-0.030,0.110,-0.049,259.4,261.6,265.5,270.6,278.8,291.8,307.0,325.1,345.6,366.1,384.0,399.5,410.6,416.6,419.4,421.3,422.2,270.6,278.5,292.1,307.1,321.4,351.0,365.9,380.4,394.2,403.5,337.4,337.5,337.6,337.8,323.1,331.1,339.1,347.3,354.8,287.8,295.8,306.0,314.5,305.9,295.8,360.5,368.8,379.3,387.6,380.1,370.0,313.0,322.8,332.5,339.8,347.5,358.5,369.1,359.3,349.1,340.7,332.9,323.2,317.9,332.9,340.4,348.2,363.9,348.1,340.2,332.7,320.6,341.9,362.5,383.1,403.3,421.6,436.8,448.5,450.8,445.5,432.3,416.9,399.6,380.4,360.2,339.9,319.4,308.0,297.1,292.8,294.5,299.5,298.9,293.6,292.0,294.9,303.5,320.8,334.8,348.8,363.2,373.5,376.1,378.4,375.8,372.7,324.3,319.5,319.3,324.6,327.8,327.9,323.4,317.9,318.0,322.1,325.9,326.2,404.3,398.4,395.1,397.0,394.9,397.3,402.0,410.2,413.8,415.0,414.6,412.0,404.2,402.9,403.4,402.3,402.6,403.3,404.6,404.2
230,0,15.664,0.98,1,17.5,111.5,446.7,-0.031,0.111,-0.050,259.5,261.7,265.6,270.7,278.8,291.8,307.0,325.1,345.6,366.1,384.1,399.6,410.6,416.6,419.4,421.3,422.1,270.7,278.5,292.0,307.0,321.3,350.9,365.7,380.2,393.8,403.2,337.4,337.5,337.6,337.8,323.1,331.1,339.1,347.3,354.8,287.8,295.8,306.0,314.4,305.9,295.9,360.5,368.8,379.3,387.6,380.0,370.0,313.1,322.8,332.5,339.8,347.5,358.5,369.0,359.3,349.1,340.7,332.8,323.2,317.9,332.9,340.4,348.2,363.8,348.1,340.2,332.7,320.7,341.9,362.5,383.0,403.3,421.6,436.8,448.5,450.9,445.5,432.3,417.0,399.6,380.4,360.2,339.9,319.4,308.0,297.1,292.7,294.4,299.4,298.9,293.6,291.9,294.8,303.4,320.7,334.8,348.7,363.2,373.5,376.1,378.4,375.8,372.7,324.3,319.5,319.3,324.6,327.7,327.9,323.4,317.9,317.9,322.0,325.9,326.2,404.3,398.3,395.1,397.0,394.9,397.3,402.0,410.2,413.8,415.0,414.5,412.0,404.2,402.9,403.3,402.2,402.6,403.3,404.6,404.1
231,0,15.726,0.98,1,17.5,111.5,446.7,-0.032,0.110,-0.051,259.4,261.6,265.5,270.6,278.8,291.7,307.0,325.1,345.6,366.1,384.0,399.5,410.6,416.5,419.4,421.3,422.1,270.5,278.2,291.8,306.7,321.1,350.9,365.7,380.1,393.8,403.2,337.3,337.4,337.6,337.8,323.1,331.1,339.1,347.3,354.7,287.7,295.6,305.9,314.3,305.8,295.8,360.5,368.8,379.3,387.6,380.0,370.0,313.1,322.8,332.5,339.8,347.5,358.5,369.0,359.2,349.1,340.7,332.8,323.2,317.9,332.9,340.4,348.2,363.8,348.1,340.2,332.7,321.1,342.3,362.7,383.2,403.4,421.7,436.9,448.6,451.0,445.6,432.3,417.0,399.7,380.5,360.3,340.0,319.5,308.1,297.1,292.8,294.5,299.5,298.9,293.7,292.0,294.8,303.3,320.8,334.9,348.8,363.2,373.6,376.2,378.4,375.8,372.7,324.3,319.5,319.3,324.6,327.8,328.0,323.4,317.9,318.0,322.1,325.9,326.2,404.4,398.4,395.2,397.1,394.9,397.3,402.0,410.3,413.9,415.0,414.6,412.1,404.3,403.0,403.4,402.3,402.7,403.3,404.6,404.2
232,0,15.794,0.98,1,17.4,111.6,446.6,-0.029,0.110,-0.051,259.1,261.4,265.3,270.5,278.6,291.6,306.9,325.0,345.5,366.0,383.9,399.4,410.5,416.5,419.4,421.3,422.1,270.4,278.3,291.8,306.7,320.9,350.8,365.6,380.0,393.6,403.1,337.1,337.2,337.4,337.6,322.9,331.0,338.9,347.2,354.6,287.5,295.5,305.8,314.2,305.7,295.6,360.3,368.6,379.1,387.4,379.9,369.8,312.9,322.7,332.3,339.7,347.4,358.4,368.9,359.2,349.0,340.6,332.7,323.0,317.8,332.7,340.2,348.1,363.7,348.0,340.0,332.6,321.1,342.3,362.8,383.3,403.5,421.8,436.9,448.7,451.0,445.7,432.5,417.2,399.8,380.5,360.3,339.9,319.3,308.0,297.2,293.0,294.7,299.6,299.0,293.7,292.1,294.8,303.3,320.9,335.0,349.0,363.4,373.7,376.3,378.6,376.0,372.8,324.5,319.7,319.5,324.7,327.9,328.1,323.5,318.0,318.1,322.1,326.0,326.3,404.5,398.5,395.3,397.2,395.0,397.4,402.1,410.3,413.9,415.1,414.7,412.1,404.4,403.1,403.5,402.4,402.8,403.5,404.7,404.3
233,0,15.861,0.98,1,15.4,111.5,445.4,-0.034,0.131,-0.057,258.2,260.5,264.4,269.7,277.8,290.6,305.7,323.6,344.1,364.8,383.0,398.8,410.0,416.1,418.9,420.6,421.3,268.6,276.3,289.5,304.0,317.9,348.3,363.2,377.7,391.3,400.8,334.4,334.4,334.4,334.6,320.4,328.3,336.3,344.5,351.9,285.4,293.2,303.4,311.8,303.3,293.3,358.0,366.2,376.7,385.2,377.5,367.4,310.8,320.1,329.6,337.0,344.7,355.9,366.7,356.8,346.4,338.0,330.1,320.6,315.6,330.1,337.6,345.5,361.5,345.4,337.4,329.9,322.8,343.7,363.9,384.1,404.0,422.1,437.2,448.9,451.2,445.8,432.5,417.3,399.9,380.7,360.5,340.1,319.7,307.8,297.3,293.1,294.8,299.7,299.1,293.8,292.2,295.1,303.6,321.1,335.2,349.2,363.5,373.9,376.5,378.7,376.2,373.1,324.5,319.7,319.5,324.8,328.0,328.2,323.7,318.2,318.2,322.3,326.2,326.5,404.7,398.6,395.3,397.3,395.1,397.6,402.4,410.7,414.2,415.3,414.8,412.2,404.6,403.2,403.6,402.6,403.0,403.7,404.9,404.4
234,0,15.929,0.98,1,4.0,108.9,438.0,-0.037,0.239,-0.058,255.0,256.4,259.5,264.3,271.0,282.2,295.5,311.2,331.5,353.6,374.0,391.7,404.4,411.3,414.4,416.0,416.7,260.0,267.3,278.7,291.4,303.7,333.9,350.4,366.5,381.1,391.3,319.5,318.4,317.2,316.2,304.9,312.3,319.8,327.8,335.2,274.5,281.6,291.2,299.4,291.0,281.7,344.3,352.5,362.8,372.1,363.5,353.5,297.0,304.2,312.8,319.8,327.7,339.9,352.1,340.9,329.8,321.2,313.5,304.9,301.2,313.6,320.8,328.9,346.8,328.8,320.6,313.4,323.0,343.4,363.5,383.6,403.1,421.0,436.2,448.5,451.5,446.2,432.7,417.3,399.8,379.9,359.4,339.0,318.7,304.0,295.0,291.5,293.4,298.1,297.9,293.2,291.9,296.1,304.9,320.8,334.0,347.2,360.8,372.3,374.9,377.0,375.0,372.5,322.9,318.6,318.7,323.9,326.7,326.7,323.8,318.8,319.2,323.1,326.8,326.8,403.0,397.0,393.8,396.0,394.2,397.3,402.4,410.6,413.9,414.7,413.7,410.5,403.0,401.9,402.6,402.0,402.7,403.2,404.0,403.2
235,0,15.998,0.93,1,-24.5,107.1,437.5,-0.028,0.484,-0.041,245.6,243.7,245.7,250.6,255.1,261.7,268.2,277.8,295.6,317.8,342.0,364.4,382.7,394.7,399.1,400.4,401.8,243.8,248.3,256.4,265.4,273.3,294.6,308.3,322.9,336.6,347.8,282.2,279.5,276.3,273.1,267.6,273.7,280.1,287.8,294.9,253.1,257.8,264.5,270.9,264.2,257.7,308.7,314.6,323.1,332.3,323.7,315.4,266.2,268.0,273.7,278.6,285.1,297.8,313.0,299.9,288.8,281.5,275.8,270.3,269.2,274.8,280.0,286.4,308.0,287.3,280.7,275.5,321.4,339.3,357.3,375.8,394.3,412.3,427.9,441.9,447.4,445.5,437.0,426.0,410.7,391.1,368.6,345.8,323.3,299.6,291.9,290.2,293.1,298.2,298.2,293.3,291.7,295.2,303.5,319.5,331.9,344.2,356.9,367.6,370.7,373.0,371.4,369.7,319.9,317.6,317.8,321.4,323.3,323.0,323.3,320.2,321.0,323.8,326.3,326.1,397.7,391.9,388.8,391.2,390.1,394.3,400.6,408.0,410.5,410.6,409.2,405.7,398.0,397.2,398.2,398.3,400.3,399.9,399.7,398.5
236,0,16.161,0.88,1,-63.5,118.8,476.1,-0.162,0.758,-0.059,245.5,242.9,242.9,244.5,245.2,246.7,245.8,246.2,256.5,272.9,295.4,315.2,332.9,345.7,352.6,355.2,357.4,227.9,226.5,228.8,231.7,234.2,244.8,256.9,272.4,287.1,299.5,239.5,234.6,229.1,223.8,227.1,230.2,233.6,238.9,243.7,231.0,231.8,236.0,239.9,235.5,231.1,262.0,266.5,273.7,282.6,274.4,267.1,233.2,230.4,231.6,233.5,236.9,246.5,259.7,248.1,240.6,237.3,234.7,233.1,233.9,232.9,234.9,238.2,255.4,239.9,236.6,234.6,337.7,355.8,373.4,390.5,406.1,419.5,429.8,439.0,442.7,441.6,436.2,427.6,414.1,395.6,373.8,351.2,328.3,316.2,304.9,300.7,301.2,305.0,302.9,297.4,296.1,300.8,311.3,322.1,333.2,344.0,355.3,368.4,370.5,371.7,370.2,368.8,327.8,322.5,322.0,327.7,330.1,330.7,326.3,319.6,319.9,324.6,328.1,328.5,398.3,391.5,387.5,389.2,387.7,392.2,398.0,404.2,406.2,406.4,405.6,403.4,397.5,394.1,394.6,394.3,397.5,397.2,397.3,396.6
237,0,16.364,0.98,1,-27.9,114.7,429.4,-0.027,0.344,-0.129,229.4,230.5,234.4,241.0,248.6,258.8,268.8,281.1,299.5,321.6,344.0,364.1,379.6,387.8,390.0,390.1,390.3,227.3,230.6,238.9,249.5,259.3,285.8,303.6,322.0,339.6,353.1,274.2,272.6,270.6,268.8,262.5,269.6,276.7,285.1,293.0,239.6,245.3,253.4,261.3,253.7,245.7,301.9,309.9,319.9,330.3,320.7,310.9,263.7,265.9,271.7,277.7,284.5,298.6,314.6,301.4,289.9,282.0,275.5,269.2,267.0,273.8,279.9,287.0,309.0,287.3,280.1,274.0,335.0,354.6,374.1,393.1,411.3,428.0,442.3,454.8,458.5,453.6,441.4,426.9,409.4,388.8,366.3,343.4,320.5,318.2,308.9,305.3,306.7,310.8,307.8,301.1,298.0,302.0,311.4,331.9,345.0,358.0,371.4,382.1,384.6,386.3,383.7,381.0,336.1,332.9,332.1,335.4,338.3,339.2,332.4,327.9,327.8,329.7,333.8,334.5,412.8,406.9,403.2,405.1,402.9,405.7,409.7,419.2,423.3,424.2,423.4,420.0,412.7,411.3,411.8,411.0,410.1,412.1,412.8,412.1
238,0,16.493,0.98,1,20.3,114.9,438.3,-0.082,-0.102,-0.096,247.9,250.9,255.4,261.8,273.0,289.9,309.4,331.1,352.7,371.3,385.5,397.2,406.0,410.6,412.3,413.0,412.4,266.8,275.4,290.5,307.3,323.3,352.5,365.6,378.5,391.1,399.9,340.7,343.4,346.1,348.9,330.7,339.7,348.7,356.6,363.6,287.0,295.8,305.8,315.2,306.6,296.8,360.9,369.3,379.0,386.9,379.8,370.4,321.3,333.3,343.6,351.3,358.7,368.4,376.7,370.0,361.8,353.9,346.0,335.0,326.9,344.2,351.8,359.5,372.2,359.8,352.3,344.6,332.0,353.4,374.3,394.8,414.6,431.9,445.5,455.9,457.1,450.8,436.8,421.2,403.5,384.2,363.9,343.2,322.7,320.0,308.2,302.4,302.8,306.9,303.4,296.6,293.5,294.8,302.2,327.4,341.2,354.7,368.8,380.9,382.7,384.2,380.6,376.6,336.8,332.5,331.1,333.6,337.6,339.1,328.0,323.3,322.7,324.7,328.7,329.7,413.6,406.4,401.8,402.8,399.8,401.4,405.1,414.2,419.2,421.5,422.0,420.6,413.0,409.9,409.4,407.4,406.3,408.1,410.4,410.9
239,0,16.631,0.98,1,23.5,114.6,441.8,-0.071,-0.086,-0.072,253.0,255.3,259.2,265.2,275.8,292.1,311.1,332.4,354.2,373.5,388.3,400.4,409.1,413.7,415.6,416.7,416.5,273.0,281.1,295.8,312.2,328.0,358.3,371.4,384.1,396.3,404.5,345.5,347.7,350.0,352.2,334.0,342.9,351.7,359.6,366.6,292.3,301.0,310.9,319.9,311.4,301.7,366.1,374.5,384.2,391.7,384.7,375.4,323.6,335.5,345.7,353.5,361.2,370.9,379.0,372.1,363.6,355.5,347.4,336.7,329.1,346.1,353.9,361.7,374.6,362.0,354.2,346.4,328.0,349.5,370.3,391.0,411.2,429.2,443.5,454.5,456.0,449.8,435.8,420.0,402.1,382.9,363.0,342.6,322.3,318.4,306.4,300.4,300.8,304.8,301.9,295.9,293.7,295.7,303.6,325.6,339.4,353.0,367.2,379.0,381.0,382.7,379.5,375.7,334.2,329.8,328.6,331.5,335.3,336.5,326.9,322.5,322.1,324.6,328.4,329.0,411.7,404.7,400.5,401.8,398.9,400.7,405.0,413.5,418.0,420.1,420.4,418.7,411.3,408.6,408.3,406.5,406.1,407.3,409.3,409.6
240,0,16.697,0.98,1,20.2,114.7,442.3,-0.055,-0.024,-0.064,252.7,255.2,259.2,265.1,275.2,290.6,308.4,328.5,350.0,369.9,386.0,399.4,408.9,413.9,416.1,417.6,418.1,269.8,277.7,292.0,308.2,323.8,354.7,368.7,382.0,394.6,403.0,341.4,342.8,344.3,345.8,328.6,337.3,345.9,354.1,361.4,289.1,297.5,307.4,316.1,307.7,298.1,362.9,371.3,381.1,388.9,381.6,372.1,318.5,329.6,339.8,347.5,355.1,365.4,374.3,366.4,357.3,349.1,341.1,330.6,323.8,340.3,348.0,355.9,369.6,356.0,348.1,340.5,326.0,347.4,368.2,389.0,409.6,428.0,442.9,454.1,455.9,449.6,435.3,419.5,402.1,383.5,364.2,344.5,324.8,316.8,305.1,299.3,300.0,304.4,302.2,296.6,294.6,296.9,304.9,325.8,339.7,353.4,367.6,378.8,380.9,382.9,379.8,376.1,332.9,328.8,327.8,330.8,334.5,335.4,327.3,323.1,322.9,325.5,329.1,329.6,411.1,404.5,400.6,402.0,399.3,401.2,405.4,413.9,418.3,420.3,420.5,418.6,410.8,408.6,408.5,406.8,406.4,407.4,409.4,409.6
241,0,16.763,0.98,1,17.3,115.1,443.2,-0.055,0.025,-0.057,252.7,255.1,259.2,265.1,274.6,289.3,306.3,325.6,346.9,367.2,384.0,397.9,407.8,413.0,415.5,417.4,418.3,267.7,275.4,289.2,304.9,320.1,351.9,366.4,380.1,392.9,401.4,337.7,338.5,339.4,340.4,324.2,332.6,341.1,349.4,356.7,286.1,294.4,304.2,312.8,304.5,294.9,360.0,368.5,378.5,386.5,378.9,369.4,314.2,324.5,334.6,342.2,349.9,360.6,370.2,361.5,352.0,343.7,335.6,325.4,319.3,335.2,342.8,350.8,365.3,350.8,342.9,335.2,326.2,347.3,367.6,388.2,408.7,427.2,442.3,453.8,455.8,449.6,435.3,419.9,403.0,385.1,366.3,347.1,327.9,315.8,304.3,298.8,299.7,304.3,302.4,297.1,295.3,297.9,306.0,326.1,340.1,353.9,368.2,378.9,381.1,383.2,380.3,376.7,332.1,328.1,327.3,330.6,334.1,334.8,327.8,323.7,323.6,326.4,329.9,330.2,410.6,404.3,400.6,402.1,399.6,401.7,406.0,414.4,418.7,420.6,420.6,418.4,410.4,408.6,408.6,407.1,407.0,407.8,409.7,409.7
242,0,16.830,0.98,1,16.1,115.2,443.6,-0.063,0.050,-0.050,253.7,255.9,259.8,265.4,274.6,288.7,305.1,324.0,345.2,365.5,382.4,396.7,406.9,412.5,415.3,417.5,418.7,267.5,275.3,289.1,304.7,319.6,349.8,364.6,378.8,392.2,401.1,336.1,336.6,337.2,337.9,322.0,330.4,338.8,347.2,354.7,285.1,293.3,303.1,311.9,303.4,293.8,358.9,367.6,377.5,385.7,377.9,368.3,312.0,322.2,332.1,339.7,347.5,358.4,368.5,359.3,349.5,341.1,333.1,323.0,317.1,332.7,340.4,348.3,363.4,348.3,340.3,332.7,326.5,347.3,367.4,387.8,408.1,426.7,442.0,453.7,455.8,449.8,436.0,420.9,404.3,386.4,367.5,348.2,328.9,314.6,303.3,298.2,299.4,304.4,302.8,297.3,295.4,298.1,306.4,325.9,339.9,353.7,368.0,378.5,380.9,383.1,380.2,376.8,331.3,327.4,326.8,330.2,333.5,334.1,328.0,323.8,323.8,326.7,330.2,330.4,410.0,403.9,400.3,401.9,399.5,401.8,406.2,414.5,418.7,420.4,420.3,418.0,409.9,408.3,408.4,407.0,407.0,407.7,409.5,409.4
243,0,16.897,0.98,1,16.2,115.5,445.2,-0.060,0.057,-0.047,254.8,256.8,260.5,266.0,274.9,288.8,305.1,323.9,345.0,365.2,382.2,396.5,407.0,412.7,415.8,417.9,419.1,268.3,276.1,289.9,305.2,319.8,350.0,364.8,378.9,392.2,401.2,336.1,336.6,337.1,337.7,321.9,330.3,338.7,347.1,354.6,285.5,293.7,303.5,312.1,303.7,294.2,359.0,367.6,377.5,385.7,378.0,368.4,312.1,322.2,332.1,339.6,347.4,358.3,368.5,359.2,349.4,341.0,333.0,323.0,317.2,332.7,340.3,348.2,363.4,348.2,340.3,332.7,326.5,346.9,366.9,387.1,407.4,426.0,441.5,453.3,455.6,449.7,436.0,421.1,404.6,386.8,367.9,348.6,329.3,313.8,302.8,297.9,299.3,304.4,303.0,297.4,295.5,298.3,306.4,326.0,339.9,353.7,367.9,378.4,380.8,383.0,380.2,376.7,331.0,327.1,326.5,330.0,333.3,333.8,328.0,323.8,323.9,326.8,330.2,330.5,409.8,403.7,400.2,401.8,399.4,401.7,406.2,414.4,418.5,420.2,420.1,417.8,409.7,408.2,408.3,407.0,406.9,407.6,409.3,409.2
244,0,16.964,0.98,1,16.3,115.5,445.7,-0.061,0.059,-0.046,255.1,257.1,260.7,266.2,275.1,289.0,305.3,324.0,345.1,365.3,382.3,396.7,407.2,412.9,415.9,418.1,419.3,268.5,276.4,290.0,305.2,319.7,350.3,365.1,379.1,392.3,401.3,336.2,336.6,337.1,337.7,322.1,330.4,338.7,347.0,354.5,285.6,293.8,303.5,312.2,303.8,294.2,359.1,367.7,377.6,385.7,378.0,368.4,312.2,322.2,332.1,339.6,347.3,358.3,368.4,359.2,349.4,341.0,333.0,323.0,317.3,332.7,340.3,348.2,363.4,348.2,340.3,332.7,326.5,346.8,366.8,387.0,407.2,425.8,441.3,453.1,455.4,449.6,435.8,421.0,404.5,386.8,368.0,348.7,329.6,313.4,302.6,297.9,299.3,304.3,302.9,297.4,295.5,298.2,306.3,326.0,339.9,353.5,367.7,378.2,380.6,382.8,380.0,376.6,330.9,327.0,326.4,330.0,333.2,333.8,327.9,323.8,323.8,326.8,330.2,330.4,409.6,403.5,400.0,401.6,399.2,401.5,406.0,414.2,418.3,420.0,419.9,417.5,409.5,408.0,408.1,406.8,406.8,407.4,409.1,409.0
245,0,17.030,0.98,1,14.8,115.0,444.5,-0.063,0.081,-0.052,254.9,256.9,260.6,266.1,274.9,288.5,304.6,323.2,344.2,364.6,381.7,396.3,406.9,412.7,415.6,417.7,418.8,267.0,274.6,287.9,303.0,317.4,347.8,362.9,377.5,391.0,400.2,333.8,334.1,334.4,334.9,319.8,328.0,336.3,344.7,352.2,283.9,291.9,301.7,310.4,302.0,292.4,357.1,365.8,375.8,384.1,376.3,366.6,310.5,320.1,329.8,337.3,345.0,356.2,366.7,357.2,347.3,338.9,330.9,321.0,315.5,330.5,338.1,345.9,361.6,346.0,338.0,330.5,326.7,347.0,366.8,387.0,407.1,425.6,441.1,453.0,455.2,449.3,435.6,420.7,404.3,386.4,367.4,347.9,328.6,313.5,302.6,297.8,299.2,304.2,302.8,297.2,295.4,298.3,306.6,325.9,339.7,353.3,367.3,378.0,380.4,382.5,379.7,376.3,330.7,326.8,326.2,329.8,333.1,333.6,327.8,323.6,323.6,326.6,330.1,330.3,409.4,403.3,399.7,401.3,399.0,401.3,405.8,414.1,418.2,419.8,419.7,417.3,409.2,407.7,407.9,406.5,406.5,407.3,408.9,408.8
246,0,17.097,0.98,1,12.8,115.0,444.9,-0.067,0.099,-0.055,254.1,256.1,259.9,265.5,274.0,287.3,302.9,321.2,342.2,362.7,380.2,395.1,405.8,411.7,414.5,416.5,417.7,265.3,272.9,286.1,301.0,315.2,344.7,360.1,374.9,388.8,398.3,331.1,331.3,331.5,331.8,317.1,325.3,333.5,341.9,349.5,281.9,289.8,299.5,308.2,299.8,290.3,354.6,363.3,373.4,381.9,373.9,364.2,308.0,317.4,327.0,334.5,342.2,353.5,364.4,354.7,344.5,336.1,328.1,318.4,313.0,327.8,335.3,343.2,359.2,343.2,335.2,327.7,327.3,347.6,367.4,387.5,407.3,425.6,440.9,452.7,454.9,449.1,435.6,420.8,404.4,386.3,367.1,347.5,328.0,313.1,302.4,297.8,299.2,304.2,302.8,297.1,295.3,298.4,306.8,325.7,339.4,353.0,367.0,377.7,380.1,382.2,379.5,376.2,330.5,326.5,325.9,329.7,332.9,333.4,327.7,323.4,323.5,326.5,330.0,330.2,409.1,403.0,399.4,401.1,398.8,401.1,405.7,414.0,418.0,419.5,419.3,416.9,409.0,407.4,407.6,406.3,406.4,407.0,408.6,408.4
247,0,17.164,0.98,1,12.2,116.0,448.4,-0.048,0.105,-0.059,253.8,255.5,259.0,264.6,273.3,286.7,302.1,320.2,341.3,362.0,379.9,395.0,405.8,411.6,414.1,416.0,417.2,265.9,273.3,286.0,300.4,314.1,343.9,358.9,373.1,386.4,396.1,330.2,330.3,330.5,330.7,316.1,324.4,332.6,341.1,348.7,281.9,289.9,299.1,307.5,299.3,290.4,354.0,362.6,372.2,380.5,372.5,363.2,307.4,316.7,326.2,333.7,341.5,352.7,363.6,353.7,343.6,335.1,327.2,317.6,312.2,326.8,334.4,342.3,358.4,342.3,334.3,326.7,326.8,347.1,366.8,387.0,407.0,425.4,440.8,452.7,454.9,449.0,435.5,420.5,403.6,384.9,365.1,345.0,325.0,312.7,302.3,297.9,299.3,304.0,302.6,297.3,295.5,298.1,306.0,326.5,339.8,353.1,366.9,377.4,379.9,382.1,379.3,376.0,332.0,329.0,328.3,330.7,334.0,334.6,328.7,325.9,326.1,328.1,331.3,331.5,408.8,402.8,399.3,401.0,398.8,401.0,405.4,413.9,417.8,419.3,419.1,416.7,408.7,407.3,407.6,406.3,406.1,407.0,408.5,408.3
248,0,17.225,0.98,1,12.3,115.7,447.1,-0.045,0.098,-0.063,253.8,255.4,258.8,264.3,273.0,286.5,302.0,320.4,341.3,361.9,379.8,395.1,405.8,411.6,414.0,415.8,416.9,265.5,272.9,285.5,299.9,313.6,343.9,358.4,372.3,385.6,395.7,330.2,330.4,330.6,330.9,316.3,324.7,333.0,341.3,349.0,281.3,289.4,299.0,307.8,299.2,289.9,354.0,363.2,373.1,381.7,373.6,363.8,307.5,317.1,326.5,334.0,341.7,352.9,363.9,353.9,343.7,335.3,327.4,317.8,312.4,327.0,334.6,342.6,358.7,342.4,334.5,326.9,326.3,346.7,366.4,386.7,406.7,425.2,440.6,452.5,454.7,448.8,435.5,420.2,402.9,383.5,363.2,342.6,322.1,313.1,302.6,298.2,299.6,304.1,302.7,297.4,295.5,297.8,305.5,327.2,340.2,353.1,366.6,377.8,380.2,382.2,379.5,376.4,333.3,330.2,329.6,332.3,335.8,336.4,330.1,326.9,327.0,329.0,332.7,333.1,408.8,402.8,399.2,400.8,398.5,400.9,405.3,413.9,417.8,419.3,419.1,416.8,408.8,407.3,407.5,406.3,406.0,407.0,408.5,408.3
249,0,17.291,0.98,1,12.6,115.4,447.3,-0.022,0.094,-0.065,253.2,255.1,258.7,264.2,273.0,286.6,302.1,320.4,341.3,361.9,379.8,395.1,406.0,412.0,414.3,416.0,416.9,265.5,272.9,285.9,300.4,314.3,344.3,359.0,372.9,386.3,396.3,330.7,331.0,331.3,331.7,316.8,325.1,333.5,341.9,349.6,281.8,289.9,299.2,307.7,299.4,290.4,354.6,363.3,372.9,381.3,373.3,363.9,308.0,317.6,327.1,334.7,342.4,353.5,364.0,354.4,344.4,335.9,327.9,318.3,312.9,327.6,335.2,343.2,359.0,343.1,335.0,327.4,325.7,346.2,366.0,386.2,406.5,425.1,440.7,452.6,454.7,448.8,435.2,419.6,402.1,382.7,362.2,341.4,320.6,312.7,302.4,298.2,299.8,304.3,302.7,297.3,295.3,297.5,305.0,326.3,339.8,353.3,367.2,377.3,379.9,382.1,379.2,375.9,331.8,328.9,328.2,330.5,333.9,334.6,328.2,325.4,325.5,327.3,330.7,331.0,408.7,402.7,399.3,401.0,398.7,400.9,405.2,413.9,417.8,419.4,419.1,416.7,408.7,407.2,407.5,406.2,406.0,407.0,408.5,408.3
250,0,17.358,0.98,1,12.4,115.1,446.3,-0.020,0.094,-0.069,253.0,255.0,258.6,264.2,273.0,286.6,302.2,320.6,341.4,362.1,379.9,395.2,406.2,412.1,414.4,415.9,416.6,265.0,272.4,285.4,299.9,313.8,343.9,358.6,372.5,385.9,395.8,330.4,330.8,331.2,331.6,316.8,325.0,333.4,341.8,349.4,281.4,289.4,298.8,307.3,299.0,289.9,354.3,362.9,372.6,380.9,373.0,363.6,308.0,317.5,327.0,334.6,342.4,353.5,364.0,354.4,344.4,335.9,327.9,318.3,312.9,327.6,335.2,343.2,359.0,343.1,335.0,327.4,326.0,346.5,366.2,386.4,406.6,425.1,440.7,452.6,454.7,448.7,435.0,419.3,401.7,382.3,361.8,341.0,320.3,312.8,302.5,298.3,299.8,304.3,302.7,297.3,295.2,297.5,305.0,326.1,339.7,353.3,367.4,377.4,380.0,382.1,379.3,375.9,331.3,328.2,327.5,330.1,333.5,334.1,327.7,324.6,324.6,326.6,330.1,330.4,408.8,402.8,399.4,401.1,398.7,400.9,405.1,413.8,417.8,419.3,419.1,416.7,408.8,407.2,407.5,406.2,405.9,407.1,408.6,408.3
251,0,17.425,0.98,1,12.1,115.1,446.4,-0.023,0.100,-0.070,253.3,255.1,258.7,264.3,273.0,286.4,302.0,320.4,341.3,362.0,379.8,395.0,406.0,412.0,414.4,415.9,416.5,265.1,272.6,285.5,299.9,313.5,343.3,358.0,372.0,385.4,395.4,329.8,330.1,330.5,330.9,316.3,324.5,332.8,341.2,348.8,281.1,289.1,298.5,307.1,298.8,289.6,353.7,362.3,372.1,380.5,372.6,363.1,307.7,317.1,326.5,334.0,341.8,353.0,363.6,354.1,344.0,335.5,327.5,317.9,312.6,327.1,334.7,342.7,358.6,342.6,334.6,327.0,326.9,347.0,366.6,386.6,406.6,425.1,440.6,452.5,454.6,448.6,434.9,419.3,401.8,382.4,361.9,341.2,320.6,312.3,302.3,298.3,299.9,304.4,302.8,297.2,295.0,297.3,304.9,326.0,339.6,353.1,367.2,377.4,380.0,382.1,379.3,376.0,331.0,327.6,327.0,330.0,333.4,333.9,327.7,324.1,324.1,326.4,330.0,330.3,408.8,402.8,399.3,401.0,398.6,400.9,405.2,413.8,417.8,419.3,419.0,416.6,408.8,407.2,407.4,406.2,405.9,407.1,408.6,408.3
252,0,17.491,0.98,1,12.0,114.7,445.4,-0.025,0.100,-0.070,252.9,254.9,258.7,264.3,273.0,286.5,302.1,320.5,341.3,361.9,379.7,395.0,406.0,411.9,414.3,415.8,416.4,264.4,271.8,284.9,299.5,313.4,343.0,357.9,372.1,385.8,395.8,329.7,330.1,330.4,330.8,316.3,324.5,332.8,341.1,348.7,280.8,288.8,298.4,307.0,298.7,289.3,353.5,362.2,372.1,380.5,372.6,363.0,307.6,317.0,326.4,334.0,341.7,352.8,363.5,353.9,343.9,335.4,327.4,317.8,312.5,327.0,334.6,342.6,358.4,342.5,334.5,326.9,326.3,346.7,366.5,386.6,406.7,425.2,440.6,452.5,454.6,448.6,434.9,419.3,401.8,382.3,361.7,341.0,320.2,312.7,302.4,298.2,299.7,304.3,302.7,297.1,294.9,297.3,305.1,325.8,339.4,353.0,367.1,377.3,379.9,382.0,379.2,375.9,330.9,327.4,326.7,329.9,333.3,333.8,327.5,323.7,323.7,326.1,329.8,330.1,408.7,402.7,399.2,400.9,398.5,400.8,405.1,413.7,417.7,419.2,418.9,416.5,408.7,407.0,407.3,406.0,405.8,406.9,408.4,408.2
253,0,17.558,0.98,1,12.3,114.7,445.9,-0.031,0.095,-0.070,253.2,255.2,258.9,264.5,273.1,286.5,302.1,320.6,341.4,362.0,379.7,394.9,405.9,411.9,414.3,415.9,416.5,264.6,272.1,285.2,299.9,313.9,343.4,358.3,372.6,386.2,396.2,330.1,330.5,330.9,331.4,316.7,325.0,333.2,341.6,349.1,281.1,289.1,298.8,307.4,299.0,289.7,353.9,362.6,372.5,380.9,373.0,363.4,307.9,317.4,326.9,334.4,342.2,353.3,363.9,354.3,344.3,335.8,327.8,318.2,312.8,327.4,335.1,343.0,358.8,342.9,334.9,327.3,326.8,347.2,366.9,386.9,406.8,425.1,440.5,452.3,454.5,448.5,434.9,419.3,401.7,382.2,361.6,340.8,320.1,312.8,302.4,298.2,299.6,304.1,302.4,296.8,294.7,297.1,304.9,325.4,339.1,352.7,366.8,377.1,379.6,381.7,378.9,375.6,330.7,327.2,326.5,329.7,333.1,333.7,327.2,323.4,323.4,325.8,329.4,329.8,408.5,402.4,398.9,400.6,398.3,400.5,404.8,413.5,417.4,418.9,418.6,416.2,408.4,406.8,407.0,405.8,405.6,406.6,408.1,407.8
254,0,17.625,0.98,1,12.5,114.5,446.1,-0.029,0.094,-0.070,253.3,255.3,259.0,264.6,273.3,286.8,302.5,321.0,341.8,362.3,380.0,395.1,406.1,412.0,414.5,416.0,416.6,265.1,272.7,285.7,300.3,314.2,343.8,358.4,372.5,386.1,396.1,330.4,330.9,331.3,331.7,317.1,325.3,333.5,341.9,349.4,281.4,289.4,299.1,307.7,299.3,289.9,354.2,362.9,372.8,381.2,373.3,363.7,308.2,317.7,327.2,334.7,342.5,353.6,364.2,354.6,344.6,336.1,328.1,318.4,313.1,327.7,335.3,343.3,359.2,343.2,335.2,327.6,326.7,347.0,366.7,386.8,406.7,425.1,440.4,452.2,454.2,448.3,434.7,419.1,401.5,381.9,361.3,340.5,319.8,312.5,302.2,298.0,299.5,303.9,302.2,296.6,294.5,296.8,304.5,325.2,338.8,352.5,366.6,377.0,379.5,381.5,378.7,375.5,330.5,326.9,326.3,329.5,332.9,333.5,327.0,323.1,323.1,325.5,329.2,329.6,408.3,402.2,398.7,400.4,398.0,400.3,404.7,413.3,417.2,418.7,418.5,416.1,408.3,406.6,406.8,405.6,405.4,406.5,407.9,407.7
255,0,17.691,0.98,1,12.6,114.6,446.5,-0.029,0.095,-0.071,253.4,255.4,259.2,264.8,273.5,287.1,302.7,321.2,341.9,362.5,380.1,395.2,406.1,412.1,414.5,416.0,416.5,265.2,272.9,285.9,300.5,314.4,343.7,358.3,372.4,385.9,395.9,330.5,330.9,331.4,331.8,317.2,325.4,333.7,342.0,349.5,281.5,289.5,299.2,307.8,299.4,290.0,354.3,362.9,372.8,381.2,373.4,363.8,308.3,317.9,327.3,334.9,342.6,353.7,364.3,354.8,344.7,336.2,328.3,318.6,313.2,327.9,335.5,343.5,359.3,343.3,335.3,327.7,326.5,346.9,366.7,386.8,406.8,425.1,440.4,452.1,454.1,448.2,434.6,419.0,401.3,381.8,361.2,340.4,319.6,312.5,302.2,298.0,299.4,303.9,302.2,296.6,294.5,296.7,304.4,325.0,338.7,352.3,366.4,376.9,379.4,381.4,378.6,375.3,330.5,326.8,326.2,329.4,332.8,333.4,326.9,323.0,323.0,325.4,329.1,329.5,408.3,402.2,398.6,400.3,397.9,400.2,404.5,413.2,417.1,418.6,418.3,416.0,408.2,406.5,406.7,405.5,405.3,406.3,407.8,407.6
256,0,17.758,0.98,1,12.6,114.5,446.5,-0.026,0.096,-0.072,253.2,255.2,259.0,264.7,273.6,287.2,302.9,321.3,342.0,362.5,380.1,395.2,406.2,412.1,414.5,416.0,416.6,265.1,272.8,285.9,300.4,314.2,343.8,358.4,372.4,385.8,395.9,330.4,330.8,331.2,331.7,317.1,325.3,333.6,341.9,349.4,281.4,289.4,299.0,307.6,299.2,289.8,354.2,362.8,372.7,381.1,373.3,363.7,308.3,317.8,327.3,334.8,342.6,353.7,364.3,354.7,344.7,336.2,328.2,318.6,313.2,327.8,335.4,343.4,359.2,343.3,335.3,327.7,326.2,346.7,366.6,386.7,406.8,425.1,440.4,452.0,454.0,448.1,434.5,418.9,401.3,381.7,361.1,340.3,319.5,312.2,302.0,297.9,299.3,303.7,302.0,296.5,294.4,296.6,304.2,324.9,338.6,352.2,366.3,376.8,379.2,381.3,378.5,375.2,330.3,326.7,326.0,329.3,332.7,333.3,326.8,322.9,322.8,325.3,329.0,329.4,408.2,402.0,398.4,400.1,397.7,400.0,404.4,413.0,417.0,418.5,418.2,415.9,408.1,406.3,406.6,405.3,405.2,406.3,407.7,407.5
257,0,17.825,0.98,1,12.3,114.2,445.8,-0.029,0.099,-0.073,253.0,255.1,259.0,264.7,273.5,287.0,302.7,321.1,341.9,362.4,380.1,395.2,406.1,412.0,414.5,416.0,416.5,264.6,272.1,285.2,299.8,313.7,343.2,357.9,372.1,385.7,395.7,329.9,330.3,330.7,331.2,316.7,324.9,333.1,341.5,349.0,281.1,289.0,298.7,307.3,299.0,289.5,353.8,362.4,372.4,380.8,373.0,363.3,308.1,317.5,326.9,334.4,342.2,353.3,364.0,354.4,344.4,335.9,328.0,318.3,313.0,327.5,335.1,343.1,358.9,343.0,335.0,327.4,326.2,346.7,366.6,386.7,406.6,425.0,440.3,452.0,453.9,448.0,434.4,418.8,401.1,381.6,360.9,340.1,319.3,312.4,302.0,297.7,299.1,303.6,301.9,296.3,294.2,296.5,304.3,324.8,338.5,352.0,366.1,376.6,379.1,381.2,378.3,375.1,330.2,326.5,325.8,329.2,332.6,333.2,326.6,322.7,322.6,325.1,328.9,329.3,408.1,401.9,398.3,400.0,397.6,399.9,404.2,412.9,416.8,418.4,418.1,415.8,408.0,406.2,406.4,405.1,405.0,406.1,407.6,407.4
258,0,17.891,0.98,1,12.2,114.3,446.4,-0.030,0.101,-0.074,253.1,255.2,259.0,264.7,273.5,287.0,302.7,321.1,341.8,362.3,380.0,395.1,406.1,412.0,414.4,415.8,416.4,264.7,272.2,285.3,299.8,313.6,343.0,357.6,371.7,385.3,395.5,329.8,330.2,330.6,331.1,316.6,324.8,333.1,341.4,348.9,281.0,289.0,298.7,307.3,298.9,289.5,353.7,362.3,372.2,380.6,372.8,363.2,308.0,317.4,326.8,334.3,342.1,353.2,363.9,354.4,344.3,335.8,327.8,318.2,312.9,327.4,335.0,343.0,358.8,342.9,334.8,327.2,326.6,347.0,366.8,386.9,406.8,425.1,440.3,451.9,453.9,447.9,434.3,418.7,401.1,381.5,360.9,340.1,319.3,312.2,301.8,297.6,299.1,303.6,301.9,296.2,294.0,296.2,304.0,324.8,338.4,352.0,366.1,376.6,379.1,381.1,378.3,375.0,330.1,326.4,325.8,329.2,332.6,333.1,326.6,322.6,322.5,325.1,328.8,329.2,408.0,401.8,398.2,399.9,397.5,399.8,404.2,412.9,416.8,418.3,418.0,415.7,407.9,406.1,406.4,405.1,405.0,406.1,407.6,407.3
259,0,17.958,0.98,1,12.3,114.2,446.4,-0.030,0.098,-0.074,253.0,255.1,259.0,264.7,273.4,287.0,302.7,321.2,341.9,362.4,380.0,395.1,406.0,411.9,414.3,415.8,416.3,264.5,272.0,285.1,299.9,313.9,342.9,357.6,371.8,385.5,395.7,330.0,330.4,330.8,331.3,316.7,325.0,333.2,341.5,349.1,281.0,289.0,298.7,307.3,298.9,289.5,353.8,362.3,372.3,380.8,373.0,363.3,308.1,317.5,326.9,334.5,342.2,353.3,364.0,354.5,344.4,336.0,328.0,318.3,313.0,327.5,335.1,343.1,358.9,343.0,335.0,327.4,326.5,347.0,366.8,386.8,406.8,425.0,440.2,451.8,453.8,447.8,434.2,418.6,401.0,381.5,360.8,339.9,319.2,312.5,301.9,297.6,299.1,303.6,301.9,296.2,294.0,296.2,304.1,324.8,338.4,352.0,366.0,376.6,379.0,381.1,378.2,375.0,330.2,326.4,325.8,329.2,332.6,333.2,326.6,322.5,322.4,325.0,328.7,329.2,408.0,401.8,398.2,399.9,397.5,399.8,404.2,412.9,416.8,418.3,418.0,415.7,407.9,406.1,406.3,405.1,405.0,406.1,407.5,407.3
260,0,18.025,0.98,1,12.3,114.1,446.0,-0.028,0.096,-0.076,252.8,255.0,258.9,264.6,273.4,287.0,302.7,321.3,342.0,362.5,380.1,395.3,406.1,412.0,414.3,415.7,416.1,264.2,271.7,284.9,299.8,313.9,342.8,357.5,371.8,385.5,395.6,330.0,330.5,330.9,331.5,316.8,325.1,333.4,341.7,349.2,280.9,288.9,298.5,307.2,298.8,289.4,353.7,362.3,372.3,380.7,372.9,363.2,308.2,317.7,327.1,334.6,342.4,353.5,364.1,354.6,344.6,336.1,328.1,318.5,313.1,327.7,335.3,343.3,359.0,343.2,335.2,327.6,326.4,346.9,366.7,386.7,406.6,424.9,440.2,451.9,453.8,447.8,434.0,418.4,400.8,381.2,360.6,339.8,319.2,312.5,301.8,297.5,299.0,303.7,302.0,296.2,293.9,296.2,304.0,324.8,338.5,352.0,366.1,376.6,379.0,381.1,378.2,374.9,330.1,326.3,325.7,329.1,332.5,333.1,326.4,322.4,322.3,324.8,328.6,329.0,408.1,401.9,398.3,399.9,397.5,399.8,404.2,412.8,416.8,418.3,418.1,415.7,408.0,406.2,406.4,405.1,405.0,406.1,407.6,407.4
261,0,18.091,0.98,1,12.2,113.5,444.9,-0.022,0.097,-0.079,252.2,254.6,258.8,264.7,273.6,287.3,303.0,321.4,342.2,362.7,380.3,395.4,406.2,411.9,414.2,415.4,415.7,263.8,271.3,284.5,299.1,313.1,343.0,357.6,371.7,385.2,394.9,329.7,330.3,330.8,331.5,317.0,325.1,333.3,341.6,349.0,280.5,288.3,298.1,306.7,298.3,288.8,353.4,361.7,371.8,380.2,372.5,362.9,308.3,317.7,327.2,334.7,342.4,353.5,364.1,354.7,344.7,336.2,328.2,318.6,313.2,327.8,335.4,343.3,359.0,343.3,335.3,327.7,325.8,346.5,366.6,386.8,406.9,425.2,440.4,452.0,453.9,447.9,434.1,418.3,400.5,381.0,360.5,339.8,319.2,311.6,301.0,296.6,297.9,302.3,300.7,295.1,293.0,295.4,303.2,323.7,337.8,351.7,366.1,376.6,379.0,381.1,378.2,374.8,329.1,324.9,324.3,328.1,331.6,332.1,325.5,321.0,320.9,323.8,327.6,328.0,408.1,401.9,398.3,400.0,397.6,399.7,404.1,412.8,416.7,418.3,418.0,415.7,408.0,406.2,406.4,405.0,404.9,406.1,407.6,407.4
262,0,18.158,0.98,1,12.0,113.2,443.9,-0.023,0.097,-0.079,251.9,254.5,258.8,264.7,273.6,287.3,303.0,321.5,342.2,362.7,380.3,395.4,406.2,411.9,414.2,415.5,415.8,263.2,270.7,284.0,298.9,313.1,342.6,357.6,372.1,385.9,395.6,329.6,330.1,330.7,331.4,316.9,325.0,333.2,341.5,348.9,280.1,288.0,297.9,306.5,298.2,288.4,353.3,361.5,371.8,380.2,372.6,362.8,308.2,317.6,327.1,334.6,342.3,353.4,364.0,354.6,344.6,336.1,328.1,318.5,313.1,327.7,335.3,343.2,358.9,343.1,335.2,327.6,325.7,346.5,366.7,387.0,407.1,425.3,440.4,452.0,453.9,447.9,434.0,418.2,400.4,380.9,360.4,339.7,319.1,311.8,300.9,296.2,297.4,302.0,300.3,294.6,292.5,295.2,303.5,323.6,337.7,351.7,366.1,376.7,379.1,381.2,378.3,374.9,329.0,324.6,324.0,328.1,331.6,332.1,325.4,320.6,320.4,323.6,327.5,328.0,408.3,402.0,398.4,400.1,397.7,399.8,404.2,412.8,416.8,418.3,418.0,415.8,408.1,406.3,406.5,405.2,405.0,406.2,407.7,407.5
263,0,18.225,0.98,1,12.0,113.1,443.0,-0.027,0.096,-0.079,251.8,254.4,258.8,264.6,273.5,287.2,302.9,321.3,342.1,362.6,380.2,395.3,406.1,411.8,414.1,415.5,415.9,262.9,270.2,283.5,298.5,313.0,342.6,357.7,372.3,386.3,396.1,329.5,330.1,330.6,331.2,316.7,324.9,333.1,341.4,348.9,280.1,288.0,298.0,306.7,298.3,288.5,353.2,361.7,371.9,380.5,372.8,362.8,308.1,317.5,327.0,334.5,342.2,353.3,364.0,354.5,344.4,336.0,328.0,318.4,313.0,327.6,335.2,343.1,358.9,343.0,335.0,327.5,325.7,346.7,367.0,387.3,407.3,425.5,440.5,452.1,454.0,448.0,434.2,418.3,400.5,380.8,360.2,339.4,318.6,312.5,301.3,296.5,297.6,302.1,300.3,294.6,292.5,295.2,303.7,323.7,337.8,351.7,366.1,376.8,379.2,381.2,378.4,375.0,329.4,325.0,324.4,328.4,331.9,332.5,325.7,320.9,320.7,323.8,327.8,328.3,408.4,402.1,398.5,400.2,397.8,400.0,404.3,413.0,416.9,418.4,418.2,415.9,408.2,406.4,406.6,405.3,405.1,406.2,407.7,407.5
264,0,18.291,0.98,1,12.1,113.4,443.6,-0.030,0.097,-0.078,252.4,254.7,258.8,264.6,273.5,287.0,302.7,321.2,342.0,362.5,380.1,395.2,406.0,411.7,414.0,415.5,416.1,263.5,270.8,283.8,298.7,312.9,342.9,357.9,372.4,386.2,396.1,329.6,330.1,330.6,331.2,316.7,324.9,333.1,341.4,348.9,280.6,288.5,298.5,307.2,298.8,289.0,353.2,361.8,372.0,380.6,372.8,362.9,308.0,317.5,326.9,334.4,342.1,353.3,364.0,354.4,344.4,335.9,328.0,318.3,312.9,327.6,335.1,343.0,358.9,342.9,334.9,327.4,326.1,347.0,367.2,387.5,407.4,425.6,440.7,452.2,454.0,448.0,434.4,418.6,400.7,381.0,360.3,339.4,318.5,312.6,301.6,296.8,297.9,302.3,300.4,294.7,292.6,295.3,303.7,324.1,338.0,351.9,366.1,377.0,379.3,381.3,378.5,375.2,330.0,325.8,325.2,329.0,332.6,333.2,326.3,321.6,321.5,324.4,328.4,328.9,408.5,402.3,398.6,400.3,397.9,400.1,404.4,413.1,417.1,418.5,418.3,416.0,408.3,406.6,406.8,405.5,405.2,406.3,407.8,407.6
265,0,18.358,0.98,1,12.0,113.8,444.0,-0.032,0.096,-0.078,252.4,254.7,258.7,264.5,273.4,286.9,302.6,321.2,342.0,362.4,379.9,395.1,405.8,411.6,414.0,415.5,416.0,263.6,271.0,284.1,299.0,313.1,342.6,357.5,372.1,386.0,395.9,329.5,330.0,330.5,331.0,316.5,324.8,333.0,341.3,348.9,280.4,288.4,298.3,307.0,298.6,288.9,353.2,361.8,372.0,380.6,372.8,362.9,308.0,317.5,326.8,334.3,342.0,353.2,363.9,354.4,344.3,335.9,327.9,318.3,312.9,327.5,335.0,342.9,358.8,342.8,334.9,327.3,326.9,347.6,367.6,387.8,407.6,425.7,440.8,452.2,454.1,448.1,434.5,418.7,401.0,381.3,360.6,339.7,318.9,312.6,301.7,297.1,298.4,302.8,301.0,295.2,293.0,295.7,304.0,324.5,338.3,352.1,366.3,377.1,379.5,381.5,378.7,375.4,330.2,326.0,325.4,329.3,332.8,333.4,326.5,321.9,321.7,324.6,328.6,329.1,408.7,402.4,398.8,400.5,398.0,400.3,404.6,413.3,417.2,418.7,418.5,416.2,408.5,406.7,406.9,405.6,405.4,406.5,408.0,407.7
266,0,18.425,0.98,1,11.9,114.0,444.4,-0.032,0.096,-0.078,252.2,254.5,258.6,264.4,273.2,286.8,302.5,321.1,341.9,362.3,379.9,395.0,405.8,411.6,413.9,415.4,415.8,263.5,270.8,284.0,298.8,312.9,342.4,357.1,371.4,385.2,395.2,329.4,329.9,330.4,330.9,316.5,324.7,333.0,341.2,348.8,280.3,288.3,298.2,306.9,298.5,288.8,353.1,361.7,371.9,380.4,372.7,362.8,307.9,317.4,326.8,334.3,342.0,353.1,363.9,354.3,344.3,335.8,327.9,318.2,312.8,327.4,335.0,342.9,358.8,342.8,334.8,327.3,327.1,347.7,367.6,387.7,407.6,425.7,440.9,452.4,454.3,448.3,434.6,418.9,401.2,381.5,360.8,340.0,319.2,312.7,301.9,297.3,298.6,303.2,301.4,295.5,293.3,295.7,303.8,324.7,338.5,352.3,366.5,377.3,379.7,381.7,378.8,375.5,330.3,326.2,325.5,329.4,332.9,333.5,326.6,322.0,321.9,324.7,328.7,329.3,408.8,402.5,398.9,400.5,398.1,400.3,404.7,413.4,417.3,418.8,418.6,416.3,408.6,406.8,407.0,405.7,405.5,406.6,408.1,407.8
267,0,18.491,0.98,1,11.9,114.0,444.4,-0.028,0.094,-0.079,252.1,254.4,258.5,264.2,273.0,286.6,302.4,321.1,341.9,362.3,379.8,395.0,405.8,411.6,414.0,415.4,415.9,263.2,270.5,283.7,298.6,312.8,342.4,357.2,371.6,385.4,395.5,329.4,329.9,330.4,331.0,316.5,324.7,333.0,341.3,348.8,280.2,288.2,298.1,306.8,298.4,288.7,353.1,361.7,371.9,380.4,372.7,362.8,307.9,317.4,326.8,334.3,342.0,353.1,363.9,354.4,344.3,335.9,327.9,318.3,312.9,327.5,335.0,342.9,358.8,342.8,334.9,327.3,327.0,347.6,367.5,387.5,407.4,425.6,440.8,452.4,454.3,448.2,434.5,418.7,401.0,381.4,360.7,339.8,318.9,313.0,302.1,297.6,298.9,303.5,301.7,295.8,293.5,295.9,304.0,324.9,338.7,352.4,366.6,377.3,379.7,381.7,378.8,375.5,330.4,326.3,325.7,329.5,333.0,333.6,326.7,322.1,321.9,324.8,328.8,329.3,408.8,402.6,398.9,400.6,398.2,400.4,404.7,413.4,417.3,418.8,418.6,416.3,408.6,406.8,407.0,405.7,405.5,406.6,408.1,407.9
268,0,18.558,0.98,1,11.9,114.2,444.8,-0.030,0.095,-0.080,252.2,254.5,258.6,264.3,273.0,286.6,302.5,321.1,341.9,362.3,379.9,395.0,405.8,411.6,414.0,415.4,415.8,263.3,270.5,283.6,298.5,312.7,342.4,357.0,371.3,385.0,395.1,329.4,329.9,330.4,331.0,316.5,324.7,333.0,341.3,348.8,280.3,288.2,298.1,306.8,298.4,288.7,353.2,361.7,371.9,380.4,372.7,362.8,307.9,317.4,326.8,334.3,342.0,353.2,363.9,354.4,344.3,335.9,327.9,318.2,312.8,327.5,335.0,343.0,358.8,342.9,334.9,327.3,327.4,347.9,367.7,387.7,407.5,425.7,440.9,452.4,454.3,448.2,434.4,418.7,401.0,381.4,360.8,339.9,319.2,313.1,302.2,297.6,299.0,303.5,301.7,295.9,293.6,295.9,303.8,325.0,338.8,352.5,366.7,377.4,379.8,381.8,378.9,375.6,330.4,326.3,325.7,329.6,333.0,333.6,326.7,322.1,322.0,324.8,328.8,329.3,408.8,402.6,399.0,400.6,398.2,400.4,404.7,413.4,417.3,418.8,418.6,416.4,408.6,406.9,407.1,405.8,405.5,406.7,408.2,408.0
269,0,18.592,0.98,1,11.9,114.2,444.7,-0.028,0.094,-0.079,252.1,254.4,258.4,264.2,273.0,286.6,302.4,321.1,341.9,362.3,379.9,395.0,405.8,411.6,413.9,415.3,415.8,263.3,270.6,283.7,298.5,312.6,342.6,357.3,371.5,385.2,395.2,329.4,329.9,330.5,331.0,316.5,324.8,333.0,341.3,348.8,280.3,288.2,298.2,306.8,298.4,288.7,353.2,361.7,371.9,380.4,372.7,362.8,307.9,317.4,326.8,334.4,342.1,353.2,363.9,354.4,344.3,335.9,327.9,318.2,312.8,327.4,335.1,343.0,358.8,342.9,334.9,327.3,327.3,347.8,367.6,387.7,407.6,425.8,440.9,452.4,454.3,448.2,434.5,418.7,401.0,381.4,360.7,339.9,319.1,313.0,302.2,297.7,299.1,303.5,301.7,295.9,293.6,295.9,303.9,325.0,338.8,352.5,366.7,377.4,379.8,381.8,378.9,375.6,330.5,326.3,325.7,329.6,333.0,333.6,326.7,322.2,322.0,324.8,328.8,329.3,408.8,402.6,399.0,400.6,398.2,400.4,404.7,413.4,417.4,418.9,418.7,416.4,408.7,406.9,407.1,405.8,405.5,406.7,408.2,408.0
270,0,18.658,0.98,1,11.9,114.1,444.4,-0.030,0.093,-0.079,252.2,254.5,258.5,264.3,273.0,286.6,302.4,321.1,341.9,362.3,379.8,395.0,405.8,411.6,414.0,415.4,415.8,263.3,270.5,283.6,298.5,312.7,342.6,357.4,371.7,385.5,395.4,329.4,330.0,330.5,331.0,316.5,324.8,333.0,341.3,348.8,280.2,288.2,298.1,306.8,298.4,288.7,353.2,361.8,372.0,380.5,372.7,362.9,307.9,317.4,326.8,334.4,342.1,353.2,363.9,354.4,344.4,335.9,328.0,318.3,312.9,327.5,335.1,343.0,358.8,342.9,334.9,327.3,327.5,348.0,367.8,387.8,407.6,425.8,441.0,452.5,454.4,448.3,434.5,418.7,401.0,381.3,360.7,339.9,319.1,313.2,302.4,297.8,299.1,303.6,301.8,296.0,293.7,296.1,304.1,325.0,338.8,352.6,366.7,377.4,379.8,381.8,378.9,375.6,330.5,326.4,325.8,329.6,333.1,333.7,326.8,322.2,322.0,324.8,328.8,329.4,408.9,402.7,399.0,400.7,398.3,400.5,404.8,413.5,417.5,419.0,418.8,416.5,408.8,407.0,407.2,405.9,405.6,406.7,408.2,408.0
271,0,18.725,0.98,1,11.9,114.2,444.4,-0.029,0.094,-0.079,252.1,254.4,258.5,264.3,273.1,286.8,302.6,321.2,341.9,362.4,379.9,395.0,405.8,411.6,413.9,415.3,415.8,263.3,270.6,283.8,298.6,312.7,342.6,357.3,371.6,385.3,395.3,329.5,330.0,330.5,331.0,316.5,324.8,333.1,341.3,348.9,280.3,288.2,298.1,306.9,298.4,288.7,353.3,361.8,372.0,380.5,372.8,362.9,308.0,317.4,326.9,334.4,342.1,353.3,364.0,354.5,344.4,336.0,328.0,318.3,312.9,327.5,335.1,343.0,358.8,342.9,335.0,327.4,327.4,348.0,367.8,387.9,407.8,426.0,441.1,452.6,454.5,448.4,434.6,418.8,401.0,381.4,360.7,339.9,319.1,313.2,302.4,297.9,299.2,303.6,301.8,296.0,293.8,296.1,304.1,325.0,338.8,352.6,366.8,377.5,379.9,381.9,379.0,375.7,330.6,326.5,325.8,329.6,333.1,333.7,326.8,322.3,322.1,324.9,328.9,329.4,409.0,402.8,399.1,400.8,398.3,400.5,404.8,413.5,417.5,419.0,418.8,416.6,408.8,407.0,407.2,405.9,405.6,406.8,408.3,408.1
272,0,18.792,0.98,1,12.0,114.1,444.1,-0.029,0.093,-0.080,251.8,254.3,258.5,264.3,273.2,286.9,302.7,321.2,342.0,362.5,380.1,395.1,405.9,411.6,413.9,415.3,415.7,263.1,270.3,283.5,298.4,312.7,342.6,357.4,371.7,385.5,395.4,329.5,330.0,330.6,331.2,316.6,324.8,333.1,341.4,348.9,280.2,288.1,298.0,306.7,298.3,288.7,353.3,361.9,372.0,380.5,372.8,362.9,308.0,317.5,326.9,334.5,342.2,353.3,364.0,354.5,344.5,336.0,328.0,318.3,312.9,327.6,335.2,343.1,358.9,343.0,335.0,327.5,327.2,347.9,367.8,387.9,407.8,426.0,441.2,452.7,454.6,448.4,434.6,418.7,401.0,381.4,360.8,340.1,319.3,313.4,302.5,297.8,299.1,303.6,301.8,296.1,293.9,296.2,304.2,325.0,338.8,352.6,366.9,377.5,379.9,381.9,379.0,375.7,330.5,326.4,325.8,329.5,333.0,333.6,326.7,322.2,322.1,324.9,328.8,329.3,409.0,402.8,399.2,400.8,398.4,400.6,404.8,413.5,417.6,419.1,418.9,416.6,408.8,407.1,407.3,405.9,405.7,406.8,408.3,408.1
273,0,18.858,0.98,1,11.9,113.9,443.9,-0.018,0.094,-0.080,251.5,254.1,258.4,264.4,273.3,287.1,302.9,321.4,342.1,362.5,380.1,395.1,405.9,411.7,414.0,415.3,415.6,262.9,270.5,283.7,298.5,312.7,342.6,357.3,371.5,385.2,395.0,329.4,330.0,330.6,331.3,316.7,324.9,333.1,341.4,348.9,280.0,287.8,297.7,306.3,298.0,288.3,353.1,361.4,371.6,380.0,372.4,362.6,308.0,317.5,327.0,334.5,342.3,353.4,364.0,354.6,344.6,336.1,328.1,318.4,312.9,327.7,335.3,343.2,358.9,343.2,335.1,327.6,326.3,347.1,367.3,387.6,407.7,426.0,441.2,452.8,454.6,448.6,434.6,418.7,401.0,381.4,360.9,340.2,319.5,312.5,301.9,297.5,298.8,303.3,301.6,295.9,293.8,296.1,303.9,324.5,338.6,352.6,367.1,377.5,379.9,382.0,379.1,375.7,329.8,325.5,324.9,328.9,332.3,332.9,326.1,321.5,321.3,324.3,328.2,328.7,409.0,402.8,399.2,400.9,398.5,400.5,404.8,413.5,417.5,419.1,418.9,416.6,408.9,407.0,407.2,405.9,405.7,406.9,408.4,408.2
274,0,18.925,0.98,1,12.1,113.8,443.1,-0.023,0.092,-0.077,251.6,254.3,258.7,264.5,273.4,287.1,302.9,321.4,342.1,362.5,380.0,395.1,405.9,411.7,414.1,415.5,415.9,262.7,270.0,283.6,298.8,313.4,342.9,357.9,372.5,386.4,396.1,329.9,330.5,331.0,331.7,316.9,325.2,333.4,341.8,349.2,280.2,288.1,298.1,306.7,298.3,288.5,353.5,361.8,372.1,380.5,372.8,363.0,308.2,317.7,327.2,334.7,342.5,353.6,364.2,354.7,344.7,336.3,328.3,318.5,313.1,327.9,335.5,343.5,359.0,343.4,335.4,327.8,325.5,346.6,366.9,387.4,407.7,426.1,441.2,452.8,454.7,448.7,434.7,418.9,401.3,381.9,361.5,340.9,320.2,313.4,302.3,297.5,298.8,303.4,301.9,296.2,294.1,296.6,304.9,324.7,338.8,352.7,367.2,377.6,380.0,382.1,379.2,375.8,329.7,325.3,324.7,328.9,332.3,332.9,326.3,321.4,321.2,324.4,328.3,328.8,409.1,402.9,399.4,401.0,398.6,400.7,405.0,413.6,417.7,419.2,419.0,416.7,408.9,407.2,407.4,406.0,405.9,407.0,408.6,408.3
275,0,18.992,0.98,1,12.6,113.4,442.0,-0.028,0.103,-0.051,253.0,255.5,259.6,264.8,273.2,286.5,301.9,320.0,340.7,361.3,379.4,394.8,405.8,411.9,414.8,417.0,418.1,264.2,271.4,285.2,300.7,315.6,345.4,360.6,375.3,389.3,398.7,332.0,332.1,332.2,332.4,317.2,325.4,333.7,342.1,349.6,281.8,289.9,300.0,308.5,299.9,290.1,355.6,364.2,374.5,382.9,375.0,365.1,307.5,317.1,326.8,334.3,342.1,353.1,363.4,353.8,343.7,335.2,327.1,317.4,312.3,327.2,334.9,342.9,358.2,342.8,334.7,327.1,323.6,345.0,365.5,386.1,406.6,425.2,440.7,452.6,454.8,449.1,435.3,419.8,402.4,383.1,363.0,342.7,322.4,311.6,300.2,295.4,297.2,302.4,302.1,297.0,295.4,298.3,306.9,324.3,338.5,352.5,367.1,376.9,379.6,382.0,379.4,376.2,327.6,323.4,323.2,327.7,330.9,331.1,326.8,322.2,322.4,326.0,329.6,329.7,408.1,402.2,399.0,401.0,398.8,401.3,406.0,414.3,417.9,419.2,418.7,416.1,408.0,406.8,407.3,406.2,406.7,407.2,408.5,408.1
276,0,19.058,0.98,1,17.3,113.3,441.9,-0.056,0.104,0.027,260.3,261.4,263.8,267.6,274.6,286.7,301.3,318.4,338.8,360.1,379.2,395.8,407.5,414.6,419.2,422.9,425.4,274.0,281.9,296.2,311.8,326.6,356.9,371.5,385.8,399.1,407.5,342.3,341.2,340.3,339.4,322.9,330.9,339.0,347.4,354.9,291.0,299.7,309.8,317.9,309.1,299.1,364.5,373.7,384.0,391.8,383.7,373.7,309.7,320.0,330.1,337.4,345.4,355.7,365.0,355.0,344.8,336.2,328.2,318.8,314.4,329.7,337.4,345.5,359.8,345.1,336.9,329.4,321.7,342.8,362.8,383.2,403.5,422.3,438.4,450.9,454.4,449.9,436.8,422.1,405.3,386.9,367.8,348.9,330.0,306.3,295.1,290.9,294.1,301.0,303.6,299.7,299.2,303.0,312.2,324.2,338.4,352.4,366.8,375.6,378.9,381.9,380.2,377.7,323.1,319.6,320.2,325.8,328.1,327.4,328.9,325.1,326.3,330.6,333.6,332.8,405.1,400.1,397.9,400.6,399.1,402.8,408.5,415.7,418.4,418.9,417.5,413.9,405.4,405.8,407.1,406.8,408.6,407.3,408.0,406.8
277,0,19.125,0.82,1,26.1,113.7,436.6,-0.081,0.066,0.070,270.3,271.4,274.1,276.8,282.6,293.4,307.1,323.8,344.0,364.9,384.3,402.0,414.8,422.5,427.6,431.2,433.0,282.4,291.7,307.4,324.0,339.3,366.3,381.1,396.3,410.3,418.8,354.1,353.5,353.2,352.9,334.8,343.2,351.1,359.3,366.9,300.5,309.5,321.0,329.7,319.7,308.2,374.1,383.9,395.3,403.3,395.0,383.8,320.2,331.6,342.2,349.4,357.3,367.5,376.9,366.6,356.3,348.0,340.2,330.4,325.3,341.7,349.1,357.1,371.4,356.9,349.0,341.6,317.8,338.7,358.9,379.0,399.1,417.9,434.8,450.1,456.3,454.5,443.0,429.0,412.5,393.9,374.2,355.0,335.8,305.3,294.6,291.5,295.6,304.1,308.4,304.2,304.1,308.1,318.1,327.7,341.4,354.7,368.6,378.7,382.0,384.9,383.7,381.6,322.7,317.7,319.3,328.1,330.0,328.8,332.8,326.1,327.6,334.2,337.8,336.9,407.0,402.4,400.1,403.1,401.7,405.8,411.7,418.8,421.3,421.2,419.8,415.6,407.4,408.5,409.8,409.8,411.4,410.2,410.5,408.9
278,0,19.192,0.98,1,50.3,124.9,445.3,-0.166,0.006,0.307,299.7,294.8,291.6,291.2,296.4,306.9,319.6,333.3,351.7,371.9,391.0,408.4,421.9,432.0,440.4,447.8,453.3,327.6,341.4,358.2,373.6,386.7,415.1,428.5,440.9,451.3,454.8,396.4,392.5,389.0,385.5,362.7,370.1,377.5,386.0,393.6,341.0,351.6,361.8,368.1,358.6,348.6,411.8,422.2,431.6,436.6,428.8,419.6,338.4,352.4,364.3,370.6,378.5,386.0,391.1,381.4,371.8,364.0,356.3,347.2,342.9,361.4,368.4,376.0,386.7,375.8,368.1,361.1,320.7,343.8,366.3,388.3,408.8,426.9,441.7,453.7,461.0,462.8,454.7,443.8,429.5,413.4,398.1,383.2,368.0,300.8,293.6,293.7,300.8,311.7,322.8,322.9,326.0,332.5,343.0,336.8,351.0,365.0,379.3,383.0,388.5,393.7,394.3,393.5,322.2,320.8,324.2,332.1,331.7,328.4,348.0,346.7,350.7,357.5,357.8,354.0,407.4,405.8,406.7,411.2,411.7,417.9,425.2,429.7,430.1,428.4,425.1,418.5,409.0,414.3,417.3,419.1,424.2,419.2,417.9,414.9
279,0,19.292,0.98,1,70.4,132.1,427.1,-0.036,-0.015,0.576,342.0,330.4,320.4,313.1,311.4,316.6,326.5,339.0,356.0,373.8,391.8,409.0,426.0,441.2,454.9,467.4,478.3,375.4,390.9,406.7,419.8,429.7,455.6,468.7,479.5,487.4,488.7,431.4,425.5,420.0,414.3,389.5,395.9,402.4,410.6,418.2,380.1,391.1,400.3,405.1,395.7,386.7,444.4,454.6,462.7,466.2,459.0,450.9,360.5,376.7,388.1,393.6,401.3,406.8,408.8,400.2,391.7,384.2,377.6,369.4,365.7,383.2,389.5,396.7,405.2,396.9,389.6,383.3,301.4,320.9,341.3,362.5,385.6,409.7,432.3,453.8,468.4,475.5,472.8,467.1,457.7,445.2,430.7,415.2,398.9,305.2,303.2,308.6,319.4,332.5,348.4,350.8,355.8,363.7,374.5,359.0,372.4,385.5,399.1,396.7,403.8,410.6,412.8,413.7,330.9,332.5,338.0,347.0,344.6,339.2,371.4,371.7,377.2,384.4,383.6,378.6,415.2,417.4,420.4,426.0,428.1,435.1,442.9,445.8,445.1,442.0,437.5,429.4,418.3,427.3,431.6,434.7,441.1,435.5,432.6,428.2
280,0,19.497,0.98,1,82.3,129.6,428.1,-0.088,-0.036,0.617,356.3,344.7,334.9,327.8,326.2,331.1,339.7,350.7,366.2,382.3,398.7,415.2,432.8,449.3,464.2,477.9,490.1,389.6,405.7,421.8,435.1,445.1,470.5,483.6,494.4,502.1,502.7,446.4,440.6,435.1,429.4,404.5,410.8,417.2,425.3,432.6,395.6,407.0,416.2,420.5,411.3,402.1,458.9,469.0,477.1,480.3,473.2,465.1,374.8,391.4,403.0,408.0,415.3,420.1,421.5,413.4,405.5,398.5,392.3,384.0,380.1,397.7,403.6,410.4,418.2,410.8,404.0,398.1,299.4,319.2,339.8,360.8,383.2,406.1,427.2,447.9,463.1,472.1,472.1,468.7,460.9,448.9,434.1,418.3,401.7,300.9,298.4,304.1,315.0,328.2,345.6,348.7,354.6,363.7,375.6,354.9,367.8,380.4,393.5,391.5,398.8,405.6,408.1,409.5,325.9,327.3,333.2,342.8,340.1,334.3,369.0,369.0,375.0,383.1,381.9,376.4,410.5,412.4,415.5,421.1,423.5,431.3,440.1,442.2,440.6,437.1,432.4,424.1,413.7,422.4,426.7,430.2,438.0,431.0,427.7,423.1
281,0,19.564,0.88,1,78.3,127.5,440.7,-0.092,-0.027,0.568,343.5,333.3,324.9,319.6,319.8,325.9,336.8,350.9,367.4,382.5,397.4,412.9,429.5,444.9,459.0,473.1,486.5,377.2,394.5,411.1,425.5,436.7,463.3,478.0,489.6,497.8,499.0,437.4,431.2,425.2,419.0,396.0,401.9,408.1,415.7,422.9,384.0,396.3,406.5,410.9,401.4,391.2,452.0,463.1,472.0,475.6,468.1,459.3,365.9,382.6,394.3,399.4,406.5,412.2,415.3,406.3,398.0,391.0,384.6,375.7,371.4,389.6,395.5,402.4,411.8,402.4,395.9,389.8,299.4,319.2,339.8,361.5,383.8,406.5,427.3,445.3,456.5,461.8,461.0,457.9,450.8,439.5,425.0,409.1,392.1,298.9,296.6,302.2,312.0,323.8,336.8,339.3,345.0,355.0,368.3,347.0,359.2,371.5,384.0,384.4,390.7,396.5,398.6,400.1,323.1,323.6,329.4,339.0,337.3,331.5,361.6,360.3,365.7,374.1,374.2,369.2,404.2,405.5,407.5,412.2,414.0,421.7,430.7,432.7,431.1,428.3,424.3,417.2,407.1,414.1,417.8,420.4,428.9,421.4,418.7,414.9
282,0,19.631,0.98,1,55.7,116.0,443.3,-0.096,0.085,0.181,305.0,302.6,302.0,303.5,309.8,321.1,334.7,350.1,369.8,390.2,408.9,425.5,438.3,447.0,453.6,459.6,464.1,325.0,336.6,352.4,367.9,381.8,411.7,426.6,440.6,452.3,457.4,393.7,391.5,389.5,387.5,367.6,375.4,383.2,391.7,399.4,340.1,349.6,359.7,367.3,358.1,348.0,412.2,421.9,431.7,438.5,430.3,420.7,349.5,361.8,372.7,379.5,387.5,396.4,403.5,393.9,384.2,376.0,368.4,359.0,354.4,371.2,378.4,386.3,398.6,386.2,378.3,371.1,310.7,333.4,355.9,378.1,399.5,418.9,435.3,448.8,455.1,454.1,444.1,431.9,417.1,400.2,382.7,365.2,347.5,299.7,291.1,289.6,294.7,303.5,309.9,308.4,310.0,315.9,326.2,327.5,341.4,355.0,369.1,375.8,380.0,384.0,383.3,381.5,319.6,317.4,319.3,325.5,326.5,324.8,334.9,332.4,335.1,340.4,341.9,339.6,403.6,399.9,398.8,402.3,401.7,406.6,413.1,419.0,420.9,420.5,418.3,413.4,404.5,406.7,408.6,409.2,412.6,409.6,409.4,407.5
283,0,19.764,0.98,1,12.1,117.8,456.1,-0.140,0.033,-0.255,249.3,255.0,262.4,271.3,282.7,298.0,315.9,336.2,356.1,372.9,385.7,397.0,405.9,409.8,409.5,407.6,404.8,254.2,258.5,270.7,285.8,300.7,327.9,342.1,357.2,372.5,384.1,319.5,323.3,326.9,330.6,318.5,326.9,335.2,342.6,349.3,274.0,280.6,290.2,300.1,292.5,283.1,342.6,349.7,359.7,369.0,362.2,352.5,318.1,325.7,333.6,340.9,347.5,358.8,369.9,363.0,354.5,347.0,339.6,329.9,323.2,335.7,342.7,349.7,365.3,350.3,343.3,336.2,351.1,368.4,384.8,400.9,416.3,430.0,441.2,449.3,448.3,441.1,428.4,414.1,397.4,378.9,358.2,337.0,316.0,333.3,320.7,313.0,310.2,311.3,302.9,293.3,288.2,289.3,296.8,327.9,340.9,353.7,366.9,380.1,380.8,380.7,376.1,371.4,344.2,337.9,334.8,336.7,341.7,344.9,324.5,317.3,315.1,316.5,321.8,324.4,411.9,404.0,398.4,398.3,394.4,394.5,396.5,406.3,412.2,415.2,416.6,416.3,410.5,405.4,404.0,401.1,398.0,402.1,405.0,406.3
284,0,19.859,0.98,1,-9.2,121.7,465.7,-0.066,0.090,-0.491,231.3,241.1,252.3,264.7,278.7,295.4,312.5,330.7,348.9,365.7,378.0,387.0,390.4,388.2,382.5,376.0,368.6,229.6,232.2,241.6,254.3,267.6,290.4,300.9,313.2,326.7,339.4,288.5,293.3,298.0,303.0,296.9,304.5,312.0,318.2,323.6,250.1,254.9,263.3,272.5,266.5,258.2,311.0,316.2,325.2,334.6,329.0,320.4,301.9,306.5,312.9,319.8,325.6,336.9,349.1,343.0,335.0,328.1,321.2,312.4,305.7,316.6,323.0,329.5,344.6,329.9,323.3,316.9,369.8,387.1,403.1,418.4,431.7,441.5,447.8,450.3,444.1,431.6,413.1,393.5,373.5,353.5,334.2,315.4,297.0,347.4,334.9,326.1,321.7,320.7,309.1,298.4,291.0,287.6,290.8,333.0,344.8,356.5,368.5,384.4,383.5,382.0,376.8,371.6,356.5,349.2,345.0,346.0,352.1,356.4,326.7,318.7,314.7,314.7,321.1,325.4,415.6,405.9,399.0,397.8,392.9,391.3,391.8,402.9,409.9,414.1,416.7,418.1,413.5,406.1,403.6,399.6,394.1,400.9,405.0,407.4
285,0,20.064,0.98,1,-18.2,126.3,460.2,-0.108,0.050,-0.530,224.1,233.0,244.0,257.0,271.6,288.3,305.7,323.7,341.7,357.6,367.9,375.1,377.7,374.9,369.4,362.9,355.3,219.0,223.5,233.0,244.8,256.8,277.9,290.3,304.3,319.9,333.5,276.6,281.3,286.0,290.9,286.0,293.5,300.9,307.1,312.7,238.9,243.5,252.2,262.5,255.9,247.4,298.7,304.6,313.9,324.0,318.2,309.0,293.6,297.7,303.1,309.6,315.0,326.6,338.9,333.0,325.6,319.1,312.6,304.0,297.2,307.3,313.2,319.5,334.8,319.5,313.3,307.2,380.1,396.9,413.1,427.7,439.7,448.2,452.9,454.4,447.1,433.4,414.7,394.6,374.7,355.2,337.1,319.3,301.9,357.6,346.2,338.0,332.8,330.9,316.0,303.7,294.5,291.6,295.4,341.7,353.0,364.2,375.7,392.8,391.2,389.1,383.8,378.4,368.8,360.9,355.9,356.0,362.8,368.2,334.2,324.3,319.5,318.5,326.0,331.3,423.4,413.7,406.2,404.6,399.2,397.0,396.2,407.6,415.2,419.9,422.9,424.7,421.3,412.9,410.0,405.7,398.6,406.3,410.8,413.5
286,0,20.130,0.98,1,-20.7,128.9,470.7,-0.049,0.057,-0.558,220.2,231.0,242.9,255.8,270.2,287.3,304.8,323.4,341.1,356.7,367.4,375.1,377.5,374.1,367.1,359.2,350.5,216.7,218.7,227.4,239.4,252.2,274.4,285.2,297.3,311.0,323.9,274.1,279.5,284.9,290.6,285.8,293.2,300.4,306.1,311.0,237.5,241.6,249.7,259.0,253.4,245.4,295.9,300.3,309.1,318.4,313.4,305.1,293.1,296.9,302.5,309.2,314.6,325.5,337.6,332.3,324.9,318.3,311.8,303.3,296.7,306.6,312.8,318.9,333.4,319.2,313.0,306.9,380.1,396.4,411.5,425.9,438.3,447.1,452.3,454.0,446.9,433.1,413.8,393.3,373.0,353.0,334.1,315.8,298.1,360.0,347.8,338.7,333.3,330.8,317.2,305.7,297.5,293.7,296.2,342.0,353.0,364.1,375.5,391.7,390.2,388.2,382.8,377.3,367.8,360.2,355.4,355.8,362.4,367.2,333.6,325.2,320.4,319.7,326.7,331.6,422.3,412.4,405.2,403.6,398.3,395.8,395.4,406.6,414.0,418.6,421.7,423.7,420.0,411.8,408.9,404.6,397.9,405.7,410.2,413.0
287,0,20.198,0.98,1,-18.8,126.2,469.4,-0.051,0.067,-0.523,221.7,232.3,243.8,256.0,269.8,286.5,303.7,322.0,340.1,356.7,368.5,376.7,379.1,375.9,369.8,363.1,355.5,219.1,220.7,229.4,241.8,255.3,280.1,290.4,302.0,314.8,327.0,278.1,283.1,288.0,293.2,287.6,295.1,302.6,308.4,313.5,240.0,244.6,253.0,262.0,256.2,248.1,300.4,305.2,314.1,323.4,318.1,309.6,292.8,297.1,303.3,310.3,316.1,327.1,339.1,333.3,325.5,318.6,311.7,302.8,296.4,307.2,313.8,320.3,334.8,320.3,313.7,307.2,376.1,392.8,408.1,422.9,436.0,445.5,451.5,453.5,446.7,432.9,413.0,392.1,371.7,351.8,333.2,315.2,297.5,355.0,342.7,333.4,328.4,326.4,313.4,302.9,295.5,291.7,294.2,337.8,349.1,360.5,372.2,388.3,387.1,385.5,380.3,375.1,362.2,354.9,350.3,351.2,357.5,361.9,330.5,322.7,318.3,318.1,324.7,329.2,419.7,409.9,402.9,401.6,396.4,394.6,395.0,406.0,413.2,417.6,420.4,422.1,417.6,409.9,407.2,403.1,397.4,404.2,408.5,411.2
288,0,20.264,0.98,1,-13.9,121.5,465.3,-0.069,0.078,-0.444,225.9,235.8,246.3,257.4,270.2,286.0,302.5,320.2,339.1,357.2,370.8,380.4,383.5,381.3,376.7,372.1,366.4,224.9,227.5,237.0,250.2,264.5,290.8,301.6,313.3,326.1,337.9,287.0,291.1,295.2,299.5,292.0,299.8,307.5,313.9,319.3,245.9,251.4,260.2,269.2,262.7,254.1,309.5,315.3,324.7,333.9,328.0,318.9,293.9,299.3,306.5,313.7,320.0,330.9,342.7,335.9,327.5,320.2,313.0,303.8,297.6,309.8,316.6,323.6,338.1,323.1,316.2,309.5,368.1,385.8,401.8,417.5,431.4,442.0,449.1,452.2,446.5,433.7,413.9,393.1,372.6,352.7,334.0,316.1,298.5,344.6,332.1,323.1,319.2,318.4,307.9,298.6,292.3,289.2,292.3,331.0,343.1,355.1,367.4,383.1,382.6,381.6,377.0,372.2,352.6,345.6,341.8,343.4,349.2,352.9,326.2,319.0,315.5,316.1,322.2,325.8,415.2,405.6,399.1,398.5,393.8,393.2,394.9,405.3,411.7,415.5,417.7,418.6,413.4,406.6,404.5,401.0,396.9,401.8,405.6,407.7
289,0,20.331,0.98,1,-6.9,117.7,462.7,-0.066,0.091,-0.343,232.2,240.7,249.9,259.5,271.1,286.2,302.2,319.6,339.0,358.4,373.9,385.3,389.9,389.3,386.7,384.0,380.3,234.6,237.9,248.4,262.5,277.4,305.3,316.4,328.3,341.0,352.3,299.3,302.2,305.2,308.4,298.7,306.6,314.6,321.4,327.3,255.1,261.5,270.8,279.7,272.6,263.5,322.0,328.8,338.6,347.6,341.0,331.5,296.5,303.3,311.4,318.8,325.6,336.5,347.8,340.1,331.1,323.4,315.8,306.3,300.5,313.9,321.1,328.5,342.9,327.9,320.5,313.4,356.6,375.4,392.4,409.3,424.6,436.7,445.5,450.2,446.1,434.9,416.1,396.1,375.9,356.0,337.2,319.1,301.3,333.7,321.1,312.7,310.2,311.1,303.7,295.9,290.9,288.8,292.9,325.7,338.4,351.0,364.0,378.5,378.8,378.7,374.7,370.5,342.7,336.4,333.6,336.2,341.2,343.9,323.6,317.1,314.7,316.2,321.7,324.3,410.3,401.5,395.9,396.1,392.1,392.7,395.6,405.4,411.0,414.0,415.4,415.3,409.0,403.7,402.5,399.7,397.2,400.4,403.5,404.9
290,0,20.398,0.98,1,-0.1,116.1,461.3,-0.064,0.102,-0.235,239.6,246.3,253.6,261.6,271.8,286.0,301.4,318.4,338.1,358.5,375.6,388.8,395.3,396.8,396.2,395.6,393.9,245.4,249.9,261.4,276.1,291.2,320.0,331.7,344.0,356.8,367.5,311.8,313.5,315.2,317.0,305.2,313.3,321.3,328.6,334.9,265.5,272.8,282.2,290.7,283.1,273.8,334.4,342.1,352.0,360.6,353.4,343.8,299.6,307.4,316.1,323.6,330.8,341.2,351.8,343.3,334.1,326.0,318.2,308.8,303.7,317.7,325.1,332.8,346.8,332.1,324.4,317.1,345.8,365.5,383.4,401.5,418.2,432.0,442.6,449.1,447.1,437.7,420.2,401.3,381.8,362.0,343.1,324.9,306.9,323.8,311.5,304.2,303.5,306.4,302.1,295.5,291.7,290.6,295.8,323.4,336.4,349.3,362.6,375.6,376.8,377.7,374.4,370.8,335.0,330.0,328.1,331.4,335.6,337.2,323.5,318.3,317.0,319.1,323.9,325.4,407.0,399.1,394.4,395.5,392.2,394.0,398.1,406.9,411.5,413.7,414.3,413.1,406.0,402.5,402.1,400.1,399.2,400.5,402.8,403.4
291,0,20.464,0.98,1,6.2,116.9,460.6,-0.054,0.109,-0.135,247.5,252.1,257.6,263.9,272.7,285.9,300.6,317.1,337.1,358.2,376.5,391.3,399.5,402.9,404.2,405.3,405.3,256.4,262.0,274.5,289.5,304.6,333.2,345.8,358.6,371.7,381.6,323.2,323.6,324.2,324.8,311.3,319.2,327.3,335.0,341.7,275.3,283.1,292.6,300.7,292.7,283.5,345.3,353.7,363.5,371.7,364.0,354.5,302.6,311.5,320.7,328.0,335.4,345.5,355.4,346.3,336.9,328.8,321.0,311.6,306.8,321.6,328.9,336.6,350.5,335.9,328.2,321.0,337.4,357.7,376.4,395.3,413.1,428.4,440.7,449.2,449.2,441.6,425.5,407.8,389.1,369.8,351.1,333.2,315.3,317.4,305.6,299.5,300.5,305.1,303.7,298.3,295.7,296.2,302.7,324.2,337.5,350.7,364.3,375.5,377.6,379.3,376.7,373.6,330.6,326.7,325.9,329.7,333.0,333.7,326.2,322.1,321.9,324.6,328.5,329.0,405.9,399.3,395.7,397.5,395.0,397.6,402.2,410.4,414.2,415.7,415.5,413.2,405.5,403.7,404.0,402.8,402.9,403.1,404.7,404.6
292,0,20.530,0.98,1,12.4,118.1,459.9,-0.045,0.099,-0.065,254.5,257.4,261.5,266.7,274.7,287.3,301.8,318.6,338.7,359.6,378.0,393.4,403.2,408.3,411.0,413.2,414.1,265.9,272.6,285.9,301.0,315.9,344.0,357.4,370.8,383.9,393.3,332.4,332.4,332.5,332.6,317.9,325.8,333.7,341.6,348.6,283.7,291.8,301.3,309.4,301.2,291.9,354.6,363.1,372.9,380.8,373.1,363.6,307.4,316.8,326.4,333.6,341.2,351.3,360.8,351.5,341.8,333.7,325.8,316.5,311.8,326.7,334.0,341.8,355.9,341.3,333.5,326.2,332.1,352.3,371.0,389.9,408.5,425.1,439.1,449.6,451.3,445.2,430.6,414.3,396.5,377.5,358.8,340.5,322.2,314.7,303.5,298.4,300.1,305.5,305.5,300.6,298.9,300.8,308.3,325.7,339.2,352.6,366.5,376.4,379.0,381.2,379.0,376.1,329.2,325.5,325.2,329.5,332.3,332.5,328.5,324.7,325.1,328.3,331.7,331.6,406.2,400.4,397.5,399.7,397.6,400.5,405.3,413.2,416.5,417.6,416.9,414.0,406.1,405.3,406.0,405.2,405.8,405.5,406.7,406.2
293,0,20.598,0.98,1,18.0,118.1,458.0,-0.039,0.083,-0.019,260.4,262.0,265.1,269.6,277.3,289.7,304.4,321.7,341.8,362.3,380.4,395.8,406.6,412.8,416.3,419.0,420.6,273.8,281.5,295.2,310.2,324.5,353.3,367.1,380.6,393.5,402.5,340.0,339.9,339.7,339.6,324.0,331.9,339.8,347.9,355.1,290.5,298.8,308.5,316.6,308.2,298.7,362.2,370.8,380.6,388.4,380.7,371.2,312.5,322.5,332.2,339.5,347.1,357.3,366.5,357.2,347.5,339.2,331.4,322.0,317.2,332.1,339.6,347.4,361.6,347.1,339.2,331.8,326.8,346.9,366.0,385.5,404.8,422.8,438.0,449.9,452.6,447.6,434.3,419.1,401.9,383.2,364.0,345.0,325.9,311.8,301.3,297.2,299.5,305.1,305.7,301.2,299.9,302.6,310.6,326.2,339.8,353.3,367.2,376.5,379.4,381.9,379.8,377.1,328.1,324.6,324.6,329.0,331.8,331.7,329.4,325.8,326.4,329.8,333.0,332.7,406.4,400.9,398.1,400.4,398.5,401.5,406.6,414.2,417.3,418.2,417.4,414.4,406.5,405.9,406.7,406.0,407.0,406.6,407.6,406.8
294,0,20.664,0.98,1,21.9,117.6,455.4,-0.031,0.078,0.008,264.4,265.5,268.3,272.4,280.0,292.6,307.5,324.8,344.9,365.1,383.1,398.6,409.8,416.4,420.2,423.3,425.3,278.7,287.1,301.2,316.5,330.9,359.2,373.3,387.0,399.9,408.5,345.6,345.2,344.9,344.6,328.4,336.4,344.3,352.5,359.9,295.4,303.8,313.5,321.6,313.1,303.5,367.2,375.9,385.7,393.4,385.7,376.2,316.5,326.8,336.6,343.8,351.4,361.5,370.6,361.2,351.6,343.4,335.7,326.2,321.3,336.5,343.9,351.6,365.6,351.4,343.6,336.3,320.4,341.4,361.8,382.4,402.9,421.8,437.5,449.7,452.9,448.5,435.8,421.3,404.9,386.7,367.7,348.5,329.2,310.7,300.1,296.3,298.9,305.0,306.0,301.7,300.7,303.6,312.0,326.5,340.1,353.6,367.6,376.6,379.6,382.3,380.2,377.5,327.4,324.1,324.3,328.9,331.5,331.2,330.0,326.3,327.0,330.6,333.7,333.3,406.5,401.2,398.4,400.7,398.9,402.0,407.2,414.6,417.8,418.7,417.9,414.9,406.7,406.2,407.0,406.3,407.5,407.1,408.1,407.4
295,0,20.731,0.98,1,24.4,117.6,455.2,-0.041,0.075,0.023,267.2,267.9,270.5,274.5,282.0,294.6,309.3,326.7,346.8,366.9,384.8,400.1,411.3,418.0,422.2,425.7,428.1,282.2,291.0,304.9,319.8,333.8,363.3,377.3,390.5,403.1,411.6,348.7,348.2,347.8,347.4,331.2,339.1,347.0,355.2,362.7,298.6,307.0,316.7,324.8,316.3,306.7,370.2,378.9,388.7,396.3,388.6,379.2,318.9,329.4,339.3,346.4,354.0,364.1,373.3,363.9,354.2,346.1,338.4,328.8,323.8,339.2,346.5,354.2,368.3,354.1,346.3,339.1,318.9,339.9,360.5,381.3,402.1,421.3,437.3,449.8,453.2,449.2,437.0,423.0,407.1,389.5,370.8,351.8,332.7,309.6,299.5,295.9,298.5,304.4,305.5,301.4,300.6,303.5,311.6,326.2,339.9,353.5,367.5,376.6,379.6,382.3,380.3,377.5,327.2,323.9,324.2,328.7,331.3,331.0,330.1,326.4,327.2,330.9,333.8,333.4,406.5,401.2,398.5,400.7,398.9,402.1,407.2,414.6,417.7,418.7,417.9,415.0,406.7,406.3,407.0,406.3,407.7,407.0,408.1,407.4
296,0,20.797,0.98,1,25.5,117.8,455.3,-0.051,0.068,0.025,268.0,268.7,271.3,275.4,282.9,295.5,310.5,328.1,348.3,368.3,385.9,401.0,412.1,418.8,423.0,426.4,428.8,283.3,292.0,305.9,320.8,334.9,364.5,378.5,391.8,404.3,412.6,349.7,349.4,349.1,348.8,332.6,340.5,348.4,356.6,364.0,299.6,307.9,317.6,325.8,317.3,307.7,371.2,379.8,389.6,397.3,389.6,380.2,320.4,330.9,340.8,348.0,355.5,365.7,374.9,365.5,355.9,347.8,340.2,330.6,325.5,340.8,348.1,355.7,369.9,355.7,348.0,340.8,319.3,340.0,360.2,380.9,401.7,421.0,437.1,449.8,453.4,449.4,437.3,423.7,408.1,391.0,372.6,353.8,335.0,310.0,299.8,296.1,298.6,304.6,305.6,301.4,300.5,303.4,311.6,326.7,340.3,353.7,367.7,376.9,379.8,382.4,380.4,377.6,327.8,324.4,324.6,329.0,331.6,331.4,330.3,326.6,327.3,330.9,333.9,333.5,406.8,401.4,398.6,400.7,398.9,402.0,407.2,414.5,417.8,418.8,418.1,415.3,407.0,406.4,407.1,406.3,407.6,407.1,408.2,407.6
297,0,20.863,0.98,1,25.8,117.9,455.0,-0.054,0.066,0.024,268.1,268.9,271.4,275.5,283.2,295.8,310.9,328.6,348.9,368.8,386.3,401.3,412.4,419.1,423.3,426.7,429.1,283.4,292.1,306.0,321.0,335.1,364.8,379.0,392.4,404.8,413.1,350.0,349.7,349.4,349.2,332.9,340.9,348.8,357.0,364.4,299.7,308.1,317.8,326.0,317.5,307.9,371.5,380.1,389.9,397.6,389.9,380.5,320.8,331.3,341.3,348.4,355.9,366.1,375.4,366.0,356.4,348.3,340.7,331.0,325.8,341.2,348.5,356.1,370.4,356.1,348.4,341.2,320.0,340.5,360.7,381.2,401.9,421.1,437.2,449.9,453.5,449.4,437.3,423.8,408.3,391.3,373.1,354.4,335.6,310.3,300.1,296.3,298.8,304.8,305.7,301.3,300.4,303.4,311.6,326.9,340.5,353.9,367.8,377.2,380.0,382.6,380.5,377.7,328.1,324.6,324.8,329.2,331.9,331.7,330.4,326.6,327.3,330.9,333.9,333.5,407.0,401.7,398.8,400.9,399.2,402.2,407.2,414.6,418.0,419.0,418.4,415.5,407.2,406.7,407.4,406.6,407.7,407.3,408.4,407.8
298,0,20.931,0.98,1,25.6,117.8,454.4,-0.057,0.062,0.020,267.4,268.3,270.9,275.1,282.8,295.6,310.9,328.7,349.1,369.0,386.5,401.3,412.4,418.9,423.0,426.4,428.7,282.8,291.5,305.6,320.7,335.0,364.2,378.4,392.1,404.7,413.0,349.6,349.4,349.2,349.1,332.7,340.7,348.7,356.9,364.3,299.2,307.6,317.4,325.6,317.1,307.5,371.2,379.8,389.6,397.4,389.7,380.2,320.7,331.3,341.3,348.4,355.9,366.2,375.6,366.2,356.6,348.5,340.9,331.1,325.8,341.3,348.6,356.2,370.6,356.2,348.5,341.3,320.5,341.0,361.1,381.5,402.1,421.2,437.2,449.9,453.5,449.3,437.2,423.6,408.1,391.1,372.9,354.2,335.5,310.7,300.4,296.6,299.0,305.1,305.8,301.2,300.2,303.3,311.6,326.9,340.5,354.0,367.9,377.3,380.1,382.7,380.5,377.7,328.4,324.9,325.0,329.4,332.1,331.9,330.4,326.5,327.2,330.8,333.8,333.5,407.1,401.8,398.9,401.0,399.1,402.1,407.1,414.5,417.9,419.0,418.4,415.6,407.2,406.8,407.4,406.5,407.5,407.2,408.4,407.8
299,0,20.998,0.98,1,24.8,117.8,454.5,-0.060,0.061,0.015,266.6,267.4,270.0,274.3,282.2,295.1,310.4,328.3,348.8,368.7,385.9,400.7,411.7,418.2,422.2,425.4,427.5,281.6,290.3,304.1,319.1,333.2,363.0,377.3,391.0,403.5,411.8,348.2,348.1,348.0,347.9,331.7,339.7,347.7,355.9,363.3,297.9,306.2,316.0,324.3,315.8,306.2,369.9,378.4,388.3,396.0,388.4,378.9,319.9,330.5,340.5,347.6,355.1,365.5,374.9,365.6,355.9,347.9,340.3,330.5,325.0,340.5,347.8,355.4,369.9,355.5,347.8,340.6,321.3,341.6,361.6,381.9,402.3,421.3,437.3,450.1,453.5,449.2,436.9,423.3,407.9,390.9,372.7,354.1,335.5,310.7,300.6,296.7,299.1,305.0,305.6,301.1,300.1,303.2,311.6,327.1,340.6,353.9,367.7,377.3,380.1,382.6,380.4,377.5,328.6,325.1,325.1,329.5,332.2,332.1,330.3,326.4,327.0,330.6,333.6,333.3,407.2,401.8,398.8,400.8,399.0,401.8,406.7,414.3,417.7,418.9,418.4,415.6,407.3,406.7,407.3,406.4,407.2,407.1,408.3,407.8
300,0,21.064,0.98,1,23.8,117.7,454.6,-0.065,0.057,0.010,265.2,266.3,269.0,273.4,281.2,294.1,309.5,327.6,348.2,368.2,385.5,400.1,410.8,417.0,420.8,423.9,426.0,280.0,288.4,302.4,317.5,331.9,361.5,375.9,389.7,402.4,410.5,347.0,346.9,346.8,346.9,330.6,338.7,346.7,354.9,362.3,296.8,305.1,314.8,323.2,314.7,305.1,368.5,377.1,387.0,394.7,387.1,377.6,319.1,329.6,339.6,346.7,354.3,364.7,374.1,364.9,355.3,347.2,339.5,329.7,324.2,339.7,347.0,354.7,369.1,354.7,347.0,339.8,321.8,342.1,362.0,382.2,402.5,421.4,437.4,450.1,453.5,449.0,436.6,422.8,407.3,390.4,372.2,353.7,335.2,311.4,301.0,296.9,299.2,305.1,305.6,301.0,299.9,303.1,311.5,327.0,340.5,353.8,367.5,377.2,379.9,382.4,380.2,377.2,328.8,325.2,325.2,329.5,332.3,332.2,330.2,326.2,326.8,330.3,333.4,333.1,407.2,401.8,398.8,400.8,398.8,401.6,406.5,414.1,417.6,418.8,418.3,415.6,407.3,406.7,407.2,406.2,407.0,406.9,408.2,407.7
301,0,21.131,0.98,1,23.0,117.6,454.5,-0.064,0.054,0.006,264.0,265.1,268.0,272.4,280.4,293.4,308.9,327.0,347.7,367.5,384.7,399.2,410.0,416.2,420.0,423.0,425.1,278.8,287.2,301.2,316.4,330.8,360.4,374.9,388.8,401.6,409.7,345.9,345.8,345.9,346.0,329.7,337.8,345.8,354.0,361.4,295.6,303.9,313.7,322.0,313.6,304.0,367.5,376.0,385.8,393.6,386.0,376.5,318.3,328.7,338.7,345.8,353.3,363.7,373.1,363.9,354.3,346.3,338.7,328.9,323.4,338.8,346.1,353.7,368.1,353.7,346.1,338.9,322.2,342.4,362.3,382.4,402.7,421.6,437.4,450.0,453.4,448.7,436.2,422.4,406.9,390.0,371.9,353.3,334.7,311.8,301.3,297.1,299.3,305.1,305.4,300.6,299.5,302.8,311.3,326.9,340.4,353.7,367.5,377.2,379.8,382.3,380.0,377.1,328.9,325.3,325.2,329.5,332.3,332.3,329.9,325.8,326.4,329.9,333.0,332.8,407.2,401.7,398.7,400.6,398.7,401.5,406.3,414.0,417.5,418.7,418.2,415.5,407.3,406.5,407.0,406.1,406.8,406.8,408.1,407.6
302,0,21.198,0.98,1,22.2,117.4,453.7,-0.068,0.052,0.002,263.0,264.2,267.1,271.6,279.7,292.8,308.4,326.6,347.3,367.1,384.2,398.7,409.5,415.7,419.4,422.3,424.3,277.6,286.0,300.1,315.4,329.9,359.2,373.9,387.9,400.8,409.0,344.8,344.9,345.0,345.1,328.8,337.0,345.1,353.3,360.7,294.5,302.8,312.5,320.9,312.5,302.8,366.5,375.1,384.9,392.8,385.1,375.6,317.5,328.0,338.0,345.2,352.7,363.2,372.8,363.5,353.9,345.8,338.1,328.3,322.6,338.2,345.5,353.2,367.7,353.2,345.5,338.3,322.7,343.0,362.8,383.0,403.1,421.9,437.6,450.2,453.4,448.7,436.1,422.3,406.8,389.8,371.6,353.0,334.3,312.1,301.5,297.2,299.3,305.1,305.2,300.4,299.3,302.6,311.3,326.9,340.4,353.6,367.4,377.2,379.9,382.3,379.9,376.9,329.2,325.5,325.4,329.6,332.4,332.5,329.8,325.7,326.2,329.7,332.7,332.6,407.3,401.8,398.7,400.6,398.6,401.3,406.0,413.8,417.4,418.6,418.2,415.5,407.3,406.5,407.0,406.0,406.6,406.7,408.0,407.6
303,0,21.261,0.98,1,22.0,117.5,454.1,-0.065,0.052,-0.001,262.6,263.8,266.7,271.3,279.5,292.7,308.2,326.4,347.0,366.9,383.9,398.5,409.3,415.5,419.1,422.0,423.9,277.4,286.0,300.0,315.3,329.6,358.6,373.3,387.3,400.1,408.4,344.5,344.5,344.6,344.8,328.5,336.6,344.7,352.9,360.3,294.1,302.3,312.1,320.5,312.0,302.4,366.1,374.6,384.4,392.3,384.6,375.2,317.2,327.7,337.7,344.9,352.4,362.9,372.4,363.2,353.6,345.5,337.8,327.9,322.3,337.9,345.2,352.9,367.4,352.9,345.2,338.0,322.8,343.1,363.1,383.4,403.6,422.3,437.9,450.3,453.4,448.7,436.1,422.2,406.5,389.4,371.2,352.5,333.9,312.0,301.6,297.4,299.4,305.1,305.1,300.2,299.1,302.3,310.9,326.8,340.3,353.6,367.4,377.3,379.9,382.3,380.0,376.9,329.3,325.6,325.5,329.7,332.5,332.6,329.7,325.6,326.0,329.5,332.6,332.5,407.4,401.8,398.7,400.6,398.6,401.2,406.0,413.7,417.3,418.6,418.2,415.6,407.4,406.5,406.9,405.9,406.5,406.6,408.0,407.6
304,0,21.331,0.98,1,21.4,116.7,453.0,-0.075,0.059,0.000,262.5,263.7,266.6,271.2,279.3,292.3,307.8,325.8,346.5,366.4,383.6,398.3,409.1,415.3,419.0,421.9,424.0,276.9,285.6,299.6,314.9,329.2,358.1,372.8,387.0,399.9,408.3,343.9,343.9,343.9,344.0,327.9,336.0,344.0,352.2,359.6,293.5,301.8,311.6,320.1,311.5,301.9,365.7,374.4,384.3,392.2,384.5,374.9,316.5,326.9,336.9,344.1,351.6,362.2,371.9,362.5,352.7,344.6,336.9,327.1,321.6,337.1,344.4,352.1,366.8,352.1,344.4,337.1,322.3,342.8,363.0,383.4,403.7,422.3,437.9,450.2,453.4,448.8,436.3,422.4,406.6,389.3,370.8,352.0,333.2,311.3,300.7,296.5,298.5,304.1,304.0,299.2,298.1,301.5,310.1,325.7,339.2,352.5,366.3,376.5,379.1,381.5,379.2,376.3,328.6,324.8,324.7,329.0,331.8,332.0,329.0,324.8,325.3,328.9,332.0,331.9,406.9,401.2,398.1,400.0,398.0,400.8,405.8,413.4,416.9,418.1,417.6,415.0,407.0,406.0,406.4,405.5,406.3,406.1,407.4,407.0
305,0,21.398,0.98,1,20.8,116.0,451.7,-0.078,0.071,0.005,262.8,263.9,266.7,271.1,278.9,291.7,307.0,324.9,345.6,365.7,383.2,398.1,409.0,415.3,419.0,422.1,424.2,276.6,285.1,299.2,314.6,329.0,357.4,372.4,386.8,400.0,408.5,343.5,343.2,343.1,343.0,326.9,335.0,343.1,351.4,358.9,293.3,301.6,311.4,319.9,311.3,301.6,365.3,374.1,384.0,392.0,384.2,374.5,315.4,325.8,335.7,343.0,350.6,361.2,371.0,361.4,351.6,343.4,335.6,325.8,320.5,335.9,343.3,351.0,365.9,351.0,343.2,335.9,321.5,342.1,362.3,382.8,403.1,421.9,437.7,450.1,453.3,448.7,436.2,422.3,406.6,389.3,370.8,352.0,333.1,310.6,299.8,295.5,297.7,303.7,304.0,299.1,298.0,301.5,310.4,325.4,338.8,352.0,365.8,375.9,378.6,381.0,378.8,375.9,327.6,324.0,324.0,328.3,331.1,331.1,328.8,324.7,325.2,328.9,332.0,331.7,406.2,400.5,397.4,399.4,397.5,400.4,405.6,413.1,416.6,417.7,417.2,414.5,406.2,405.4,405.9,405.0,406.0,405.7,407.0,406.5
306,0,21.461,0.98,1,21.2,115.9,452.4,-0.069,0.076,0.011,263.9,264.7,267.3,271.5,279.2,291.8,306.9,324.6,345.2,365.3,382.9,398.0,409.2,415.8,419.7,422.8,425.0,277.8,286.4,300.4,315.5,329.6,358.4,373.3,387.5,400.6,409.1,344.0,343.6,343.4,343.2,327.1,335.2,343.2,351.5,359.0,293.9,302.2,312.0,320.3,311.8,302.2,366.0,374.7,384.6,392.5,384.7,375.2,315.5,325.8,335.8,343.0,350.6,361.2,371.0,361.3,351.4,343.2,335.5,325.7,320.5,335.9,343.2,351.0,365.9,350.9,343.1,335.8,320.5,341.1,361.4,382.0,402.5,421.4,437.3,449.7,453.1,448.6,436.3,422.4,406.6,389.2,370.5,351.5,332.4,309.5,299.1,295.2,297.5,303.3,303.6,298.9,297.9,301.3,310.1,325.2,338.6,351.8,365.6,375.6,378.3,380.8,378.7,375.8,327.2,323.7,323.7,328.0,330.7,330.7,328.6,324.7,325.3,328.9,331.9,331.6,405.9,400.3,397.2,399.3,397.4,400.4,405.6,413.1,416.5,417.5,417.0,414.2,406.0,405.2,405.7,404.9,406.0,405.7,406.9,406.4
307,0,21.531,0.98,1,22.2,116.1,453.5,-0.066,0.070,0.011,264.5,265.3,267.9,272.2,279.9,292.6,307.7,325.5,345.9,365.9,383.5,398.7,409.8,416.4,420.3,423.4,425.6,278.8,287.5,301.5,316.5,330.6,359.7,374.3,388.2,401.1,409.6,345.2,345.0,344.8,344.7,328.5,336.6,344.6,352.8,360.3,295.1,303.4,313.2,321.5,312.9,303.3,367.1,375.7,385.6,393.4,385.7,376.2,316.6,327.2,337.2,344.4,352.0,362.5,372.2,362.6,352.7,344.5,336.8,327.0,321.7,337.2,344.6,352.3,367.1,352.3,344.5,337.2,320.2,340.8,361.2,381.7,402.3,421.2,437.0,449.5,452.9,448.6,436.3,422.5,406.7,389.2,370.5,351.4,332.3,309.2,298.9,295.0,297.4,303.2,303.6,298.9,297.8,301.0,309.5,325.2,338.6,351.8,365.6,375.5,378.3,380.8,378.6,375.7,327.2,323.7,323.7,328.0,330.8,330.7,328.6,324.7,325.2,328.8,331.9,331.7,405.7,400.1,397.1,399.1,397.2,400.2,405.3,412.9,416.3,417.3,416.8,414.0,405.8,405.0,405.6,404.7,405.8,405.6,406.7,406.2
308,0,21.598,0.98,1,22.7,116.2,453.7,-0.066,0.068,0.009,264.7,265.7,268.3,272.5,280.2,292.9,308.0,325.9,346.5,366.7,384.4,399.5,410.6,417.0,420.8,423.8,425.9,279.3,287.9,301.9,317.0,331.1,359.9,374.3,388.1,400.9,409.5,345.7,345.5,345.4,345.3,329.2,337.2,345.2,353.5,360.9,295.6,303.9,313.6,321.9,313.4,303.8,367.6,376.1,386.0,393.8,386.1,376.6,317.4,327.9,337.9,345.1,352.7,363.1,372.8,363.2,353.4,345.3,337.6,327.8,322.5,338.0,345.3,353.0,367.7,353.0,345.2,337.9,320.4,341.0,361.2,381.6,402.2,421.1,436.9,449.5,452.9,448.5,436.2,422.3,406.4,389.0,370.4,351.5,332.6,309.5,299.1,295.2,297.5,303.4,303.7,299.0,297.8,300.8,309.2,325.2,338.6,351.8,365.6,375.6,378.3,380.8,378.6,375.7,327.4,323.8,323.8,328.1,330.9,330.8,328.6,324.7,325.2,328.8,331.8,331.6,405.9,400.2,397.1,399.2,397.3,400.2,405.4,412.9,416.3,417.4,416.8,414.2,406.0,405.1,405.7,404.8,405.8,405.6,406.8,406.3
309,0,21.661,0.98,1,22.6,116.2,453.2,-0.064,0.071,0.005,264.8,265.8,268.5,272.8,280.4,293.2,308.3,326.2,346.8,367.0,384.7,399.8,410.9,417.3,421.1,424.0,426.0,279.0,287.4,301.3,316.3,330.4,359.9,374.2,387.9,400.7,409.3,345.5,345.3,345.2,345.1,329.1,337.2,345.2,353.4,360.9,295.4,303.7,313.4,321.8,313.2,303.7,367.5,376.0,385.9,393.8,386.1,376.5,317.5,327.9,337.9,345.1,352.7,363.2,372.9,363.4,353.6,345.4,337.7,327.9,322.6,338.0,345.4,353.1,367.8,353.1,345.3,338.0,320.8,341.3,361.4,381.8,402.3,421.2,437.0,449.5,452.9,448.5,436.1,422.2,406.4,389.0,370.3,351.4,332.4,309.6,299.2,295.3,297.6,303.5,303.9,299.1,297.9,300.7,309.0,325.5,338.9,352.1,365.8,375.8,378.6,381.0,378.8,375.9,327.6,324.0,324.0,328.3,331.1,331.0,328.8,324.8,325.3,328.8,331.9,331.7,406.1,400.4,397.4,399.4,397.4,400.3,405.4,413.0,416.5,417.6,417.1,414.4,406.2,405.4,405.9,405.0,405.9,405.8,407.0,406.5
310,0,21.730,0.98,1,22.0,115.9,452.6,-0.055,0.081,-0.001,264.5,265.6,268.4,272.8,280.6,293.4,308.5,326.2,346.7,367.0,384.8,400.0,411.2,417.6,421.2,423.8,425.5,278.4,287.1,300.9,315.7,329.6,358.5,373.0,386.8,399.7,408.2,344.5,344.3,344.2,344.1,328.3,336.3,344.3,352.6,360.1,294.5,302.6,312.3,320.5,312.1,302.6,366.5,374.9,384.7,392.5,384.8,375.4,316.9,327.2,337.2,344.4,352.0,362.6,372.4,362.9,353.0,344.8,337.0,327.2,321.9,337.4,344.7,352.5,367.4,352.5,344.6,337.3,320.4,341.1,361.5,382.1,402.7,421.6,437.3,449.7,453.0,448.6,436.0,421.9,406.0,388.4,369.6,350.6,331.6,308.9,298.9,295.1,297.4,303.2,303.6,299.0,297.9,300.8,309.0,324.8,338.5,352.0,366.0,375.7,378.5,381.1,378.8,375.7,326.7,323.1,323.1,327.5,330.2,330.1,327.9,323.9,324.4,328.1,331.0,330.8,406.1,400.5,397.5,399.5,397.6,400.3,405.3,413.0,416.5,417.6,417.1,414.4,406.2,405.4,405.9,405.0,405.8,405.8,407.1,406.6
311,0,21.792,0.98,1,21.7,115.8,452.9,-0.055,0.086,-0.004,264.1,265.3,268.3,272.8,280.7,293.5,308.5,326.2,346.6,367.0,384.8,400.1,411.2,417.6,421.1,423.7,425.3,277.9,286.7,300.5,315.3,329.2,358.0,372.5,386.2,399.1,407.7,344.1,343.9,343.8,343.7,328.0,336.0,343.9,352.2,359.6,294.1,302.2,311.9,320.1,311.6,302.1,366.2,374.5,384.4,392.2,384.6,375.1,316.6,326.9,336.8,344.0,351.6,362.2,372.1,362.5,352.6,344.4,336.7,326.9,321.6,337.0,344.4,352.1,367.0,352.1,344.3,337.0,320.3,341.2,361.8,382.4,403.1,421.9,437.5,449.8,453.0,448.5,435.9,421.8,405.8,388.1,369.3,350.3,331.3,308.8,298.8,295.0,297.3,303.0,303.4,298.8,297.6,300.5,308.6,324.6,338.2,351.7,365.8,375.6,378.4,380.9,378.6,375.6,326.5,322.7,322.8,327.3,330.0,329.9,327.7,323.5,324.0,327.7,330.8,330.6,406.1,400.4,397.3,399.3,397.4,400.2,405.3,413.0,416.4,417.5,417.0,414.3,406.2,405.3,405.8,404.9,405.8,405.8,407.0,406.5
312,0,21.858,0.98,1,21.5,115.7,452.7,-0.059,0.086,-0.006,263.9,265.2,268.3,272.8,280.5,293.3,308.4,326.2,346.7,367.0,384.8,400.0,411.0,417.4,420.9,423.5,425.1,277.5,286.0,299.8,314.6,328.6,357.9,372.3,386.1,398.9,407.5,343.8,343.6,343.5,343.5,327.9,335.8,343.7,352.0,359.4,293.7,301.8,311.6,319.8,311.4,301.8,366.0,374.3,384.3,392.1,384.5,375.0,316.5,326.7,336.6,343.8,351.4,362.0,371.9,362.3,352.4,344.2,336.5,326.7,321.4,336.8,344.2,351.9,366.8,351.9,344.1,336.8,320.7,341.5,362.0,382.6,403.2,422.0,437.6,449.8,452.9,448.4,435.8,421.6,405.5,387.8,369.0,349.9,330.9,309.2,298.9,295.0,297.1,302.6,303.0,298.5,297.4,300.4,308.5,324.2,337.9,351.5,365.5,375.5,378.2,380.7,378.4,375.4,326.5,322.5,322.5,327.1,329.9,329.9,327.4,323.1,323.5,327.4,330.5,330.3,406.1,400.3,397.2,399.2,397.3,400.1,405.3,412.9,416.3,417.4,416.9,414.3,406.2,405.2,405.7,404.8,405.8,405.6,406.8,406.4
313,0,21.925,0.98,1,21.4,115.5,452.4,-0.050,0.086,-0.006,263.7,264.9,267.9,272.4,280.3,293.2,308.3,326.2,346.6,366.8,384.5,399.8,410.9,417.4,421.0,423.5,425.0,277.5,286.4,300.2,314.9,328.8,357.7,372.2,386.0,399.0,407.6,343.6,343.5,343.4,343.4,327.7,335.7,343.6,351.8,359.2,293.5,301.6,311.5,319.7,311.2,301.5,365.9,374.2,384.2,392.0,384.4,374.9,316.4,326.6,336.4,343.6,351.2,361.8,371.6,362.1,352.2,344.0,336.3,326.6,321.4,336.6,344.0,351.7,366.5,351.6,343.8,336.6,320.4,341.2,361.7,382.4,403.0,421.9,437.6,449.9,453.0,448.4,435.8,421.5,405.3,387.3,368.3,348.9,329.6,308.4,298.5,294.8,297.0,302.6,302.9,298.3,297.2,300.1,308.3,324.2,337.8,351.4,365.4,375.4,378.2,380.6,378.4,375.4,326.3,322.3,322.3,327.0,329.8,329.7,327.3,322.9,323.3,327.2,330.4,330.2,406.2,400.3,397.2,399.2,397.2,400.1,405.4,413.1,416.5,417.6,417.1,414.4,406.3,405.1,405.6,404.7,405.8,405.8,407.0,406.5
314,0,21.992,0.98,1,21.0,113.3,445.3,-0.035,0.080,-0.012,262.9,264.3,267.8,273.0,281.4,294.6,309.4,327.2,346.6,365.5,382.2,397.2,408.9,416.2,420.5,423.6,425.2,276.1,284.3,298.2,313.5,327.7,356.9,371.6,385.7,399.1,407.9,342.9,343.0,343.1,343.3,327.8,335.7,343.6,351.7,359.2,292.7,301.0,311.2,319.7,311.0,301.1,365.4,373.9,384.1,392.1,384.5,374.6,317.7,326.7,336.9,344.0,351.2,362.1,370.9,362.8,353.1,345.1,337.2,327.0,323.1,337.2,344.4,351.8,365.8,352.0,344.5,337.2,319.1,340.2,361.0,382.1,403.6,423.6,440.8,454.2,457.6,452.6,439.2,423.6,406.5,387.5,366.9,346.1,325.6,306.9,296.0,292.0,294.1,299.8,300.3,295.3,294.0,297.1,305.8,322.0,335.5,348.9,362.8,373.6,376.2,378.4,376.1,373.3,324.3,320.3,320.3,324.9,327.8,327.8,324.9,320.6,321.1,324.7,328.2,328.0,407.4,399.3,394.9,397.0,395.0,399.0,406.3,417.5,422.2,423.4,422.8,418.8,407.3,404.1,404.5,403.8,406.7,409.3,410.4,409.9
315,0,22.058,0.98,1,20.7,109.1,433.8,-0.015,0.081,-0.023,262.5,264.0,268.2,274.4,283.5,296.7,311.2,328.8,347.9,366.3,381.9,396.4,408.0,415.7,420.7,424.0,425.7,276.1,283.6,297.5,313.2,327.3,356.6,371.2,385.7,399.1,407.3,342.5,342.7,342.9,343.2,328.3,336.0,343.7,351.8,359.0,292.4,300.8,311.2,319.8,311.2,300.9,365.2,373.6,384.1,392.0,384.6,374.4,320.2,327.0,337.6,344.6,351.4,362.8,370.4,364.3,354.6,346.7,338.8,327.8,325.7,338.1,345.0,352.0,365.3,353.3,345.9,338.5,316.7,338.9,360.7,382.6,405.5,426.7,445.2,459.6,463.5,458.2,443.8,426.3,407.6,387.1,365.1,342.6,320.7,302.9,290.4,285.9,287.6,293.4,293.6,288.2,286.9,290.6,300.1,317.0,330.2,343.0,356.6,369.2,371.6,373.7,371.3,368.5,320.7,315.8,315.8,320.9,323.8,323.8,320.4,315.6,316.0,320.0,323.6,323.6,408.0,396.5,390.8,392.9,391.0,396.1,406.5,422.9,429.7,431.0,430.3,424.1,407.4,400.2,400.4,400.0,406.7,416.3,417.7,416.9
316,0,22.125,0.98,1,20.5,106.7,429.9,-0.008,0.084,-0.026,262.1,263.7,268.1,274.6,283.9,297.1,311.5,328.9,348.1,366.5,382.0,396.5,408.0,415.9,420.9,424.2,425.8,276.2,283.8,297.6,313.2,327.0,356.6,371.0,385.3,398.6,406.8,342.6,342.7,343.0,343.2,328.4,336.0,343.7,351.8,359.1,292.4,300.9,311.2,319.8,311.2,301.0,365.0,373.3,383.9,391.9,384.5,374.2,319.8,326.2,337.3,344.4,351.4,363.3,370.9,365.1,354.9,346.8,338.5,327.0,325.2,337.8,344.8,351.9,365.9,353.6,346.1,338.4,314.5,337.7,360.4,382.9,406.0,427.0,445.3,459.5,463.6,458.6,444.4,426.8,407.6,386.5,363.9,340.5,317.9,300.2,287.5,282.8,284.2,290.0,290.0,284.6,283.4,287.1,296.6,314.1,327.1,339.6,353.0,366.1,368.5,370.6,368.3,365.5,318.6,313.5,313.5,318.6,321.4,321.4,318.1,313.0,313.4,317.5,321.0,321.1,406.2,393.6,387.7,389.9,388.0,393.5,404.9,423.9,431.8,433.0,432.2,424.7,405.5,396.8,397.1,396.8,405.1,418.6,419.9,419.0
317,0,22.192,0.98,1,20.3,105.1,429.7,-0.031,0.084,-0.020,261.9,263.6,267.9,274.3,283.4,296.4,310.7,328.1,347.4,366.1,381.8,396.3,407.9,415.6,420.6,424.0,425.7,276.0,283.7,297.5,313.2,327.2,356.8,371.5,386.0,399.4,407.3,342.6,342.7,342.9,343.1,328.3,335.9,343.5,351.6,358.8,292.3,300.8,311.2,319.8,311.1,300.9,364.9,373.3,383.8,391.9,384.5,374.1,319.5,326.0,337.1,344.1,350.9,362.8,370.4,364.5,354.2,346.2,338.1,326.6,324.9,337.6,344.5,351.4,365.5,353.0,345.6,338.1,313.2,336.6,359.5,382.1,405.0,425.9,444.0,458.4,462.6,457.7,443.6,426.1,406.7,385.6,362.9,339.6,316.9,299.1,286.2,281.1,282.3,287.8,287.9,282.7,281.9,286.0,295.8,311.9,324.8,337.2,350.6,364.0,366.3,368.4,366.1,363.4,316.9,311.7,311.6,316.7,319.6,319.7,316.3,311.2,311.6,315.9,319.3,319.3,404.3,391.4,385.4,387.6,385.8,391.4,403.0,422.2,430.1,431.3,430.5,422.9,403.6,394.5,394.8,394.6,403.2,416.8,418.1,417.2
318,0,22.259,0.98,1,20.3,104.6,430.7,-0.038,0.083,-0.019,262.1,263.6,267.9,274.2,283.2,296.0,310.3,327.9,347.4,366.1,381.8,396.3,407.8,415.5,420.4,423.7,425.4,276.5,284.4,298.1,313.7,327.4,356.6,371.3,385.7,399.0,406.9,342.5,342.6,342.8,343.0,328.4,335.9,343.4,351.4,358.6,292.4,300.8,311.3,319.8,311.2,300.9,364.7,373.0,383.6,391.6,384.3,373.9,319.9,326.1,337.2,344.0,350.7,362.6,370.0,364.4,354.1,346.3,338.3,326.8,325.3,337.6,344.4,351.2,365.1,352.9,345.6,338.2,312.4,335.8,358.7,381.2,404.1,425.0,443.2,457.7,462.0,457.2,443.4,425.9,406.4,385.1,362.3,338.9,316.1,298.0,285.2,280.3,281.5,287.0,287.0,281.8,280.9,285.1,295.0,311.0,323.7,335.9,349.0,362.7,365.0,367.0,364.8,362.2,316.1,310.7,310.6,315.9,318.8,318.9,315.4,310.1,310.5,315.0,318.4,318.5,403.8,390.1,383.9,386.0,384.2,390.1,402.4,421.7,429.6,430.7,429.9,422.3,402.9,393.1,393.4,393.2,402.5,416.4,417.6,416.7
319,0,22.325,0.98,1,20.2,104.1,430.5,-0.037,0.084,-0.020,262.2,263.7,267.9,274.3,283.2,295.9,310.2,327.9,347.5,366.2,381.9,396.3,407.7,415.3,420.2,423.4,425.1,276.6,284.3,298.1,313.7,327.4,356.1,370.7,385.3,398.7,406.6,342.3,342.4,342.6,342.8,328.2,335.7,343.2,351.2,358.4,292.5,300.9,311.3,319.8,311.2,301.0,364.5,372.7,383.2,391.2,383.9,373.6,319.8,326.0,337.0,343.8,350.5,362.3,369.9,364.2,353.9,346.1,338.2,326.7,325.1,337.5,344.2,350.9,365.0,352.7,345.4,338.1,312.3,335.7,358.6,381.1,403.8,424.7,442.8,457.3,461.6,456.9,443.2,425.8,406.3,385.0,362.1,338.5,315.6,297.7,284.7,279.8,281.1,286.7,286.7,281.3,280.4,284.5,294.6,310.4,323.1,335.3,348.4,362.0,364.3,366.4,364.2,361.5,315.6,310.2,310.1,315.3,318.2,318.3,314.9,309.6,310.0,314.4,317.8,317.8,403.0,389.5,383.4,385.5,383.8,389.6,401.7,421.5,429.4,430.5,429.7,421.9,402.1,392.3,392.6,392.4,401.8,416.5,417.7,416.8
320,0,22.392,0.98,1,20.1,104.1,431.2,-0.037,0.083,-0.020,262.1,263.6,267.9,274.3,283.2,295.9,310.1,327.8,347.4,366.1,381.8,396.1,407.5,415.1,419.9,423.1,424.7,276.8,284.6,298.3,313.9,327.5,355.7,370.1,384.5,397.8,405.9,342.1,342.2,342.5,342.7,328.2,335.6,343.2,351.1,358.3,292.5,300.9,311.2,319.7,311.1,301.0,364.3,372.6,383.0,390.9,383.7,373.5,320.0,326.1,337.2,343.8,350.3,362.1,369.7,364.0,353.8,346.2,338.4,326.9,325.3,337.6,344.2,350.7,364.8,352.6,345.5,338.2,312.1,335.5,358.3,380.8,403.6,424.5,442.6,457.1,461.5,456.8,443.2,425.8,406.4,385.1,362.1,338.5,315.5,297.5,284.5,279.7,281.0,286.7,286.6,281.2,280.2,284.2,294.1,310.1,322.8,335.0,348.1,361.7,364.0,366.1,363.9,361.1,315.4,310.0,309.9,315.1,317.9,318.0,314.6,309.4,309.8,314.2,317.5,317.6,402.8,389.3,383.2,385.3,383.5,389.4,401.5,421.3,429.1,430.2,429.5,421.8,402.0,392.0,392.2,392.1,401.6,416.4,417.6,416.7
321,0,22.459,0.98,1,20.0,104.1,431.2,-0.036,0.084,-0.021,262.0,263.5,267.8,274.2,283.1,295.8,310.0,327.8,347.4,366.2,381.8,396.1,407.4,414.9,419.8,422.9,424.5,276.6,284.4,298.1,313.7,327.3,355.3,369.7,384.1,397.4,405.5,341.9,342.0,342.2,342.5,328.0,335.5,343.0,350.9,358.1,292.3,300.6,310.9,319.4,310.9,300.8,364.1,372.3,382.6,390.6,383.4,373.2,319.9,326.0,337.0,343.7,350.1,362.0,369.6,363.9,353.7,346.1,338.3,326.9,325.2,337.5,344.0,350.5,364.7,352.4,345.4,338.2,312.0,335.3,358.1,380.5,403.3,424.3,442.5,457.0,461.5,456.8,443.3,425.9,406.5,385.1,362.1,338.4,315.4,297.5,284.6,279.8,281.1,286.7,286.6,281.2,280.2,284.2,293.9,310.1,322.8,334.9,348.0,361.7,364.0,366.0,363.8,361.0,315.4,310.1,310.0,315.1,317.9,318.0,314.6,309.3,309.7,314.1,317.4,317.5,402.8,389.3,383.2,385.2,383.5,389.3,401.5,421.3,429.2,430.3,429.5,421.8,402.0,392.0,392.2,392.0,401.6,416.5,417.7,416.8
322,0,22.525,0.98,1,19.7,104.5,431.5,-0.028,0.084,-0.025,261.6,263.2,267.6,274.0,282.8,295.6,309.9,327.7,347.3,366.1,381.8,396.1,407.3,414.8,419.5,422.6,424.0,276.1,283.8,297.3,312.7,326.3,354.8,369.0,383.2,396.4,404.7,341.3,341.4,341.7,342.0,327.7,335.1,342.6,350.6,357.7,292.0,300.3,310.5,319.0,310.5,300.5,363.4,371.6,382.0,390.0,382.7,372.5,319.5,325.6,336.6,343.4,349.9,361.7,369.4,363.8,353.6,345.9,338.1,326.6,324.8,337.2,343.8,350.3,364.5,352.3,345.2,337.9,312.1,335.4,358.1,380.5,403.4,424.4,442.6,457.1,461.5,456.7,443.2,425.8,406.3,385.0,362.0,338.3,315.2,298.0,285.2,280.5,281.7,287.2,287.1,281.7,280.7,284.4,293.9,310.7,323.4,335.6,348.7,362.3,364.5,366.6,364.3,361.6,316.0,310.7,310.6,315.6,318.5,318.6,315.0,309.8,310.1,314.4,317.8,317.9,403.1,389.9,383.8,385.8,384.1,389.7,401.7,421.4,429.3,430.5,429.7,422.1,402.3,392.5,392.7,392.5,401.8,416.6,417.8,416.9
323,0,22.593,0.98,1,19.7,105.2,430.7,-0.023,0.085,-0.023,261.6,263.2,267.5,273.8,282.6,295.3,309.5,327.2,347.1,366.0,381.9,396.1,407.3,414.7,419.4,422.8,424.6,276.1,283.6,297.1,312.8,326.5,355.2,369.8,384.3,397.8,406.1,341.5,341.6,341.8,342.0,327.4,335.0,342.6,350.6,357.9,292.3,300.7,310.8,319.5,310.9,301.0,363.6,372.1,382.4,390.5,382.9,372.8,319.1,325.3,336.3,343.2,349.9,361.7,369.4,363.6,353.4,345.6,337.6,326.1,324.5,336.8,343.5,350.3,364.5,352.1,344.8,337.4,312.9,336.1,358.7,381.0,403.7,424.6,442.9,457.4,461.9,457.0,443.5,426.0,406.6,385.2,362.2,338.5,315.3,299.3,286.3,281.5,282.8,288.4,288.2,282.7,281.6,285.5,295.3,312.0,324.7,336.9,350.1,363.2,365.5,367.7,365.4,362.6,317.4,312.7,312.5,316.9,319.7,319.9,316.2,311.8,312.2,315.9,319.2,319.2,403.9,390.8,384.9,387.0,385.2,390.9,402.7,422.4,430.3,431.4,430.7,423.0,403.1,393.7,394.0,393.8,402.9,417.2,418.3,417.4
324,0,22.659,0.98,1,19.6,105.5,430.3,-0.021,0.083,-0.022,261.5,262.9,267.1,273.5,282.3,294.9,309.2,327.0,346.9,366.0,381.9,396.2,407.4,414.7,419.4,422.7,424.6,276.2,283.6,297.1,312.8,326.5,355.0,369.6,384.1,397.6,405.9,341.4,341.5,341.6,341.8,327.2,334.8,342.5,350.6,357.8,292.1,300.6,310.7,319.3,310.8,300.9,363.7,372.2,382.4,390.5,383.0,372.9,319.2,325.3,336.2,343.1,349.8,361.6,369.2,363.5,353.3,345.5,337.5,326.1,324.5,336.7,343.5,350.2,364.3,352.0,344.7,337.3,312.8,335.9,358.4,380.7,403.5,424.6,443.2,457.8,462.3,457.4,443.8,426.3,406.8,385.4,362.4,338.6,315.5,299.9,286.9,282.1,283.5,289.1,288.9,283.5,282.4,286.3,296.1,312.7,325.5,337.7,350.8,363.8,366.2,368.4,366.0,363.3,318.0,313.4,313.2,317.5,320.3,320.6,316.9,312.6,313.1,316.7,319.9,319.9,404.6,391.5,385.5,387.6,385.8,391.6,403.4,422.8,430.6,431.8,431.0,423.5,403.8,394.4,394.7,394.5,403.5,417.4,418.6,417.7
325,0,22.725,0.98,1,19.4,105.8,430.2,-0.015,0.086,-0.024,261.2,262.8,267.0,273.3,282.1,294.8,309.0,326.9,346.9,366.0,382.0,396.3,407.6,414.9,419.6,422.9,424.6,275.8,283.2,296.7,312.3,326.1,354.8,369.3,383.7,397.2,405.5,341.2,341.3,341.5,341.7,327.1,334.7,342.3,350.4,357.6,291.9,300.3,310.4,319.0,310.5,300.6,363.5,372.0,382.3,390.4,382.8,372.7,319.0,325.1,336.0,342.9,349.5,361.4,369.1,363.3,353.1,345.3,337.4,326.0,324.4,336.5,343.3,350.0,364.2,351.8,344.6,337.2,313.3,336.3,358.7,380.9,403.7,424.9,443.5,458.2,462.7,457.8,444.0,426.4,406.8,385.4,362.4,338.7,315.5,300.2,287.3,282.5,283.9,289.5,289.3,283.7,282.6,286.3,296.0,313.2,325.9,338.1,351.2,364.2,366.6,368.7,366.4,363.7,318.4,313.8,313.6,318.0,320.8,321.0,317.2,312.8,313.2,316.9,320.2,320.3,404.9,391.8,385.8,387.9,386.1,391.9,403.7,423.2,431.0,432.2,431.4,423.8,404.1,394.7,395.0,394.8,403.8,418.0,419.1,418.2
326,0,22.794,0.98,1,19.4,106.0,429.9,-0.011,0.087,-0.025,261.1,262.7,266.9,273.3,282.1,294.7,309.0,327.0,347.1,366.2,382.2,396.6,407.7,415.0,419.7,423.0,424.8,275.8,283.2,296.8,312.5,326.3,354.6,369.3,383.9,397.5,406.0,341.1,341.2,341.4,341.6,327.0,334.6,342.3,350.3,357.6,291.9,300.4,310.4,319.1,310.6,300.6,363.4,371.9,382.2,390.3,382.8,372.7,319.0,325.1,336.1,342.8,349.4,361.2,369.0,363.2,353.0,345.3,337.4,326.0,324.4,336.5,343.2,349.8,364.1,351.6,344.5,337.2,313.5,336.5,358.9,381.1,403.9,425.0,443.6,458.4,462.9,457.9,444.1,426.4,406.8,385.4,362.4,338.6,315.5,300.6,287.7,283.0,284.5,290.2,289.9,284.3,283.1,286.9,296.7,313.7,326.4,338.6,351.7,364.6,367.0,369.1,366.8,364.0,318.8,314.2,314.0,318.3,321.2,321.4,317.7,313.3,313.7,317.3,320.7,320.7,405.1,392.2,386.3,388.3,386.6,392.2,403.9,423.5,431.3,432.4,431.6,424.0,404.3,395.0,395.3,395.1,404.0,418.3,419.5,418.6
327,0,22.859,0.98,1,19.6,106.8,435.4,-0.035,0.090,-0.023,261.5,263.3,267.4,273.3,281.8,294.2,308.6,326.6,346.9,366.5,383.1,397.7,408.7,415.6,419.7,422.9,424.8,275.3,282.7,296.3,311.9,326.0,354.9,369.9,384.7,398.3,406.8,341.1,341.2,341.3,341.4,326.8,334.5,342.2,350.2,357.5,291.9,300.3,310.3,318.9,310.4,300.6,363.5,372.0,382.3,390.5,382.8,372.7,318.5,325.1,335.4,342.5,349.7,361.0,368.9,362.6,352.7,344.6,336.5,325.9,323.8,335.8,342.9,350.1,364.0,351.5,343.9,336.3,314.6,337.1,358.9,380.5,402.3,422.6,440.2,454.2,458.3,453.5,440.2,423.6,404.8,384.1,362.0,339.2,316.8,301.9,289.4,284.7,286.3,291.8,291.5,286.1,284.9,288.7,298.3,314.9,327.6,339.9,353.0,365.4,367.9,370.0,367.8,365.1,319.6,315.2,314.9,319.1,322.1,322.3,318.5,314.2,314.7,318.2,321.6,321.6,404.3,392.7,387.2,389.3,387.5,392.7,403.2,419.0,425.5,426.6,425.8,419.6,403.6,395.8,396.2,395.9,403.2,413.1,414.2,413.4
328,0,22.925,0.98,1,19.9,108.3,446.5,-0.075,0.087,-0.017,261.8,263.6,267.1,272.1,280.1,292.8,307.6,325.5,345.7,365.5,383.0,398.2,409.6,416.2,419.9,422.9,424.9,274.4,282.5,296.4,311.9,326.5,354.9,370.1,384.8,398.7,408.1,341.4,341.5,341.6,341.7,326.5,334.4,342.3,350.4,357.8,291.7,300.2,310.2,318.8,310.1,300.3,363.8,372.6,382.8,391.1,383.2,373.2,315.9,325.1,335.0,342.3,349.9,360.7,370.2,361.3,351.4,343.1,335.1,325.3,321.1,335.2,342.7,350.4,365.0,350.5,342.6,335.1,315.9,337.3,358.1,378.9,399.3,418.1,433.9,446.2,449.5,445.0,432.6,417.8,400.7,381.4,360.6,339.6,318.5,303.8,292.3,287.9,289.6,294.8,294.5,289.4,288.1,291.3,300.2,316.6,329.4,342.1,355.4,367.2,369.6,371.8,369.5,366.9,320.9,317.1,316.7,320.7,323.9,324.2,320.1,316.1,316.6,319.9,323.3,323.2,400.9,393.0,388.9,390.9,389.0,392.9,399.8,409.2,413.1,414.1,413.5,410.1,400.6,397.5,398.0,397.3,400.0,401.1,402.2,401.6
329,0,22.993,0.98,1,20.3,109.5,450.1,-0.062,0.078,-0.020,262.0,263.6,266.7,271.3,279.3,292.4,307.5,325.3,345.6,365.6,383.4,398.8,410.3,416.9,420.2,422.8,424.6,274.4,282.5,296.6,312.2,327.0,354.8,369.9,384.6,398.5,408.0,341.7,341.8,342.0,342.1,326.6,334.7,342.7,350.9,358.4,291.9,300.3,310.2,318.8,310.2,300.5,364.1,372.9,382.9,391.2,383.2,373.5,314.9,325.5,335.6,343.0,350.8,361.8,372.2,362.1,352.0,343.5,335.6,325.5,319.9,335.8,343.3,351.3,367.1,351.1,343.1,335.6,317.2,338.0,358.3,378.5,398.4,416.4,431.5,443.7,446.8,442.3,430.1,415.8,399.2,380.3,360.2,339.9,319.6,305.5,294.6,290.3,292.1,297.6,297.2,291.9,290.5,293.5,302.1,318.7,331.6,344.4,357.7,368.8,371.4,373.6,371.3,368.5,322.4,318.9,318.5,322.3,325.4,325.7,321.8,317.9,318.3,321.5,324.8,324.8,399.1,393.8,390.9,392.8,390.8,393.5,397.8,406.3,409.9,411.0,410.5,407.5,399.2,398.5,399.1,398.1,398.4,399.2,400.4,399.8
330,0,23.059,0.98,1,20.7,110.6,453.2,-0.054,0.074,-0.025,261.9,263.6,266.5,270.9,279.0,292.2,307.6,325.5,346.0,366.3,384.2,399.7,411.1,417.4,420.4,422.7,424.2,274.6,282.8,296.8,312.2,326.9,355.3,370.0,384.4,398.0,407.4,342.1,342.2,342.4,342.6,326.9,335.0,343.1,351.3,358.7,292.1,300.5,310.2,318.7,310.2,300.7,364.4,373.1,383.0,391.2,383.2,373.7,314.8,326.0,336.3,343.5,351.2,362.1,372.8,362.5,352.2,343.9,336.2,326.0,319.7,336.5,343.8,351.6,367.9,351.5,343.6,336.3,318.6,339.0,358.9,378.8,398.4,416.1,430.9,442.9,446.0,441.2,428.6,414.3,397.8,379.3,359.7,340.1,320.5,306.6,296.1,291.9,293.8,299.2,298.8,293.6,292.0,294.7,302.8,319.9,332.9,345.7,359.1,369.6,372.2,374.5,372.0,369.1,323.5,320.1,319.7,323.3,326.3,326.6,322.7,318.9,319.3,322.3,325.5,325.5,398.2,393.7,391.2,393.0,391.0,393.1,396.6,405.1,408.9,410.1,409.6,406.7,398.4,398.5,399.0,397.9,397.3,398.6,399.9,399.4
331,0,23.126,0.98,1,20.8,110.7,452.5,-0.054,0.073,-0.026,261.9,263.6,266.5,270.9,278.9,292.1,307.7,325.7,346.3,366.6,384.6,400.1,411.4,417.6,420.5,422.7,424.2,274.3,282.3,296.5,312.2,327.2,355.1,370.0,384.7,398.6,407.9,342.1,342.3,342.5,342.7,326.9,335.1,343.2,351.5,359.0,292.0,300.4,310.1,318.7,310.1,300.7,364.4,373.3,383.1,391.4,383.4,373.8,314.7,326.0,336.4,343.7,351.3,362.4,373.3,362.7,352.3,344.1,336.4,326.0,319.5,336.6,344.0,351.8,368.4,351.6,343.8,336.4,319.2,339.6,359.4,379.1,398.5,416.1,430.7,442.8,445.9,441.0,428.4,414.1,397.7,379.2,359.7,340.3,320.7,307.7,296.9,292.4,294.3,299.8,299.3,294.0,292.4,295.4,303.9,320.4,333.4,346.3,359.8,370.1,372.7,375.0,372.5,369.5,323.9,320.5,320.1,323.7,326.7,327.0,323.1,319.3,319.7,322.7,325.8,325.8,398.1,394.0,391.8,393.6,391.6,393.4,396.5,405.1,408.9,410.1,409.6,406.6,398.4,398.9,399.4,398.3,397.2,398.8,400.0,399.6
332,0,23.193,0.98,1,20.8,111.2,453.6,-0.053,0.073,-0.029,261.8,263.6,266.5,270.8,278.8,291.9,307.6,325.7,346.4,366.9,385.0,400.4,411.7,417.7,420.5,422.6,424.0,274.2,282.1,296.2,311.9,326.9,354.9,369.7,384.3,398.0,407.4,342.0,342.2,342.4,342.7,326.9,335.1,343.3,351.5,358.9,292.0,300.4,310.0,318.6,310.1,300.6,364.4,373.2,383.0,391.3,383.3,373.8,314.6,326.0,336.5,343.7,351.3,362.4,373.5,362.8,352.4,344.2,336.5,326.0,319.4,336.7,344.0,351.8,368.6,351.6,343.8,336.5,319.9,340.1,359.7,379.3,398.6,416.1,430.7,442.8,445.8,440.8,428.1,413.9,397.6,379.3,360.1,340.8,321.4,308.3,297.4,292.9,294.7,300.2,299.7,294.3,292.7,295.6,303.9,320.8,333.8,346.7,360.2,370.5,373.1,375.4,372.9,369.9,324.4,321.0,320.5,324.2,327.2,327.5,323.4,319.5,319.8,322.9,326.1,326.1,398.4,394.4,392.2,394.0,391.9,393.7,396.6,405.3,409.1,410.3,409.9,407.0,398.7,399.2,399.8,398.6,397.4,399.1,400.4,400.0
333,0,23.260,0.98,1,20.7,111.4,453.3,-0.052,0.073,-0.029,261.7,263.5,266.5,270.8,278.8,291.9,307.6,325.7,346.5,367.1,385.1,400.6,411.7,417.7,420.4,422.5,423.9,274.2,282.1,296.2,312.0,327.1,354.6,369.5,384.1,398.0,407.3,341.9,342.1,342.3,342.6,326.8,335.0,343.2,351.5,358.9,291.9,300.3,309.9,318.5,310.0,300.5,364.3,373.1,382.9,391.1,383.1,373.6,314.4,325.9,336.4,343.6,351.3,362.5,373.6,362.9,352.4,344.1,336.4,325.9,319.3,336.6,344.0,351.8,368.7,351.6,343.8,336.5,319.9,340.1,359.8,379.4,398.8,416.3,430.9,443.0,446.0,441.0,428.3,414.1,397.7,379.4,360.2,341.0,321.7,308.8,297.8,293.2,295.0,300.6,300.1,294.6,293.1,295.9,304.4,321.0,334.0,346.9,360.4,370.7,373.3,375.6,373.1,370.1,324.6,321.2,320.8,324.4,327.3,327.7,323.6,319.7,320.0,323.1,326.2,326.2,398.6,394.6,392.4,394.2,392.1,393.9,396.8,405.5,409.4,410.6,410.2,407.3,398.9,399.5,400.0,398.8,397.6,399.4,400.6,400.3
334,0,23.326,0.98,1,20.6,111.4,452.9,-0.049,0.073,-0.030,261.6,263.4,266.4,270.8,278.8,292.0,307.6,325.8,346.7,367.2,385.2,400.6,411.7,417.7,420.3,422.4,423.8,273.9,281.8,296.0,311.9,327.1,354.3,369.4,384.3,398.3,407.5,341.8,342.0,342.2,342.5,326.7,334.9,343.1,351.4,358.9,291.8,300.1,309.7,318.3,309.8,300.4,364.0,372.9,382.7,391.0,382.9,373.4,314.3,325.8,336.3,343.6,351.3,362.5,373.7,362.9,352.4,344.2,336.4,325.9,319.2,336.6,344.0,351.8,368.7,351.6,343.8,336.4,319.8,340.1,359.8,379.5,398.8,416.4,431.0,443.1,446.2,441.1,428.3,414.0,397.6,379.3,360.0,340.8,321.5,308.8,297.9,293.3,295.1,300.6,300.2,294.8,293.3,296.3,304.9,321.2,334.2,347.2,360.7,370.9,373.6,375.9,373.3,370.3,324.7,321.2,320.8,324.5,327.4,327.8,323.7,319.8,320.2,323.2,326.4,326.4,398.8,394.8,392.7,394.4,392.4,394.1,396.9,405.7,409.6,410.9,410.5,407.5,399.1,399.7,400.2,399.0,397.7,399.5,400.8,400.4
335,0,23.393,0.98,1,20.5,111.6,453.8,-0.041,0.074,-0.034,261.3,263.3,266.5,270.8,278.8,292.1,307.7,325.9,346.7,367.2,385.1,400.6,411.8,417.8,420.3,422.1,423.2,273.5,281.4,295.7,311.6,326.8,353.7,368.9,383.8,397.8,406.9,341.4,341.7,342.0,342.5,326.6,334.8,343.0,351.3,358.7,291.4,299.6,309.2,317.7,309.3,299.9,363.6,372.1,381.9,390.1,382.2,372.8,314.3,325.7,336.2,343.5,351.3,362.5,373.6,363.0,352.5,344.2,336.4,325.8,319.2,336.5,344.0,351.9,368.6,351.7,343.8,336.4,319.8,340.1,359.9,379.5,398.9,416.5,431.1,443.4,446.4,441.3,428.2,413.7,397.3,379.0,359.8,340.7,321.5,309.0,298.0,293.5,295.3,300.9,300.4,294.9,293.3,296.4,305.0,321.1,334.3,347.3,361.0,371.0,373.7,376.0,373.4,370.2,324.4,320.7,320.3,324.1,327.0,327.4,323.2,319.1,319.4,322.6,325.7,325.8,399.0,395.0,392.8,394.6,392.5,394.0,396.9,405.7,409.7,411.0,410.6,407.6,399.2,399.8,400.3,399.0,397.7,399.7,401.1,400.7
336,0,23.458,0.98,1,20.5,111.6,454.2,-0.042,0.076,-0.035,261.4,263.4,266.6,270.9,278.9,292.2,307.9,326.1,346.8,367.3,385.2,400.7,411.9,417.7,420.3,422.0,422.9,273.5,281.4,295.6,311.4,326.5,353.7,368.7,383.4,397.3,406.3,341.4,341.7,342.0,342.4,326.6,334.9,343.0,351.2,358.6,291.4,299.5,309.2,317.6,309.2,299.7,363.6,372.0,381.9,390.0,382.2,372.7,314.3,325.7,336.2,343.5,351.2,362.5,373.6,363.0,352.4,344.2,336.4,325.8,319.2,336.5,344.0,351.9,368.6,351.7,343.8,336.4,319.9,340.1,359.8,379.5,398.9,416.5,431.2,443.4,446.3,441.2,428.0,413.4,397.1,378.9,359.9,340.9,321.8,308.6,297.7,293.2,295.0,300.7,300.3,294.8,293.2,296.1,304.7,321.0,334.2,347.2,360.8,371.0,373.6,375.9,373.3,370.2,324.0,320.1,319.8,323.9,326.9,327.1,323.1,318.6,318.9,322.4,325.5,325.6,399.0,394.8,392.6,394.4,392.3,393.8,396.8,405.6,409.7,410.9,410.5,407.5,399.2,399.7,400.1,398.9,397.6,399.7,401.0,400.7
337,0,23.525,0.98,1,20.5,111.6,455.0,-0.041,0.076,-0.036,261.5,263.5,266.6,271.0,279.0,292.3,307.9,326.1,346.8,367.3,385.3,400.8,411.9,417.8,420.3,421.9,422.8,273.6,281.6,295.8,311.5,326.4,353.7,368.6,383.2,397.0,406.0,341.4,341.6,342.0,342.4,326.7,334.9,343.0,351.2,358.6,291.3,299.4,309.2,317.6,309.2,299.6,363.6,371.9,381.8,389.9,382.2,372.7,314.4,325.8,336.2,343.6,351.3,362.5,373.5,363.0,352.5,344.2,336.4,325.9,319.3,336.6,344.0,351.9,368.5,351.7,343.8,336.4,319.9,340.1,359.8,379.4,398.9,416.5,431.1,443.2,446.1,440.9,427.7,413.2,396.8,378.6,359.6,340.6,321.6,308.0,297.3,292.8,294.7,300.4,300.0,294.4,292.8,295.6,304.1,320.8,333.9,347.0,360.5,370.9,373.4,375.7,373.2,370.0,323.8,319.8,319.6,323.8,326.8,327.0,322.9,318.3,318.5,322.1,325.3,325.4,399.0,394.7,392.3,394.1,392.0,393.6,396.7,405.5,409.5,410.8,410.4,407.4,399.2,399.5,400.0,398.7,397.5,399.6,400.9,400.6
338,0,23.592,0.98,1,20.5,111.6,455.7,-0.041,0.077,-0.038,261.5,263.5,266.7,271.2,279.2,292.4,308.0,326.2,346.9,367.4,385.4,400.9,411.9,417.7,420.2,421.8,422.6,273.6,281.8,295.8,311.3,326.1,353.9,368.6,383.0,396.7,405.7,341.3,341.6,341.9,342.3,326.8,334.9,342.9,351.1,358.5,291.3,299.4,309.1,317.5,309.1,299.5,363.5,371.8,381.7,389.8,382.1,372.7,314.5,325.7,336.2,343.5,351.3,362.5,373.5,363.0,352.5,344.2,336.4,325.9,319.4,336.5,344.0,351.9,368.4,351.7,343.8,336.4,320.0,340.2,359.9,379.6,399.0,416.5,431.1,443.1,445.9,440.8,427.6,413.0,396.5,378.4,359.4,340.5,321.5,307.6,297.0,292.7,294.5,300.1,299.7,294.1,292.5,295.2,303.4,320.6,333.7,346.7,360.2,370.7,373.3,375.5,373.0,369.9,323.8,319.7,319.4,323.7,326.7,326.9,322.7,318.1,318.3,321.9,325.1,325.2,399.0,394.5,392.1,393.9,391.8,393.4,396.7,405.4,409.4,410.7,410.3,407.4,399.2,399.4,399.8,398.6,397.5,399.4,400.8,400.4
339,0,23.659,0.98,1,20.5,111.6,455.8,-0.045,0.077,-0.039,261.5,263.5,266.8,271.3,279.3,292.5,308.1,326.3,347.0,367.5,385.5,400.9,411.8,417.5,420.0,421.7,422.5,273.6,281.8,295.8,311.2,325.9,354.0,368.7,383.1,396.6,405.7,341.2,341.5,341.9,342.3,326.8,334.9,342.9,351.1,358.4,291.2,299.3,309.1,317.5,309.0,299.4,363.5,371.8,381.7,389.8,382.2,372.6,314.8,325.9,336.2,343.6,351.3,362.4,373.3,363.0,352.6,344.3,336.4,326.1,319.7,336.6,344.0,351.9,368.2,351.8,343.8,336.4,320.1,340.3,360.0,379.7,399.1,416.6,431.1,443.1,445.8,440.7,427.5,412.9,396.5,378.4,359.4,340.5,321.6,307.5,297.0,292.6,294.4,299.9,299.4,293.9,292.3,295.0,303.2,320.4,333.5,346.5,360.1,370.7,373.2,375.4,372.9,369.8,323.7,319.6,319.3,323.6,326.7,326.9,322.6,317.9,318.1,321.7,325.0,325.1,399.4,394.6,392.0,393.8,391.7,393.4,396.9,405.4,409.3,410.6,410.3,407.5,399.5,399.4,399.8,398.6,397.7,399.3,400.7,400.4
340,0,23.725,0.98,1,20.6,111.5,455.6,-0.049,0.074,-0.039,261.4,263.5,266.8,271.4,279.4,292.6,308.2,326.5,347.2,367.7,385.6,400.9,411.7,417.4,419.9,421.5,422.4,273.6,281.8,295.8,311.2,325.9,354.1,368.8,383.2,396.7,405.7,341.3,341.6,342.0,342.4,326.9,335.0,343.0,351.2,358.5,291.2,299.2,309.1,317.5,309.1,299.4,363.5,371.8,381.7,389.8,382.2,372.6,314.9,326.0,336.3,343.7,351.4,362.5,373.3,363.2,352.8,344.5,336.6,326.2,319.8,336.7,344.2,352.1,368.3,352.0,344.0,336.6,320.2,340.5,360.2,379.9,399.3,416.8,431.2,443.1,445.8,440.7,427.5,412.9,396.5,378.4,359.5,340.7,321.9,307.6,297.1,292.6,294.3,299.7,299.2,293.8,292.2,295.0,303.2,320.2,333.4,346.4,359.9,370.6,373.1,375.3,372.8,369.6,323.7,319.5,319.2,323.6,326.6,326.8,322.4,317.7,317.9,321.5,324.8,325.0,399.5,394.6,391.9,393.7,391.5,393.3,396.9,405.3,409.3,410.6,410.3,407.6,399.5,399.3,399.7,398.4,397.6,399.2,400.6,400.3
341,0,23.792,0.98,1,20.6,111.1,456.0,-0.046,0.073,-0.041,261.4,263.4,266.4,270.6,278.7,292.0,307.9,326.3,347.1,367.8,385.8,401.3,412.2,417.9,420.1,421.4,422.1,273.4,281.5,295.5,310.9,325.7,354.0,368.6,383.1,396.6,405.5,341.2,341.6,342.0,342.5,326.8,335.0,343.1,351.3,358.6,291.1,299.2,309.0,317.5,309.0,299.4,363.3,371.7,381.6,389.7,382.0,372.5,313.5,325.5,336.5,343.9,351.6,363.2,374.9,363.8,352.9,344.5,336.7,325.6,318.3,336.9,344.3,352.3,369.9,352.1,344.1,336.7,320.6,340.5,360.1,379.6,398.7,416.1,430.5,442.7,445.6,440.3,426.8,412.2,395.8,377.8,359.0,340.4,321.8,307.6,297.1,292.6,294.3,299.8,299.2,293.7,292.2,295.0,303.2,320.2,333.4,346.6,360.2,370.5,373.0,375.3,372.6,369.4,323.7,319.4,319.2,323.5,326.5,326.7,322.4,317.6,317.7,321.4,324.6,324.8,396.7,393.1,391.3,392.9,390.7,391.7,393.9,403.4,407.9,409.3,409.0,405.8,397.0,398.2,398.5,397.1,394.9,398.3,399.8,399.5
342,0,23.859,0.98,1,20.4,109.5,456.8,-0.074,0.069,-0.036,261.6,263.0,265.0,268.3,276.1,289.5,305.9,325.0,346.4,367.3,385.6,401.5,413.1,419.0,421.0,421.9,422.4,273.2,281.4,295.2,310.4,324.9,354.1,368.8,383.2,396.8,406.1,340.9,341.3,341.8,342.5,325.3,334.2,343.0,351.7,359.5,291.0,299.2,308.9,317.5,308.7,299.3,362.9,371.8,381.5,389.8,381.9,372.6,309.4,323.6,335.9,343.8,352.5,365.1,378.8,365.7,353.5,344.3,336.1,323.7,314.2,336.2,344.2,353.0,373.9,352.8,344.0,336.0,321.2,340.3,359.2,378.3,396.7,413.9,428.5,441.6,444.7,439.4,426.4,412.4,396.2,377.9,358.6,339.9,321.3,307.4,296.9,292.4,293.8,299.4,298.8,293.2,291.9,295.1,303.7,320.0,333.3,346.6,360.3,368.9,371.9,374.5,371.2,367.7,323.5,319.5,319.3,323.4,326.1,326.4,322.5,317.9,317.9,321.4,324.1,324.5,389.5,388.0,387.5,388.9,386.7,386.2,386.3,396.7,401.6,403.1,402.9,399.6,390.3,393.5,394.0,392.2,387.6,393.1,394.8,394.5
343,0,23.925,0.98,1,20.2,109.0,456.0,-0.090,0.069,-0.030,261.5,262.8,264.4,267.2,274.6,288.0,304.3,323.5,345.3,366.8,385.7,401.9,413.8,419.9,421.8,422.4,422.8,272.9,281.0,295.1,310.6,325.4,353.2,368.2,383.2,397.3,406.8,340.7,341.2,341.7,342.4,323.9,333.4,342.9,352.1,360.4,290.6,299.0,308.5,317.4,308.4,299.1,362.7,372.0,381.6,390.0,381.9,372.7,306.1,321.5,334.6,343.4,353.3,366.9,381.6,367.3,354.2,343.7,334.6,321.3,311.0,334.7,343.7,353.8,376.6,353.6,343.4,334.5,322.4,340.8,359.0,377.6,395.6,412.7,427.6,441.2,444.7,439.5,426.4,412.5,396.4,378.1,359.0,340.8,322.5,308.8,297.9,293.1,294.6,300.5,299.9,293.9,292.7,296.2,305.4,320.8,334.2,347.5,361.3,368.8,372.1,375.0,371.3,367.8,324.0,320.4,320.2,324.0,326.3,326.6,323.2,318.9,318.9,322.1,324.5,324.8,386.5,385.9,386.1,387.5,385.2,384.0,383.5,393.8,399.0,400.6,400.3,396.7,387.5,391.8,392.5,390.5,384.8,390.9,392.8,392.4
344,0,23.993,0.98,1,20.0,109.7,456.3,-0.085,0.071,-0.028,261.7,262.8,264.1,266.7,274.0,287.1,303.4,322.6,344.6,366.4,385.6,402.1,414.1,420.4,422.2,422.8,423.1,273.2,281.5,295.5,310.9,325.6,352.7,367.7,382.8,397.0,406.6,340.5,340.9,341.4,342.0,323.2,333.0,342.5,351.9,360.4,290.5,298.9,308.3,317.2,308.2,299.0,362.6,372.0,381.5,389.9,381.8,372.6,304.7,320.4,333.8,343.0,353.5,367.6,382.6,368.0,354.4,343.3,333.7,320.2,309.7,333.9,343.3,354.0,377.7,353.8,343.0,333.7,323.5,341.5,359.2,377.4,395.2,412.2,427.3,441.5,445.3,440.1,426.9,412.9,396.7,378.6,359.7,341.6,323.7,309.6,299.1,294.5,296.0,302.0,301.3,295.2,293.9,297.5,306.7,321.9,335.4,348.8,362.6,369.7,373.1,376.1,372.4,368.8,324.9,321.4,321.2,325.0,327.1,327.3,324.2,319.9,319.9,323.1,325.4,325.7,386.2,385.9,386.4,388.0,385.6,384.2,383.4,393.9,399.5,401.2,400.8,396.9,387.4,392.2,393.0,390.9,384.8,391.4,393.4,392.9
345,0,24.029,0.98,1,20.0,110.0,456.9,-0.086,0.072,-0.025,262.0,262.9,263.9,266.5,273.7,286.8,303.0,322.1,344.3,366.3,385.5,402.1,414.2,420.5,422.4,422.9,423.1,273.8,282.4,296.1,311.1,325.3,353.2,368.2,383.0,396.9,406.3,340.4,340.8,341.3,341.8,323.1,332.8,342.3,351.7,360.2,290.5,298.9,308.3,317.1,308.1,298.9,362.6,371.9,381.4,389.8,381.7,372.6,304.4,320.1,333.6,342.8,353.4,367.7,382.8,368.1,354.3,343.2,333.6,320.0,309.4,333.7,343.1,353.9,377.9,353.7,342.9,333.5,324.1,341.7,359.2,377.2,394.8,411.9,427.2,441.6,445.5,440.4,427.0,413.0,397.0,379.0,360.4,342.6,324.9,308.9,298.9,294.6,296.2,302.1,301.4,295.3,294.1,297.7,306.8,322.2,335.6,348.9,362.7,369.8,373.3,376.2,372.6,369.0,325.0,321.4,321.3,325.2,327.3,327.4,324.4,320.1,320.1,323.3,325.5,325.8,386.2,385.9,386.4,387.9,385.6,384.1,383.4,394.1,399.7,401.5,401.0,397.0,387.4,392.3,393.1,391.0,384.8,391.7,393.6,393.1
346,0,24.092,0.98,1,19.9,110.1,456.7,-0.091,0.071,-0.022,262.1,262.9,263.9,266.3,273.3,286.3,302.5,321.7,344.0,366.1,385.4,402.0,414.2,420.6,422.6,423.1,423.3,273.9,282.4,296.1,311.1,325.2,353.3,368.1,382.9,396.8,406.2,340.4,340.8,341.2,341.8,323.0,332.7,342.3,351.7,360.2,290.4,298.8,308.2,317.1,308.1,298.9,362.7,372.0,381.4,389.8,381.7,372.6,304.2,320.0,333.5,342.8,353.4,367.7,382.9,368.2,354.3,343.1,333.5,319.8,309.2,333.6,343.1,353.9,378.0,353.7,342.8,333.5,325.1,342.2,359.3,377.0,394.5,411.7,427.1,441.7,445.8,440.7,427.2,413.3,397.4,379.7,361.3,343.8,326.4,308.9,299.1,294.9,296.5,302.5,301.8,295.6,294.4,298.0,306.9,322.5,335.9,349.1,362.8,370.0,373.5,376.4,372.8,369.3,325.2,321.6,321.5,325.4,327.4,327.5,324.7,320.3,320.3,323.6,325.7,326.0,386.2,386.0,386.5,388.0,385.7,384.2,383.5,394.2,399.8,401.6,401.1,397.1,387.4,392.4,393.2,391.1,384.9,391.8,393.7,393.2
347,0,24.162,0.98,1,19.9,110.3,457.2,-0.091,0.070,-0.022,262.2,262.9,263.8,266.2,273.2,286.1,302.3,321.5,343.8,365.8,385.1,401.8,414.1,420.6,422.7,423.2,423.4,274.0,282.7,296.3,311.2,325.2,353.3,368.0,382.8,396.6,406.1,340.3,340.8,341.3,341.8,323.1,332.8,342.3,351.6,360.1,290.4,298.8,308.2,317.1,308.1,298.9,362.7,372.0,381.5,389.9,381.8,372.7,304.1,320.0,333.6,342.7,353.3,367.7,382.9,368.1,354.2,343.1,333.6,319.8,309.2,333.7,343.1,353.8,378.0,353.6,342.8,333.4,325.8,342.8,359.6,377.0,394.4,411.5,427.0,441.7,445.8,440.8,427.4,413.5,397.6,379.9,361.4,343.9,326.6,308.7,299.2,295.1,296.7,302.7,302.0,295.8,294.5,298.0,306.7,322.6,335.9,349.2,362.9,370.1,373.6,376.5,372.9,369.4,325.2,321.6,321.5,325.5,327.5,327.6,324.7,320.3,320.3,323.6,325.8,326.1,386.2,386.1,386.6,388.1,385.8,384.4,383.6,394.3,400.0,401.7,401.2,397.1,387.5,392.5,393.3,391.3,385.0,391.9,393.8,393.3
348,0,24.231,0.98,1,19.8,110.4,456.4,-0.089,0.069,-0.023,262.2,262.8,263.7,266.1,273.1,285.9,302.1,321.4,343.7,365.7,384.9,401.6,414.0,420.6,422.7,423.2,423.4,273.8,282.2,296.0,311.1,325.3,352.8,367.6,382.6,396.5,406.2,340.2,340.7,341.2,341.8,323.1,332.8,342.3,351.6,360.1,290.2,298.6,308.0,317.0,308.0,298.8,362.7,372.0,381.5,390.0,381.8,372.7,304.1,320.1,333.7,342.8,353.2,367.6,383.0,368.1,354.1,343.2,333.7,319.9,309.2,333.8,343.1,353.7,378.1,353.5,342.8,333.6,326.7,343.4,360.0,377.2,394.5,411.5,427.0,442.0,446.2,441.2,427.7,413.7,397.7,379.9,361.4,343.8,326.3,309.2,299.5,295.3,296.9,303.0,302.2,295.8,294.5,298.0,306.7,322.7,336.0,349.3,363.0,370.4,373.8,376.7,373.1,369.6,325.4,321.7,321.6,325.5,327.6,327.8,324.7,320.3,320.3,323.6,325.8,326.1,386.6,386.7,387.3,388.8,386.5,384.9,384.0,395.0,400.6,402.3,401.8,397.6,387.9,393.1,393.9,391.9,385.4,392.5,394.4,393.8
349,0,24.298,0.98,1,20.0,110.7,456.7,-0.092,0.068,-0.022,262.3,262.9,263.8,266.1,273.0,285.8,302.0,321.4,343.7,365.8,385.0,401.7,413.9,420.4,422.6,423.4,424.0,274.1,282.3,296.1,311.4,325.8,352.9,367.8,382.7,396.9,406.7,340.5,340.9,341.4,341.9,323.3,333.0,342.5,351.8,360.2,291.0,299.5,308.8,317.7,308.8,299.7,363.0,372.5,381.9,390.3,382.1,373.0,304.4,320.3,333.9,342.9,353.2,367.5,382.8,368.0,354.1,343.3,333.9,320.2,309.4,333.9,343.2,353.7,378.0,353.4,342.9,333.7,327.0,343.7,360.2,377.4,394.6,411.7,427.4,442.2,446.4,441.2,427.9,413.9,397.9,380.0,361.4,343.7,326.1,310.1,300.0,295.6,297.2,303.3,302.5,295.9,294.5,298.0,306.9,323.0,336.3,349.5,363.1,370.4,373.9,376.8,373.2,369.8,326.1,322.7,322.6,326.1,328.2,328.4,325.3,321.2,321.2,324.2,326.5,326.8,386.6,386.8,387.4,388.9,386.6,385.2,384.1,395.1,400.6,402.3,401.9,397.8,387.9,393.2,394.0,392.0,385.5,392.5,394.3,393.8
350,0,24.364,0.98,1,20.0,110.6,456.4,-0.088,0.067,-0.022,262.1,262.7,263.6,266.0,273.0,285.8,302.0,321.4,343.8,365.8,385.0,401.6,413.9,420.4,422.5,423.3,424.0,274.0,282.3,296.2,311.6,326.0,352.8,367.7,382.8,397.0,407.0,340.4,340.9,341.3,341.8,323.2,332.9,342.4,351.7,360.2,290.9,299.4,308.7,317.7,308.7,299.7,362.9,372.4,381.8,390.3,382.1,373.0,304.4,320.4,333.9,342.9,353.2,367.4,382.7,367.8,354.1,343.3,334.0,320.3,309.5,334.0,343.2,353.6,377.8,353.4,342.9,333.8,326.3,343.2,359.9,377.3,394.7,411.8,427.4,442.2,446.4,441.2,427.9,413.9,397.8,379.8,361.0,343.2,325.5,310.2,300.0,295.7,297.4,303.6,302.7,296.1,294.7,298.2,307.1,323.1,336.3,349.5,363.1,370.4,373.9,376.7,373.1,369.7,326.2,323.0,322.8,326.2,328.3,328.6,325.4,321.4,321.5,324.3,326.6,326.9,386.6,386.8,387.4,388.9,386.6,385.2,384.1,395.1,400.6,402.3,401.9,397.8,387.9,393.2,394.1,392.0,385.5,392.4,394.3,393.7
351,0,24.431,0.98,1,19.9,110.5,456.3,-0.091,0.068,-0.023,262.1,262.7,263.5,265.9,272.9,285.8,302.0,321.4,343.8,365.8,385.0,401.5,413.8,420.2,422.4,423.2,423.8,274.0,282.2,296.1,311.5,325.8,352.7,367.7,382.8,397.0,406.9,340.3,340.7,341.1,341.5,323.1,332.7,342.2,351.5,359.9,290.7,299.3,308.6,317.6,308.6,299.5,362.8,372.3,381.7,390.2,382.0,372.9,304.6,320.5,333.9,342.7,352.9,367.0,382.2,367.5,353.8,343.2,334.0,320.4,309.7,333.9,343.0,353.3,377.3,353.1,342.8,333.7,326.5,343.3,360.0,377.4,394.7,411.8,427.3,442.1,446.1,440.9,427.7,413.7,397.6,379.6,360.8,343.0,325.2,310.0,299.8,295.5,297.3,303.4,302.5,295.9,294.4,297.9,306.9,323.1,336.1,349.1,362.5,370.1,373.5,376.4,372.8,369.4,326.2,323.0,322.8,326.1,328.3,328.6,325.3,321.4,321.4,324.2,326.5,326.8,386.8,386.8,387.3,388.8,386.5,385.2,384.2,395.0,400.4,402.1,401.7,397.7,388.0,393.2,393.9,391.9,385.6,392.3,394.1,393.6
352,0,24.498,0.98,1,19.8,110.4,456.3,-0.090,0.068,-0.024,262.0,262.6,263.4,265.9,272.9,285.8,302.1,321.6,343.9,365.9,385.1,401.7,413.9,420.2,422.3,423.1,423.7,273.9,282.1,296.0,311.5,325.9,352.3,367.3,382.4,396.7,406.6,340.1,340.5,340.9,341.4,323.1,332.7,342.1,351.3,359.8,290.7,299.2,308.5,317.5,308.5,299.4,362.7,372.2,381.6,390.1,381.9,372.8,304.8,320.6,333.9,342.7,352.7,366.8,382.0,367.2,353.7,343.2,334.0,320.5,309.8,334.0,343.0,353.1,377.1,352.9,342.7,333.8,326.2,343.2,359.9,377.3,394.7,411.8,427.3,442.0,446.0,440.7,427.4,413.3,397.2,379.2,360.4,342.6,324.9,310.0,299.8,295.4,297.2,303.4,302.5,295.9,294.3,297.8,306.8,322.9,335.9,348.8,362.3,370.1,373.4,376.2,372.7,369.3,326.1,322.9,322.7,326.1,328.2,328.5,325.2,321.3,321.3,324.1,326.4,326.8,386.9,387.0,387.4,388.9,386.6,385.3,384.2,395.0,400.3,402.0,401.6,397.7,388.1,393.2,394.0,392.0,385.6,392.3,394.1,393.6
353,0,24.563,0.98,1,19.8,110.4,456.1,-0.091,0.070,-0.025,262.0,262.6,263.5,266.0,273.0,285.9,302.2,321.7,344.0,366.0,385.2,401.8,413.8,420.2,422.2,423.0,423.7,273.8,282.0,295.9,311.4,325.9,352.2,367.1,382.3,396.7,406.6,340.1,340.4,340.8,341.3,323.1,332.6,342.0,351.2,359.6,290.6,299.2,308.5,317.4,308.5,299.4,362.6,372.2,381.6,390.1,381.9,372.8,304.7,320.6,333.9,342.6,352.5,366.6,381.9,367.0,353.4,343.0,333.9,320.4,309.7,334.0,342.9,352.9,377.0,352.7,342.6,333.7,326.6,343.5,360.2,377.6,395.0,412.0,427.5,442.1,446.0,440.7,427.3,413.2,397.0,379.0,360.3,342.6,324.9,310.1,299.8,295.4,297.1,303.3,302.3,295.7,294.2,297.7,306.7,322.8,335.8,348.7,362.2,370.1,373.5,376.3,372.7,369.4,326.1,322.9,322.7,326.0,328.2,328.5,325.1,321.2,321.2,324.1,326.4,326.7,387.1,387.3,387.8,389.3,387.0,385.6,384.4,395.2,400.5,402.1,401.7,397.9,388.3,393.5,394.3,392.3,385.9,392.5,394.2,393.8
354,0,24.632,0.98,1,20.0,110.4,455.8,-0.085,0.068,-0.028,262.0,262.7,263.6,266.1,273.3,286.3,302.6,322.0,344.4,366.4,385.5,402.0,414.0,420.3,422.3,423.1,423.7,273.9,282.0,295.9,311.3,325.8,352.5,367.4,382.5,396.7,406.7,340.2,340.6,341.0,341.5,323.3,332.9,342.3,351.5,360.0,290.7,299.2,308.5,317.5,308.6,299.5,362.8,372.4,381.8,390.3,382.1,373.0,305.0,320.9,334.3,343.0,352.9,367.1,382.4,367.6,353.9,343.6,334.5,320.9,310.0,334.4,343.3,353.4,377.5,353.2,343.1,334.2,326.5,343.5,360.3,377.7,395.0,412.0,427.4,442.0,445.9,440.6,427.2,413.0,396.8,378.7,359.9,342.1,324.4,310.0,299.8,295.4,297.0,303.2,302.2,295.6,294.1,297.6,306.5,322.8,335.8,348.8,362.2,370.3,373.6,376.4,372.8,369.4,326.2,322.9,322.7,326.0,328.3,328.6,325.1,321.2,321.2,324.1,326.4,326.7,387.3,387.6,388.1,389.5,387.2,385.7,384.4,395.4,400.8,402.5,402.2,398.3,388.5,393.8,394.6,392.5,385.9,392.8,394.5,394.1
355,0,24.697,0.98,1,20.2,110.4,455.9,-0.093,0.066,-0.028,262.4,263.0,264.0,266.6,273.7,286.6,302.9,322.3,344.6,366.6,385.6,402.1,414.0,420.3,422.4,423.2,423.8,274.1,282.2,296.0,311.5,326.0,352.7,367.6,382.7,396.9,406.8,340.4,340.8,341.2,341.7,323.7,333.2,342.6,351.7,360.1,290.9,299.4,308.7,317.7,308.8,299.7,363.1,372.6,382.1,390.6,382.3,373.2,305.5,321.4,334.8,343.4,353.2,367.2,382.5,367.8,354.2,344.0,335.0,321.4,310.5,334.9,343.7,353.6,377.6,353.4,343.5,334.7,327.6,344.3,360.8,378.0,395.1,412.0,427.4,442.0,446.0,440.6,427.2,413.0,396.8,378.9,360.3,342.8,325.4,310.0,299.7,295.2,296.8,302.9,302.0,295.4,294.0,297.6,306.5,322.7,335.6,348.5,361.9,370.3,373.5,376.2,372.7,369.3,326.2,322.9,322.6,326.0,328.3,328.6,325.1,321.1,321.2,324.1,326.4,326.7,387.5,387.8,388.2,389.6,387.3,385.9,384.6,395.5,400.9,402.6,402.2,398.4,388.8,394.0,394.7,392.7,386.0,392.8,394.6,394.1
356,0,24.762,0.98,1,20.6,110.4,455.9,-0.099,0.064,-0.029,262.6,263.3,264.3,266.9,274.0,286.9,303.1,322.6,345.0,367.0,385.9,402.2,414.2,420.4,422.5,423.3,423.9,274.3,282.3,296.2,311.8,326.5,352.8,367.8,383.1,397.4,407.3,340.7,341.2,341.7,342.2,324.1,333.6,343.0,352.2,360.5,291.2,299.7,309.0,318.1,309.2,300.1,363.4,373.0,382.4,390.9,382.7,373.5,305.9,321.9,335.2,343.8,353.6,367.6,382.8,368.2,354.7,344.5,335.5,321.9,310.9,335.3,344.1,354.0,377.9,353.9,343.9,335.2,328.2,344.9,361.2,378.2,395.2,412.0,427.3,441.9,445.8,440.5,427.2,413.1,396.9,378.9,360.2,342.7,325.2,310.2,299.8,295.2,296.7,302.9,302.0,295.3,293.9,297.6,306.6,322.5,335.4,348.3,361.7,370.1,373.4,376.1,372.6,369.2,326.2,322.8,322.6,325.9,328.2,328.6,325.0,321.1,321.2,324.1,326.4,326.7,387.5,387.8,388.2,389.7,387.4,385.9,384.6,395.3,400.6,402.3,401.9,398.1,388.7,393.9,394.6,392.6,386.0,392.6,394.4,393.9
357,0,24.826,0.98,1,20.7,110.5,456.1,-0.100,0.065,-0.029,262.7,263.5,264.5,267.1,274.3,287.2,303.5,323.0,345.3,367.2,386.0,402.3,414.2,420.4,422.5,423.4,424.1,274.4,282.3,296.3,312.0,326.7,353.0,368.0,383.2,397.6,407.5,340.9,341.4,341.8,342.4,324.2,333.8,343.2,352.3,360.7,291.5,299.9,309.3,318.3,309.4,300.3,363.5,373.1,382.6,391.0,382.8,373.7,306.1,322.1,335.3,343.9,353.7,367.7,382.8,368.2,354.8,344.6,335.6,322.1,311.1,335.4,344.2,354.2,378.0,354.0,344.0,335.3,328.3,345.0,361.3,378.4,395.5,412.3,427.7,442.2,446.0,440.7,427.3,413.2,396.9,378.9,360.2,342.7,325.2,310.5,300.0,295.2,296.8,302.9,302.0,295.3,293.9,297.6,306.7,322.5,335.4,348.3,361.6,370.1,373.4,376.1,372.5,369.2,326.2,322.8,322.6,325.9,328.2,328.6,325.0,321.0,321.2,324.1,326.4,326.7,387.6,387.9,388.3,389.7,387.4,386.0,384.7,395.3,400.5,402.1,401.8,398.1,388.8,393.9,394.7,392.6,386.1,392.5,394.3,393.8
358,0,24.895,0.98,1,20.8,110.7,455.9,-0.094,0.065,-0.031,262.6,263.6,264.9,267.8,275.0,287.9,304.1,323.4,345.6,367.4,386.2,402.4,414.2,420.3,422.5,423.5,424.3,274.4,282.2,296.1,311.9,326.7,353.3,368.2,383.4,397.7,407.4,341.1,341.6,342.0,342.6,324.9,334.2,343.4,352.3,360.5,291.6,300.0,309.4,318.3,309.5,300.4,363.7,373.1,382.6,391.0,382.9,373.7,308.1,323.2,335.9,344.1,353.4,366.8,381.2,367.3,354.5,344.8,336.1,323.3,313.0,336.0,344.4,353.9,376.3,353.7,344.2,335.8,327.7,344.7,361.3,378.5,395.8,412.7,427.9,442.2,446.0,440.6,427.2,412.9,396.6,378.6,360.1,342.5,325.0,310.6,300.0,295.2,296.8,302.8,301.9,295.5,293.9,297.5,306.4,322.6,335.4,348.2,361.5,370.4,373.5,376.1,372.7,369.4,326.3,322.8,322.5,325.8,328.3,328.7,324.9,320.9,321.1,324.0,326.5,326.7,389.5,389.1,389.1,390.6,388.3,387.4,386.7,396.7,401.6,403.2,402.8,399.4,390.6,394.9,395.6,393.7,387.9,393.4,395.2,394.7
359,0,24.965,0.98,1,20.9,111.8,457.0,-0.088,0.072,-0.033,262.4,264.0,266.1,269.6,276.8,289.4,305.2,324.2,346.1,367.9,386.8,402.7,413.8,419.3,421.6,423.0,424.1,274.5,282.5,296.4,311.9,326.7,353.7,368.4,383.1,396.9,406.5,341.5,341.8,342.1,342.5,325.8,334.6,343.3,351.9,359.6,291.8,300.1,309.6,318.2,309.6,300.4,363.9,372.9,382.5,390.8,382.8,373.5,311.7,324.8,336.3,343.9,352.2,364.4,377.1,364.9,353.4,344.5,336.5,324.9,316.6,336.5,344.3,352.8,372.2,352.6,344.1,336.4,325.8,343.9,361.5,379.5,397.5,414.5,429.3,442.5,445.8,440.4,426.9,412.6,396.3,378.7,360.6,343.3,325.9,310.0,299.5,294.8,296.5,302.3,301.6,295.7,294.1,297.0,305.3,322.5,335.4,348.2,361.4,371.0,373.8,376.2,373.2,369.9,326.2,322.6,322.3,325.9,328.6,328.9,324.8,320.8,320.9,324.0,326.8,326.9,394.5,391.7,390.4,391.9,389.7,390.1,391.7,400.3,404.6,406.0,405.8,403.1,394.9,397.0,397.5,395.9,392.6,395.6,397.2,396.9
360,0,25.030,0.98,1,21.1,112.1,456.8,-0.070,0.073,-0.036,262.2,263.9,266.6,270.5,278.2,291.1,306.8,325.3,346.9,368.5,387.3,403.0,413.7,418.9,421.1,422.6,423.7,274.7,282.9,296.7,312.1,326.7,354.1,368.6,383.0,396.4,405.8,341.8,342.0,342.2,342.6,326.2,334.9,343.5,352.0,359.7,291.9,300.1,309.7,318.2,309.7,300.3,364.1,372.8,382.5,390.7,382.8,373.5,313.0,325.3,336.4,344.2,352.6,364.4,376.4,365.0,353.9,344.9,336.7,325.6,318.0,336.8,344.7,353.3,371.3,353.2,344.5,336.7,322.7,341.9,360.8,379.7,398.5,415.8,430.3,442.7,445.6,440.2,426.8,412.4,396.2,378.6,360.7,343.1,325.6,309.4,299.0,294.4,296.2,301.9,301.2,295.7,294.1,296.6,304.7,322.5,335.5,348.3,361.6,371.5,374.2,376.6,373.7,370.4,326.1,322.5,322.2,325.9,328.7,329.0,324.8,320.7,320.9,324.0,326.9,327.1,397.1,393.2,391.2,392.8,390.5,391.5,394.0,402.2,406.6,408.2,408.0,405.5,397.4,398.4,398.8,397.2,394.9,397.1,398.8,398.6
361,0,25.096,0.98,1,21.0,112.5,456.5,-0.062,0.072,-0.032,261.9,263.7,266.6,270.7,278.5,291.5,307.1,325.5,346.9,368.1,386.6,402.1,412.8,418.2,420.6,422.3,423.4,274.6,283.0,297.0,312.3,326.9,354.2,368.7,383.0,396.5,405.8,341.8,342.0,342.3,342.6,326.4,335.0,343.4,351.9,359.5,291.8,300.1,309.7,318.2,309.7,300.3,364.1,372.7,382.5,390.7,382.8,373.4,313.8,325.5,336.2,344.0,352.3,363.8,375.3,364.4,353.7,344.8,336.6,325.8,318.8,336.6,344.5,353.0,370.1,352.9,344.4,336.6,321.0,340.8,360.0,379.4,398.6,416.2,430.8,443.1,446.0,440.8,427.7,413.3,397.2,379.6,361.4,343.5,325.5,309.0,298.6,294.3,296.2,302.0,301.3,295.8,294.1,296.5,304.5,322.6,335.6,348.4,361.7,371.8,374.4,376.7,374.0,370.8,326.0,322.4,322.1,326.0,328.8,329.0,324.9,320.7,320.9,324.0,327.1,327.2,398.8,394.2,391.8,393.5,391.2,392.7,395.9,403.9,408.1,409.6,409.4,406.9,398.9,399.2,399.6,398.2,396.7,398.2,399.9,399.7
362,0,25.165,0.98,1,20.9,112.8,456.3,-0.059,0.071,-0.031,261.8,263.6,266.7,271.0,278.8,291.8,307.3,325.6,346.8,367.7,386.0,401.4,412.2,417.7,420.3,422.2,423.4,274.6,282.8,296.8,312.2,326.8,354.4,368.9,383.2,396.6,405.8,341.8,342.0,342.3,342.6,326.6,335.1,343.4,351.7,359.2,291.8,300.1,309.7,318.2,309.7,300.3,364.0,372.6,382.4,390.5,382.7,373.3,314.8,325.9,336.2,343.9,352.1,363.2,374.1,363.8,353.4,344.7,336.6,326.2,319.8,336.6,344.4,352.7,369.0,352.7,344.3,336.6,320.7,340.6,360.0,379.6,399.0,416.7,431.5,443.6,446.5,441.4,428.4,414.1,397.9,380.3,361.9,343.6,325.3,309.2,298.6,294.3,296.2,301.9,301.2,295.8,294.0,296.5,304.6,322.7,335.6,348.5,361.8,372.0,374.6,376.8,374.2,371.1,326.0,322.4,322.1,326.0,328.9,329.1,324.9,320.7,320.9,324.0,327.2,327.4,400.2,395.1,392.3,394.0,391.8,393.7,397.5,405.2,409.2,410.7,410.5,408.1,400.2,400.0,400.3,399.0,398.2,399.2,400.7,400.5
363,0,25.232,0.98,1,20.8,112.9,456.2,-0.058,0.070,-0.030,261.7,263.6,266.8,271.2,279.1,292.0,307.6,325.8,346.7,367.4,385.5,400.8,411.5,417.1,419.8,421.9,423.2,274.5,282.7,296.6,312.0,326.7,354.5,369.1,383.3,396.8,405.9,341.7,341.9,342.2,342.5,326.7,335.0,343.2,351.5,359.0,291.8,300.0,309.7,318.2,309.7,300.2,364.0,372.5,382.4,390.5,382.7,373.2,315.4,326.1,336.2,343.8,351.7,362.6,373.1,363.2,353.1,344.5,336.6,326.5,320.4,336.6,344.2,352.4,368.0,352.3,344.1,336.5,320.4,340.6,360.2,379.9,399.4,417.1,431.8,443.8,446.6,441.6,428.8,414.6,398.4,380.5,361.9,343.2,324.4,309.3,298.6,294.3,296.1,301.6,301.0,295.7,294.0,296.5,304.7,322.5,335.5,348.4,361.8,372.1,374.6,376.8,374.3,371.2,326.0,322.3,322.0,325.9,328.9,329.1,324.9,320.7,320.9,324.0,327.3,327.4,401.1,395.7,392.7,394.5,392.3,394.4,398.6,406.1,409.9,411.2,411.0,408.7,401.0,400.4,400.7,399.5,399.2,399.7,401.1,400.9
364,0,25.295,0.98,1,20.6,112.7,455.2,-0.061,0.072,-0.031,261.6,263.6,266.9,271.4,279.4,292.4,307.9,325.9,346.7,367.2,385.1,400.3,411.0,416.6,419.4,421.6,422.9,274.2,282.2,296.3,311.8,326.7,353.9,368.6,382.9,396.5,405.7,341.5,341.7,341.9,342.2,326.6,334.8,342.9,351.2,358.6,291.7,299.9,309.6,318.1,309.6,300.1,363.6,372.2,382.1,390.3,382.5,372.9,315.5,326.0,336.1,343.5,351.4,362.2,372.6,362.8,352.8,344.4,336.5,326.4,320.5,336.5,344.0,352.1,367.5,352.0,343.9,336.5,319.9,340.3,360.1,379.9,399.6,417.4,432.2,444.1,446.9,441.9,429.0,414.7,398.5,380.8,362.1,343.4,324.7,309.4,298.5,294.0,295.8,301.5,301.0,295.6,293.9,296.5,304.8,322.0,335.0,347.8,361.1,371.9,374.3,376.5,374.0,370.9,325.5,321.7,321.4,325.5,328.4,328.6,324.5,320.1,320.4,323.7,326.9,327.0,401.5,396.0,392.9,394.7,392.5,394.8,399.1,406.7,410.5,411.9,411.6,409.2,401.5,400.6,401.0,399.8,399.7,400.1,401.5,401.3
365,0,25.361,0.98,1,20.5,112.7,455.9,-0.068,0.072,-0.028,261.8,263.6,266.9,271.6,279.6,292.7,308.1,326.1,346.6,366.7,384.4,399.5,410.3,416.1,419.1,421.3,422.7,274.3,282.5,296.6,312.0,326.7,353.8,368.4,382.7,396.3,405.6,341.3,341.5,341.7,342.0,326.4,334.6,342.7,350.9,358.4,291.6,299.8,309.5,318.0,309.5,300.0,363.5,372.0,381.9,390.1,382.3,372.7,315.6,326.0,335.9,343.3,351.0,361.7,372.0,362.3,352.4,344.1,336.3,326.3,320.5,336.3,343.7,351.7,366.9,351.6,343.6,336.2,319.9,340.2,360.1,380.1,399.8,417.6,432.3,444.0,446.7,441.9,429.3,415.2,399.2,381.4,362.6,343.5,324.6,308.9,298.1,293.8,295.6,301.2,300.7,295.3,293.6,296.2,304.5,321.7,334.6,347.4,360.7,371.4,373.8,376.0,373.6,370.5,325.2,321.5,321.1,325.1,328.1,328.4,324.2,319.9,320.1,323.4,326.7,326.8,401.4,395.7,392.4,394.2,392.1,394.5,399.1,406.6,410.2,411.5,411.3,408.9,401.3,400.2,400.6,399.4,399.6,399.8,401.2,400.9
366,0,25.432,0.98,1,20.3,112.6,456.5,-0.071,0.072,-0.028,261.7,263.6,266.9,271.6,279.6,292.6,308.0,326.0,346.4,366.5,384.1,399.1,409.9,415.9,418.9,421.1,422.5,274.3,282.5,296.5,311.8,326.5,353.7,368.3,382.6,396.2,405.4,341.1,341.3,341.5,341.9,326.3,334.5,342.5,350.8,358.2,291.5,299.7,309.4,317.9,309.4,299.9,363.3,371.8,381.7,389.8,382.0,372.5,315.5,325.8,335.7,343.1,350.9,361.6,371.8,362.1,352.3,343.9,336.1,326.2,320.5,336.0,343.5,351.5,366.7,351.4,343.5,336.0,319.8,340.2,360.1,380.0,399.6,417.4,432.1,443.7,446.4,441.7,429.3,415.4,399.3,381.4,362.4,343.2,324.1,309.0,298.2,293.8,295.5,300.8,300.3,295.0,293.5,296.2,304.5,321.3,334.2,347.1,360.4,371.1,373.5,375.7,373.2,370.2,325.0,321.2,320.9,324.9,327.8,328.1,323.9,319.6,319.9,323.1,326.4,326.4,401.2,395.4,392.2,394.0,391.8,394.3,398.9,406.3,409.9,411.2,410.9,408.6,401.1,399.9,400.3,399.1,399.5,399.5,400.8,400.6
367,0,25.496,0.98,1,20.1,112.4,456.7,-0.068,0.071,-0.031,261.5,263.4,266.9,271.5,279.6,292.6,308.0,326.0,346.3,366.3,383.8,398.8,409.7,415.7,418.7,420.8,422.1,274.0,282.1,296.1,311.4,326.0,353.2,367.9,382.1,395.7,405.0,340.8,341.0,341.3,341.7,326.1,334.3,342.4,350.6,358.0,291.2,299.3,309.0,317.5,309.1,299.6,362.9,371.4,381.2,389.4,381.6,372.1,315.4,325.7,335.6,343.0,350.7,361.4,371.6,362.0,352.2,343.8,336.0,326.1,320.4,335.9,343.4,351.4,366.5,351.3,343.3,335.9,319.7,340.2,360.1,380.1,399.7,417.4,432.0,443.5,446.3,441.6,429.3,415.3,399.2,381.1,361.9,342.4,323.0,308.9,298.1,293.7,295.3,300.5,299.9,294.8,293.2,295.8,304.1,320.9,334.0,346.8,360.3,370.9,373.3,375.5,373.0,369.9,324.8,321.0,320.6,324.6,327.5,327.9,323.4,319.2,319.4,322.6,325.9,326.0,401.1,395.2,392.0,393.8,391.6,394.1,398.7,406.2,409.7,411.0,410.7,408.4,401.0,399.7,400.0,398.9,399.2,399.3,400.6,400.3
368,0,25.564,0.98,1,19.8,112.2,457.7,-0.065,0.076,-0.038,261.0,263.2,266.8,271.5,279.6,292.6,307.9,325.9,346.2,366.3,383.9,399.0,410.0,415.9,418.7,420.5,421.4,273.1,281.1,295.0,310.3,324.8,352.6,367.2,381.3,394.8,403.9,340.1,340.5,340.9,341.4,325.9,334.0,342.0,350.2,357.6,290.6,298.5,308.2,316.6,308.2,298.7,362.4,370.5,380.3,388.3,380.7,371.3,315.4,325.5,335.3,342.7,350.5,361.1,371.2,361.8,352.0,343.6,335.7,325.9,320.3,335.7,343.2,351.2,366.1,351.1,343.1,335.6,319.8,340.2,360.1,379.9,399.6,417.3,431.9,443.5,446.2,441.4,428.7,414.5,398.3,380.2,361.0,341.6,322.3,308.3,297.5,293.1,294.9,300.1,299.7,294.4,292.7,295.2,303.3,320.4,333.5,346.4,359.9,370.4,372.8,375.0,372.4,369.3,323.9,319.8,319.4,323.6,326.6,326.9,322.4,317.9,318.1,321.5,324.8,324.9,400.8,394.7,391.4,393.2,391.0,393.4,398.3,405.7,409.2,410.5,410.2,408.0,400.7,399.2,399.5,398.3,398.8,398.8,400.2,399.9
369,0,25.630,0.98,1,19.7,112.1,458.3,-0.060,0.077,-0.039,261.0,263.2,266.8,271.5,279.6,292.6,308.0,326.0,346.2,366.2,383.8,399.0,409.9,415.9,418.6,420.4,421.1,273.2,281.2,295.1,310.2,324.6,352.7,367.1,381.1,394.5,403.5,340.0,340.4,340.8,341.2,325.9,334.0,341.9,350.0,357.3,290.5,298.5,308.3,316.5,308.2,298.6,362.2,370.3,380.2,388.2,380.7,371.2,315.4,325.4,335.2,342.6,350.3,360.9,370.9,361.6,351.8,343.4,335.6,325.8,320.3,335.6,343.1,351.0,365.9,350.9,342.9,335.5,319.5,339.9,359.8,379.7,399.4,417.1,431.7,443.3,445.9,441.0,428.4,414.1,397.9,379.7,360.4,341.0,321.6,307.8,297.2,292.9,294.6,299.8,299.3,294.1,292.4,294.9,303.0,320.2,333.3,346.2,359.7,370.2,372.7,374.8,372.3,369.2,323.5,319.3,319.0,323.4,326.4,326.7,322.2,317.4,317.6,321.2,324.5,324.7,400.6,394.4,391.1,392.9,390.8,393.2,398.0,405.5,409.0,410.3,409.9,407.6,400.4,398.9,399.2,398.1,398.5,398.7,400.1,399.8
370,0,25.698,0.98,1,19.7,112.1,458.9,-0.053,0.079,-0.039,261.1,263.2,266.8,271.5,279.6,292.7,308.0,326.0,346.2,366.2,383.7,398.9,409.9,415.9,418.6,420.4,421.1,273.5,281.7,295.4,310.3,324.5,352.9,367.3,381.1,394.3,403.5,340.0,340.3,340.7,341.2,325.9,333.9,341.9,350.0,357.2,290.5,298.4,308.2,316.5,308.1,298.6,362.3,370.3,380.2,388.2,380.7,371.2,315.4,325.5,335.1,342.5,350.2,360.8,370.8,361.5,351.7,343.3,335.5,325.8,320.3,335.5,343.0,350.9,365.8,350.8,342.9,335.4,319.2,339.7,359.7,379.6,399.3,417.0,431.6,443.1,445.6,440.8,428.3,413.9,397.6,379.2,359.8,340.1,320.5,307.0,296.7,292.6,294.4,299.4,298.9,293.7,292.1,294.5,302.4,319.9,333.0,346.1,359.6,370.1,372.5,374.7,372.2,369.1,323.4,319.1,318.8,323.2,326.3,326.5,322.0,317.3,317.4,321.0,324.4,324.6,400.5,394.3,391.0,392.8,390.6,393.0,397.9,405.3,408.9,410.1,409.7,407.5,400.3,398.7,399.0,397.9,398.4,398.6,399.9,399.6
371,0,25.765,0.98,1,19.8,112.1,459.3,-0.050,0.079,-0.039,261.2,263.2,266.7,271.5,279.6,292.6,307.9,326.0,346.2,366.1,383.7,398.8,409.8,415.9,418.6,420.4,421.1,273.6,281.9,295.7,310.5,324.7,352.9,367.3,381.2,394.4,403.6,340.0,340.4,340.7,341.2,325.9,333.9,341.9,350.0,357.2,290.5,298.5,308.3,316.6,308.2,298.6,362.3,370.3,380.3,388.3,380.8,371.3,315.4,325.5,335.1,342.5,350.2,360.8,370.8,361.5,351.7,343.3,335.5,325.8,320.4,335.5,343.0,350.9,365.7,350.8,342.8,335.4,319.1,339.6,359.6,379.6,399.3,417.0,431.5,442.9,445.5,440.7,428.2,413.8,397.4,379.0,359.4,339.7,320.0,306.8,296.6,292.6,294.4,299.5,298.9,293.7,291.9,294.2,302.1,319.9,333.0,346.0,359.5,370.0,372.5,374.6,372.1,369.0,323.3,319.1,318.7,323.2,326.3,326.5,321.9,317.2,317.3,320.9,324.3,324.5,400.4,394.2,390.9,392.7,390.5,393.0,397.9,405.3,408.8,410.0,409.7,407.4,400.3,398.7,399.0,397.9,398.4,398.6,399.9,399.5
372,0,25.832,0.98,1,19.8,112.2,459.5,-0.050,0.079,-0.039,261.2,263.2,266.7,271.4,279.6,292.7,307.9,325.9,346.1,366.1,383.7,398.9,409.9,415.9,418.6,420.4,421.2,273.7,281.9,295.6,310.5,324.6,353.0,367.4,381.3,394.5,403.7,340.0,340.4,340.7,341.2,325.8,333.9,341.8,350.0,357.3,290.7,298.7,308.3,316.5,308.2,298.9,362.3,370.3,380.1,388.0,380.5,371.1,315.4,325.4,335.1,342.5,350.2,360.8,370.7,361.4,351.7,343.3,335.4,325.8,320.3,335.4,343.0,350.9,365.7,350.8,342.8,335.3,319.0,339.5,359.6,379.6,399.3,417.0,431.5,442.9,445.5,440.6,428.1,413.8,397.4,379.0,359.4,339.7,320.1,306.8,296.6,292.6,294.4,299.4,298.8,293.7,292.0,294.3,302.1,320.1,333.2,346.1,359.5,369.8,372.3,374.5,372.0,368.9,323.7,320.0,319.6,323.4,326.5,326.8,322.1,318.1,318.2,321.4,324.6,324.8,400.3,394.1,390.9,392.7,390.5,392.9,397.8,405.3,408.8,410.1,409.7,407.5,400.2,398.6,398.9,397.8,398.3,398.5,399.8,399.5
373,0,25.898,0.98,1,19.9,112.7,459.4,-0.071,0.073,-0.035,261.8,263.5,266.5,271.2,279.4,292.6,307.8,325.5,345.9,366.1,383.8,399.0,409.8,415.6,418.2,420.4,421.8,274.5,282.2,295.6,310.5,324.7,353.6,367.8,381.5,394.6,404.1,340.4,340.6,340.9,341.2,325.6,333.9,342.1,350.3,357.8,291.0,299.3,308.6,317.2,308.7,299.7,362.6,371.5,381.1,389.3,381.3,371.9,315.3,325.5,335.1,342.5,350.3,360.8,370.9,361.2,351.5,343.2,335.3,325.7,320.2,335.4,342.9,350.8,365.9,350.7,342.7,335.2,319.5,340.0,359.9,379.9,399.4,417.0,431.4,442.8,445.5,440.7,428.4,414.2,397.6,378.9,359.3,339.5,319.9,308.2,297.3,292.8,294.3,299.2,298.5,293.6,292.0,294.4,302.3,321.7,334.0,346.1,358.8,369.9,372.3,374.5,372.0,369.0,326.9,324.3,323.7,326.2,329.4,329.9,324.9,322.2,322.6,324.6,327.8,327.9,400.1,394.0,390.7,392.5,390.3,393.1,397.9,405.4,408.9,410.1,409.8,407.5,400.0,398.6,399.0,398.0,398.3,398.4,399.6,399.4
374,0,25.963,0.98,1,19.7,112.0,458.4,-0.060,0.076,-0.039,261.1,263.2,266.5,271.3,279.5,292.7,307.8,325.5,345.8,365.9,383.6,398.8,409.9,415.9,418.4,420.4,421.5,273.5,281.3,295.0,310.2,324.6,352.8,367.5,381.6,395.0,404.3,340.0,340.4,340.7,341.2,325.4,333.6,341.9,350.2,357.6,290.5,298.6,307.9,316.2,307.9,299.0,362.4,370.9,380.3,388.4,380.5,371.4,315.3,325.4,335.0,342.5,350.2,360.8,370.6,361.3,351.6,343.2,335.3,325.7,320.2,335.3,342.9,350.8,365.7,350.7,342.7,335.2,319.3,339.9,359.9,379.8,399.4,416.9,431.3,442.8,445.5,440.7,428.2,413.8,397.4,378.8,359.0,339.1,319.4,307.6,296.9,292.6,294.3,299.2,298.6,293.6,291.9,294.4,302.3,320.4,333.3,346.0,359.4,369.4,372.0,374.3,371.6,368.5,324.8,321.9,321.2,323.9,327.0,327.5,322.5,319.7,320.1,322.3,325.3,325.3,400.2,394.0,390.8,392.6,390.4,393.0,397.7,405.3,408.8,410.1,409.8,407.5,400.1,398.5,398.9,397.8,398.2,398.2,399.5,399.2
375,0,26.032,0.98,1,19.6,111.8,458.1,-0.056,0.077,-0.040,261.1,263.1,266.6,271.4,279.6,292.7,307.9,325.7,345.9,366.0,383.6,398.8,409.8,415.8,418.4,420.3,421.2,273.4,281.3,294.9,309.9,324.2,352.9,367.4,381.3,394.6,403.8,339.8,340.2,340.6,341.0,325.5,333.7,341.7,350.0,357.3,290.5,298.5,308.0,316.3,308.0,298.8,362.1,370.4,380.0,388.1,380.3,371.1,315.3,325.3,335.0,342.4,350.2,360.7,370.6,361.3,351.6,343.2,335.3,325.7,320.2,335.3,342.9,350.8,365.6,350.7,342.7,335.2,319.1,339.7,359.8,379.8,399.4,417.0,431.4,442.8,445.5,440.6,428.1,413.8,397.3,378.7,359.1,339.3,319.5,307.3,296.8,292.5,294.2,299.0,298.4,293.4,291.8,294.2,302.1,320.0,333.0,345.9,359.3,369.6,372.1,374.3,371.7,368.6,324.0,320.6,320.1,323.4,326.5,326.9,322.1,318.4,318.7,321.5,324.6,324.7,400.2,394.0,390.8,392.6,390.4,392.9,397.6,405.2,408.8,410.0,409.7,407.4,400.1,398.5,398.8,397.7,398.2,398.2,399.6,399.3
376,0,26.095,0.98,1,19.6,112.6,458.9,-0.035,0.079,-0.041,261.1,263.1,266.5,271.3,279.5,292.8,308.0,325.8,345.9,365.8,383.5,398.7,409.8,415.9,418.5,420.2,421.1,273.5,281.6,295.2,310.1,324.3,352.7,367.1,381.1,394.3,403.5,339.8,340.1,340.5,341.0,325.5,333.6,341.7,349.8,357.2,290.4,298.5,308.0,316.3,308.0,298.6,362.0,370.2,380.0,388.0,380.3,371.0,314.9,325.2,334.9,342.4,350.1,360.7,370.8,361.4,351.5,343.1,335.2,325.4,319.8,335.2,342.8,350.7,365.8,350.6,342.6,335.1,319.3,339.8,359.7,379.7,399.3,417.0,431.6,443.1,445.8,440.8,428.1,413.8,397.4,378.9,359.4,339.6,320.0,307.0,296.8,292.8,294.7,299.9,299.3,294.1,292.4,294.8,302.6,321.1,334.3,347.4,361.0,370.8,373.4,375.6,373.1,369.9,324.6,321.0,320.7,324.3,327.4,327.7,323.1,319.2,319.4,322.3,325.6,325.8,400.5,394.8,391.7,393.5,391.4,393.6,397.9,405.9,409.7,411.0,410.6,408.1,400.5,399.4,399.7,398.6,398.6,399.3,400.7,400.3
377,0,26.165,0.98,1,20.2,120.8,462.9,0.075,0.076,-0.044,262.4,263.6,266.8,271.8,280.3,293.6,308.6,326.1,345.9,365.7,383.0,398.0,409.1,415.4,418.2,419.9,420.6,276.2,285.4,298.1,311.6,324.3,354.7,368.1,380.6,392.5,401.8,340.5,340.9,341.3,341.7,326.6,334.4,342.3,350.4,357.6,291.4,299.3,308.9,317.1,308.7,299.4,362.5,370.6,380.2,388.1,380.7,371.5,315.4,326.0,335.6,343.1,350.9,361.3,371.1,361.8,351.9,343.5,335.6,326.0,320.2,335.8,343.4,351.4,366.4,351.1,343.1,335.6,323.6,343.5,362.9,382.6,402.6,421.0,436.4,448.6,451.2,446.1,432.9,417.6,400.8,382.3,363.0,343.4,323.7,311.1,303.2,300.7,303.0,307.7,306.9,302.1,300.3,302.0,308.4,329.5,343.7,357.8,372.2,380.3,383.2,385.6,383.1,380.0,332.3,329.1,329.1,332.8,335.9,336.0,331.7,327.9,327.9,330.6,334.3,334.5,408.0,403.8,401.2,403.1,400.9,402.5,405.4,414.1,418.1,419.6,419.0,416.2,408.5,408.6,409.0,407.8,406.5,408.1,409.5,409.0
378,0,26.232,0.98,1,21.8,143.6,479.6,0.082,0.059,-0.044,265.2,266.8,270.1,275.1,283.2,296.1,311.3,328.3,347.3,365.8,381.6,395.5,406.3,412.6,415.8,417.7,418.5,276.5,284.6,297.4,311.4,324.6,356.1,369.4,382.3,394.3,402.9,341.5,342.0,342.5,343.1,327.6,335.5,343.5,351.5,358.6,292.1,299.8,309.5,317.9,309.5,300.1,363.4,371.5,381.2,389.1,381.8,372.4,316.7,327.2,336.8,344.0,351.5,362.0,371.9,362.6,352.8,344.7,337.0,327.4,321.4,337.0,344.4,352.1,367.3,351.9,344.3,336.9,346.4,364.6,381.8,399.2,417.1,434.1,448.6,460.4,463.1,458.0,445.1,431.4,416.6,400.6,383.6,365.7,347.7,333.2,325.4,323.0,325.7,331.3,330.3,324.5,322.1,323.5,329.5,351.8,366.5,381.2,396.0,401.2,404.2,406.8,404.1,400.7,352.3,348.9,349.1,353.4,356.1,356.0,352.3,347.6,347.4,350.1,354.1,354.5,425.2,422.8,421.2,423.0,420.9,421.6,422.7,431.6,436.1,437.6,437.1,433.8,425.9,427.7,428.2,426.9,424.1,426.5,427.9,427.5
379,0,26.365,0.03,0,21.4,136.8,455.3,-0.060,0.031,-0.016,261.5,262.6,265.4,269.3,276.8,289.8,306.9,325.3,345.3,364.8,382.0,397.6,409.3,416.0,419.4,421.4,421.6,274.3,285.2,299.5,314.5,328.7,357.6,371.0,384.6,398.2,408.5,344.8,344.9,345.2,345.6,328.6,336.9,345.0,353.0,360.3,291.0,300.6,312.2,321.7,311.7,299.9,364.7,374.4,385.8,395.0,386.9,375.6,312.8,325.6,337.3,344.5,352.2,363.3,374.7,363.5,352.8,344.4,336.6,324.9,317.6,337.3,344.6,352.6,369.7,352.4,344.4,337.0,346.0,367.1,387.9,408.1,426.3,441.7,453.8,463.4,465.7,461.8,450.8,437.9,422.6,404.8,386.0,366.6,346.7,334.4,326.4,324.1,326.6,332.2,331.3,325.9,323.3,324.6,331.9,350.6,363.9,377.0,390.6,401.0,403.1,405.0,403.2,400.9,351.5,346.6,347.1,355.2,357.2,356.9,354.0,345.7,345.3,350.3,355.3,356.1,425.1,421.5,418.9,421.0,418.7,421.2,423.8,433.8,438.6,439.5,439.0,434.9,425.5,426.4,427.0,426.0,424.7,427.9,428.8,428.3
380,0,26.694,0.98,1,21.3,117.5,461.6,-0.099,0.047,-0.023,258.8,261.0,264.6,269.4,278.0,291.2,307.7,325.8,346.7,367.2,384.8,399.4,410.7,417.0,420.2,422.3,422.9,273.4,284.7,298.3,311.4,324.6,359.0,373.6,386.4,399.0,408.9,342.6,342.8,343.1,343.5,327.4,335.2,343.2,351.4,358.7,291.4,299.8,309.2,317.4,309.1,300.0,365.6,373.4,382.7,390.8,382.7,374.0,315.8,326.1,336.8,344.1,352.4,363.2,372.6,364.0,354.0,345.2,337.0,326.6,320.8,337.0,344.5,353.0,367.9,353.2,344.6,337.2,327.5,347.1,366.7,385.6,404.8,422.0,436.5,447.8,450.8,445.8,433.1,418.9,403.0,385.6,367.3,348.7,329.7,317.3,312.7,312.2,314.7,317.7,317.2,313.9,311.5,311.5,315.5,325.6,337.9,350.3,363.3,371.7,374.4,376.5,374.0,370.6,325.1,321.3,320.3,324.3,326.3,326.7,323.5,319.2,319.7,323.1,325.0,324.6,401.7,395.7,392.9,394.5,392.3,394.6,399.6,406.8,411.2,412.6,412.1,409.1,401.7,399.6,399.9,398.8,400.1,400.0,401.5,401.1
381,0,26.759,0.93,1,22.3,113.0,468.0,-0.143,0.048,-0.019,260.9,262.7,266.0,270.5,278.9,292.1,308.6,326.5,347.3,367.8,385.4,399.8,410.9,416.9,419.9,421.7,422.0,276.0,286.7,299.3,311.5,324.2,361.0,375.1,387.0,398.6,407.7,343.5,343.7,343.9,344.2,328.5,336.1,343.9,351.9,359.1,293.3,301.5,310.7,318.7,310.6,301.6,366.0,373.6,382.8,390.7,382.8,374.2,316.3,326.5,337.5,344.7,353.1,364.0,373.5,364.7,354.6,345.7,337.7,327.1,321.2,337.8,345.2,353.7,368.8,353.8,345.3,338.0,322.2,341.9,361.8,380.8,399.9,416.9,430.6,441.1,443.7,439.0,426.9,413.3,397.9,380.8,362.8,344.6,326.1,313.2,308.5,307.4,309.2,311.1,311.0,309.0,307.4,307.8,311.8,318.8,330.1,341.6,353.7,363.9,366.1,368.0,365.7,362.6,319.5,315.4,314.3,318.6,320.3,320.9,317.9,313.5,314.1,317.9,319.4,318.9,394.4,387.7,384.6,386.1,384.0,386.6,392.3,399.1,403.2,404.5,404.1,401.4,394.3,391.6,391.8,390.7,392.8,391.9,393.4,393.1
382,0,26.826,0.98,1,22.6,112.2,471.5,-0.140,0.051,-0.018,262.0,263.6,266.9,271.3,279.6,292.5,308.8,326.5,347.4,368.1,385.8,400.2,411.0,416.6,419.2,420.8,421.1,276.7,287.6,300.0,312.0,324.5,361.2,375.3,387.1,398.6,407.5,343.6,343.7,343.8,344.1,328.7,336.2,343.9,351.7,358.8,293.7,301.9,311.0,319.0,310.9,301.9,365.8,373.5,382.6,390.4,382.6,374.0,316.6,326.8,337.6,344.7,352.9,363.7,373.1,364.5,354.4,345.7,337.9,327.3,321.5,338.0,345.2,353.5,368.4,353.7,345.3,338.2,320.1,339.6,359.5,378.6,397.6,414.5,428.2,438.7,441.4,436.6,424.4,410.5,395.1,378.1,360.5,342.8,324.8,311.0,306.8,306.0,308.0,310.1,310.0,308.1,306.4,306.8,310.6,317.8,328.7,339.7,351.3,362.0,364.2,365.9,363.8,360.8,318.3,314.3,313.3,317.5,319.3,319.8,316.9,312.7,313.3,317.0,318.5,318.0,392.6,385.9,382.6,384.1,382.0,384.7,390.5,397.1,401.1,402.4,402.1,399.4,392.5,389.8,389.9,388.9,390.9,389.9,391.3,391.0
383,0,26.892,0.98,1,22.3,113.8,472.5,-0.090,0.052,-0.023,261.4,263.6,267.1,271.4,279.6,292.7,308.7,326.5,347.2,367.5,385.6,400.4,411.1,416.4,418.7,420.3,420.6,274.9,286.2,299.5,312.4,325.5,359.1,373.6,386.2,398.4,407.8,343.1,343.3,343.4,343.8,328.4,336.0,343.6,351.4,358.4,293.0,301.2,310.6,318.6,310.3,301.2,365.0,372.7,382.0,390.0,382.0,373.3,316.6,327.0,337.5,344.7,352.7,363.2,372.6,364.0,354.3,345.8,337.9,327.6,321.5,338.0,345.2,353.4,367.6,353.5,345.3,338.2,318.2,338.1,358.2,377.6,396.9,414.1,428.0,439.2,442.0,436.9,424.2,410.1,394.4,377.2,359.4,341.5,323.4,309.9,305.4,304.7,307.3,310.6,310.7,307.9,306.1,306.4,310.6,320.9,331.8,342.7,354.3,364.7,367.0,368.8,366.7,363.7,320.5,316.8,316.0,320.0,322.3,322.6,319.5,315.5,316.1,319.5,321.6,321.2,395.1,388.7,385.6,387.1,384.9,387.2,392.4,399.3,403.4,404.9,404.6,402.0,394.9,392.6,392.7,391.5,392.9,392.5,394.0,393.8
384,0,26.959,0.98,1,22.0,113.2,469.4,-0.087,0.050,-0.021,261.0,263.4,266.9,271.2,279.6,292.9,308.8,326.7,347.3,367.7,385.8,400.6,411.0,415.9,418.1,419.7,420.1,274.2,285.3,299.3,313.1,326.8,357.8,372.6,385.9,398.6,407.7,343.3,343.4,343.5,343.8,328.1,335.9,343.7,351.5,358.6,292.9,301.1,310.6,318.6,310.3,301.0,364.6,372.5,381.9,389.9,381.8,372.9,316.4,327.1,337.6,344.8,352.6,362.9,372.5,363.7,354.1,345.8,338.1,327.6,321.3,338.1,345.3,353.3,367.4,353.5,345.4,338.4,317.2,337.3,357.7,377.5,397.1,414.4,428.4,439.7,442.4,437.0,423.6,409.4,393.9,377.2,360.0,342.9,325.6,308.6,302.7,301.5,304.4,309.0,309.3,305.7,303.9,304.7,310.0,321.4,332.3,343.2,354.8,365.5,367.8,369.6,367.5,364.5,320.8,317.2,316.6,320.7,323.0,323.2,320.4,316.4,317.0,320.4,322.6,322.3,395.6,389.5,386.3,387.8,385.5,387.8,392.8,399.8,404.0,405.5,405.4,402.9,395.4,393.5,393.5,392.2,393.3,393.2,394.8,394.7
385,0,27.026,0.98,1,21.5,109.2,459.0,-0.117,0.045,-0.026,261.3,263.5,266.7,271.1,279.5,293.0,308.9,327.2,347.9,368.1,385.5,400.2,410.4,415.5,417.8,419.6,420.5,274.6,283.0,298.3,314.9,330.5,353.0,368.5,384.0,398.2,406.6,342.8,343.1,343.5,344.1,327.5,336.0,344.2,352.5,359.9,292.8,301.0,310.5,318.9,310.6,301.2,363.7,372.2,381.7,389.6,381.7,372.5,316.5,327.5,337.8,345.1,352.8,363.4,373.4,364.1,354.5,346.2,338.4,328.1,321.6,338.3,345.6,353.6,368.3,353.7,345.7,338.4,317.4,337.7,357.9,377.8,397.1,414.1,428.1,439.4,442.0,436.8,424.0,410.1,394.5,377.4,359.5,341.7,324.0,307.7,295.9,290.7,292.4,298.5,298.3,292.8,291.6,295.5,305.5,317.5,329.5,341.3,353.8,365.4,367.6,369.6,367.2,364.2,321.1,317.3,316.8,320.6,323.3,323.7,319.7,315.7,316.3,319.6,322.2,322.0,395.8,389.4,386.0,387.7,385.4,387.9,392.9,400.2,403.9,405.4,405.3,403.1,395.5,393.7,393.9,392.7,393.2,393.4,395.0,394.9
386,0,27.092,0.98,1,21.3,109.5,460.8,-0.104,0.051,-0.038,261.5,263.5,266.8,271.6,279.9,293.3,309.1,327.5,348.2,368.3,385.6,400.0,410.0,415.1,417.5,419.4,420.5,275.0,283.0,296.7,312.0,326.7,354.7,368.8,382.6,395.5,404.3,342.0,342.4,342.9,343.5,327.8,336.1,344.1,352.1,359.3,292.5,300.7,310.1,318.6,310.2,301.0,363.5,371.9,381.5,389.5,381.8,372.5,316.6,327.3,337.5,344.8,352.4,363.1,373.2,363.7,354.0,345.9,338.1,327.8,321.6,338.0,345.4,353.1,368.2,353.1,345.3,338.0,318.8,339.1,358.9,378.7,397.8,414.8,428.5,439.3,441.6,436.5,423.9,410.0,394.1,376.6,358.5,340.3,322.3,305.6,294.6,289.5,290.7,295.8,294.9,289.8,288.4,291.1,299.2,316.9,329.3,341.6,354.4,366.2,368.3,370.3,367.8,364.7,322.2,318.6,318.0,321.3,324.4,324.9,319.8,316.1,316.3,319.3,322.3,322.4,396.2,390.0,386.6,388.2,386.0,388.4,393.1,400.7,404.5,406.0,405.9,403.8,396.0,394.5,394.7,393.5,393.7,394.0,395.5,395.4
387,0,27.159,0.98,1,20.5,111.0,460.8,-0.082,0.058,-0.046,261.0,263.0,266.4,271.3,279.7,293.0,308.8,327.1,347.8,367.9,385.2,399.7,409.8,414.8,417.1,419.0,420.0,273.9,281.7,295.2,310.4,325.0,353.5,367.7,381.5,394.5,403.4,340.8,341.2,341.7,342.2,326.7,334.9,343.0,351.1,358.3,291.3,299.5,309.0,317.5,309.1,299.9,362.5,371.0,380.7,388.8,381.0,371.7,315.8,326.4,336.4,343.8,351.4,362.1,372.3,362.9,353.1,344.9,337.1,326.9,320.7,336.9,344.4,352.2,367.3,352.1,344.3,336.9,320.5,340.7,360.3,379.9,398.9,415.9,429.6,440.4,442.6,437.3,424.5,410.3,394.2,376.4,357.9,339.4,321.0,307.4,296.5,291.5,292.7,297.6,296.7,291.5,290.0,292.5,300.5,318.7,331.4,343.9,356.9,368.2,370.4,372.4,369.8,366.7,324.0,320.4,319.8,323.1,326.3,326.8,321.4,317.7,317.8,320.7,323.8,324.0,398.0,392.0,388.7,390.3,388.1,390.3,394.7,402.6,406.5,407.9,407.8,405.6,397.8,396.5,396.7,395.5,395.4,395.9,397.4,397.3
388,0,27.226,0.98,1,19.6,111.9,460.4,-0.060,0.062,-0.058,259.9,262.3,266.0,271.0,279.6,293.1,308.8,326.8,347.4,367.6,384.9,399.5,409.7,414.9,417.1,418.5,419.2,272.4,280.3,293.8,308.9,323.5,351.7,366.1,380.0,393.1,401.9,339.3,339.8,340.4,341.2,325.8,334.0,342.1,350.2,357.4,289.9,297.9,307.4,315.7,307.5,298.2,361.0,369.2,378.8,386.9,379.3,370.0,314.8,325.5,335.7,343.2,351.0,361.9,372.3,362.8,352.8,344.4,336.5,326.1,319.6,336.3,343.9,351.8,367.4,351.7,343.7,336.3,321.7,341.9,361.6,381.2,400.2,417.1,430.9,441.9,444.0,438.5,425.2,410.5,394.2,376.4,357.9,339.6,321.3,308.5,297.9,293.0,294.1,298.9,297.8,292.6,291.1,293.7,301.6,319.5,332.7,345.6,359.1,369.9,372.2,374.2,371.5,368.2,324.5,320.5,319.9,323.6,326.7,327.2,321.6,317.3,317.4,320.5,323.7,323.9,399.1,393.7,390.6,392.2,389.9,391.5,395.1,403.5,407.7,409.3,409.2,406.9,399.1,398.2,398.3,396.9,396.0,397.4,399.0,398.9
389,0,27.292,0.98,1,19.2,111.9,460.7,-0.055,0.063,-0.064,259.3,261.6,265.2,270.2,278.8,292.5,308.4,326.8,347.6,367.9,385.2,399.9,410.1,415.1,417.0,418.1,418.4,271.7,279.8,293.1,307.8,322.1,351.3,365.5,379.2,392.0,400.8,338.5,339.1,339.8,340.6,325.3,333.6,341.7,349.7,357.0,289.1,297.0,306.6,315.0,306.7,297.3,360.4,368.4,378.2,386.2,378.7,369.4,313.6,325.0,335.6,343.1,350.7,362.1,373.1,363.1,352.7,344.4,336.6,325.7,318.5,336.3,343.8,351.7,368.3,351.6,343.7,336.3,322.3,342.3,361.9,381.5,400.3,417.2,430.9,442.0,444.1,438.4,424.9,410.2,393.9,376.1,357.7,339.6,321.4,308.0,297.9,293.2,294.2,298.9,297.7,292.5,291.0,293.5,301.1,319.7,332.9,345.9,359.4,370.3,372.6,374.5,371.7,368.3,324.7,320.4,319.9,323.9,327.0,327.5,321.7,317.0,316.9,320.3,323.6,323.9,398.2,393.4,390.6,392.0,389.7,390.7,393.5,402.6,407.2,408.9,408.9,406.5,398.3,397.9,398.0,396.4,394.6,397.3,399.0,399.0
390,0,27.359,0.98,1,18.5,111.7,460.4,-0.057,0.069,-0.067,258.8,261.1,264.8,269.9,278.5,292.1,308.1,326.5,347.3,367.7,385.0,399.7,409.8,414.7,416.6,417.6,417.8,270.9,279.1,292.4,307.1,321.3,350.0,364.2,378.0,390.9,399.8,337.5,338.1,338.8,339.6,324.5,332.7,340.8,348.8,356.0,288.2,296.0,305.7,314.1,305.8,296.3,359.5,367.5,377.3,385.5,378.0,368.6,313.1,324.3,334.8,342.1,349.8,361.1,372.3,362.2,351.8,343.5,335.8,325.0,317.9,335.5,342.9,350.7,367.3,350.6,342.8,335.4,322.5,342.5,362.0,381.5,400.3,417.2,430.9,442.1,444.0,438.3,424.8,410.1,393.7,375.9,357.5,339.3,321.1,308.0,297.8,293.0,294.1,298.8,297.6,292.2,290.6,293.1,300.7,319.4,332.7,345.7,359.2,370.3,372.5,374.4,371.6,368.2,324.6,320.1,319.6,323.8,327.0,327.5,321.5,316.6,316.4,319.9,323.3,323.7,398.3,393.3,390.5,391.9,389.5,390.6,393.6,402.6,407.1,408.7,408.7,406.4,398.3,397.8,397.9,396.3,394.6,397.2,398.9,398.8
391,0,27.426,0.98,1,18.2,111.8,461.2,-0.057,0.069,-0.067,258.6,260.9,264.5,269.5,278.1,291.6,307.6,326.1,346.9,367.2,384.6,399.3,409.4,414.4,416.3,417.3,417.5,270.6,278.7,292.1,306.8,321.0,349.6,363.8,377.6,390.5,399.5,337.1,337.7,338.4,339.2,324.2,332.4,340.4,348.3,355.5,287.9,295.6,305.3,313.7,305.5,296.0,359.1,367.0,376.9,385.0,377.6,368.2,312.9,324.0,334.3,341.7,349.3,360.5,371.6,361.6,351.3,343.0,335.3,324.7,317.8,335.0,342.4,350.2,366.6,350.1,342.3,334.9,322.9,342.7,362.1,381.5,400.2,417.1,430.7,441.8,443.8,438.1,424.6,410.0,393.6,375.9,357.5,339.2,321.0,307.7,297.6,293.0,294.1,298.9,297.6,292.1,290.4,292.8,300.4,319.6,332.6,345.6,359.0,370.2,372.3,374.2,371.5,368.2,324.6,320.0,319.5,323.8,327.0,327.4,321.4,316.4,316.2,319.8,323.2,323.7,398.4,393.2,390.3,391.7,389.4,390.6,393.8,402.6,407.0,408.6,408.6,406.3,398.4,397.8,397.8,396.3,394.8,397.1,398.8,398.8
392,0,27.492,0.98,1,18.0,111.9,461.4,-0.057,0.068,-0.067,258.4,260.7,264.4,269.4,277.9,291.4,307.4,325.9,346.6,366.9,384.3,398.9,409.1,414.1,415.9,417.0,417.2,270.6,278.7,292.0,306.8,320.9,349.4,363.6,377.4,390.4,399.3,336.9,337.5,338.2,339.0,324.0,332.2,340.2,348.2,355.3,287.8,295.5,305.2,313.6,305.4,295.9,358.9,366.9,376.7,384.8,377.4,368.0,312.8,323.8,334.1,341.4,349.0,360.3,371.2,361.3,351.0,342.8,335.0,324.5,317.7,334.7,342.1,350.0,366.3,349.9,342.0,334.6,322.9,342.8,362.2,381.6,400.3,417.2,430.8,441.9,443.8,438.1,424.7,410.0,393.7,375.8,357.4,339.0,320.7,308.0,297.7,293.1,294.2,298.9,297.6,292.1,290.4,292.9,300.6,319.5,332.6,345.6,359.1,370.2,372.4,374.3,371.5,368.2,324.6,320.0,319.5,323.8,327.0,327.5,321.4,316.4,316.2,319.8,323.2,323.6,398.7,393.4,390.4,391.8,389.5,390.8,394.1,402.8,407.1,408.7,408.7,406.4,398.6,397.8,397.9,396.4,395.1,397.2,398.9,398.9
393,0,27.559,0.98,1,18.0,112.1,461.4,-0.053,0.067,-0.068,258.4,260.8,264.5,269.4,277.9,291.4,307.3,325.8,346.6,366.9,384.3,399.0,409.2,414.1,415.9,416.9,417.1,270.4,278.6,291.9,306.7,320.9,349.4,363.6,377.4,390.4,399.3,337.0,337.6,338.3,339.1,324.1,332.3,340.3,348.2,355.4,287.7,295.5,305.3,313.6,305.4,295.8,358.9,366.9,376.7,384.8,377.4,368.0,312.8,323.8,334.1,341.5,349.1,360.4,371.3,361.4,351.1,342.8,335.0,324.5,317.7,334.8,342.2,350.1,366.3,350.0,342.1,334.7,322.9,342.8,362.2,381.6,400.4,417.2,430.9,441.9,443.9,438.1,424.6,409.8,393.4,375.6,357.1,338.8,320.5,308.0,297.8,293.2,294.4,299.2,297.9,292.4,290.6,293.0,300.7,319.8,332.9,345.9,359.3,370.4,372.6,374.5,371.7,368.4,324.7,320.2,319.7,324.0,327.2,327.6,321.6,316.6,316.4,320.0,323.4,323.8,398.8,393.5,390.5,392.0,389.6,390.9,394.2,403.0,407.3,408.9,408.9,406.6,398.8,398.0,398.1,396.6,395.2,397.4,399.1,399.0
394,0,27.626,0.98,1,18.2,112.3,462.0,-0.052,0.065,-0.067,258.6,261.0,264.6,269.6,278.0,291.5,307.4,325.8,346.6,366.9,384.3,399.0,409.2,414.1,415.9,416.9,417.0,270.7,278.7,292.0,306.8,321.0,349.8,363.8,377.5,390.4,399.2,337.3,337.9,338.6,339.5,324.4,332.6,340.6,348.5,355.7,288.1,295.8,305.6,313.9,305.7,296.1,359.2,367.1,376.9,385.0,377.6,368.2,313.1,324.1,334.4,341.8,349.4,360.6,371.4,361.6,351.3,343.1,335.3,324.7,318.0,335.0,342.5,350.3,366.5,350.3,342.3,334.9,322.9,342.7,362.0,381.4,400.2,417.1,430.8,441.9,443.9,438.2,424.7,409.9,393.5,375.7,357.3,338.9,320.7,308.2,298.0,293.4,294.6,299.4,298.1,292.6,290.8,293.2,300.9,320.0,333.1,346.1,359.5,370.5,372.7,374.6,371.9,368.6,324.8,320.2,319.7,324.1,327.3,327.7,321.7,316.7,316.5,320.1,323.5,324.0,398.9,393.6,390.6,392.1,389.7,391.0,394.3,403.1,407.4,409.0,409.0,406.7,398.8,398.1,398.2,396.7,395.3,397.5,399.2,399.1
395,0,27.692,0.98,1,18.4,112.4,462.4,-0.053,0.063,-0.065,258.8,261.1,264.8,269.8,278.2,291.7,307.5,325.9,346.6,366.9,384.3,399.0,409.1,414.0,415.9,416.9,417.1,271.0,279.1,292.4,307.0,321.1,350.2,364.1,377.6,390.3,399.1,337.6,338.2,338.9,339.7,324.7,332.8,340.8,348.7,355.8,288.2,296.0,305.8,314.1,305.9,296.3,359.4,367.3,377.2,385.2,377.9,368.5,313.5,324.4,334.6,342.0,349.6,360.7,371.5,361.7,351.5,343.3,335.5,325.0,318.3,335.3,342.7,350.5,366.5,350.5,342.6,335.2,322.8,342.6,362.0,381.3,400.1,417.0,430.7,441.8,443.8,438.2,424.7,409.9,393.5,375.7,357.4,339.2,321.1,308.0,297.9,293.3,294.5,299.3,298.0,292.6,290.9,293.1,300.7,319.9,333.0,346.0,359.4,370.5,372.6,374.6,371.9,368.6,324.7,320.1,319.7,324.1,327.3,327.7,321.8,316.7,316.5,320.1,323.5,324.0,399.0,393.6,390.6,392.0,389.6,391.1,394.5,403.1,407.4,409.0,409.0,406.7,399.0,398.1,398.2,396.7,395.5,397.5,399.2,399.1
396,0,27.759,0.98,1,18.6,112.5,462.6,-0.053,0.063,-0.065,259.0,261.3,264.9,269.9,278.3,291.8,307.6,326.0,346.7,367.0,384.4,399.1,409.2,414.1,416.0,417.0,417.2,271.4,279.5,292.8,307.3,321.4,350.3,364.1,377.6,390.3,399.1,337.7,338.3,339.0,339.8,324.8,332.9,340.9,348.8,356.0,288.4,296.2,305.9,314.3,306.0,296.5,359.6,367.5,377.3,385.3,378.0,368.6,313.7,324.5,334.7,342.1,349.8,360.9,371.5,361.9,351.7,343.4,335.6,325.2,318.5,335.4,342.8,350.7,366.6,350.6,342.7,335.3,322.8,342.6,361.9,381.2,400.1,417.0,430.8,441.9,443.9,438.3,424.9,410.1,393.6,375.8,357.4,339.2,321.0,307.9,297.9,293.4,294.6,299.3,298.1,292.6,290.9,293.2,300.7,319.9,333.0,345.9,359.3,370.5,372.7,374.6,371.9,368.6,324.8,320.2,319.7,324.1,327.3,327.7,321.8,316.7,316.5,320.1,323.6,324.0,399.2,393.7,390.6,392.1,389.7,391.2,394.7,403.2,407.5,409.1,409.1,406.8,399.1,398.2,398.3,396.8,395.6,397.6,399.3,399.2
397,0,27.826,0.98,1,18.7,112.5,462.3,-0.047,0.062,-0.064,259.2,261.4,265.0,269.9,278.4,291.8,307.7,326.3,346.9,367.0,384.3,399.0,409.3,414.4,416.4,417.4,417.5,271.6,279.6,293.1,307.8,322.0,350.1,363.9,377.5,390.4,399.4,337.9,338.5,339.2,340.0,324.9,333.1,341.1,349.1,356.2,288.6,296.4,306.2,314.5,306.3,296.7,359.8,367.8,377.6,385.6,378.3,368.9,314.0,324.8,335.0,342.4,350.0,361.0,371.6,362.0,351.9,343.7,335.9,325.5,318.9,335.6,343.0,350.8,366.7,350.8,342.9,335.6,322.7,342.4,361.7,381.0,399.9,417.0,430.8,442.0,444.0,438.4,425.1,410.4,394.0,376.1,357.5,338.9,320.4,307.9,297.8,293.4,294.8,299.8,298.6,292.9,291.0,293.1,300.7,320.2,333.3,346.2,359.7,370.6,372.9,374.8,372.1,368.8,324.8,320.2,319.8,324.2,327.4,327.8,322.0,316.9,316.7,320.2,323.7,324.2,399.4,393.9,390.8,392.3,389.9,391.4,395.0,403.5,407.8,409.3,409.3,407.1,399.3,398.4,398.4,397.0,395.9,397.9,399.5,399.4
398,0,27.892,0.98,1,18.9,112.7,462.1,-0.043,0.063,-0.065,259.3,261.5,265.1,270.1,278.6,292.1,308.0,326.5,347.1,367.2,384.5,399.3,409.5,414.6,416.6,417.6,417.7,271.8,279.8,293.2,308.0,322.0,350.5,364.2,377.7,390.5,399.5,338.1,338.7,339.4,340.2,325.1,333.3,341.3,349.3,356.4,288.8,296.6,306.4,314.7,306.5,296.9,360.1,368.0,377.9,385.9,378.6,369.2,314.3,325.1,335.2,342.6,350.2,361.2,371.8,362.2,352.1,343.9,336.1,325.8,319.2,335.8,343.2,351.1,366.8,351.0,343.2,335.8,322.6,342.4,361.8,381.1,400.2,417.2,431.1,442.2,444.2,438.6,425.2,410.5,394.1,376.2,357.6,338.9,320.5,308.0,297.8,293.5,295.0,300.0,298.8,293.2,291.2,293.3,300.8,320.4,333.6,346.6,360.1,371.0,373.2,375.1,372.4,369.1,324.9,320.4,319.9,324.4,327.6,327.9,322.2,317.1,316.9,320.4,324.0,324.5,399.7,394.2,391.2,392.7,390.3,391.8,395.4,403.9,408.1,409.7,409.6,407.4,399.6,398.7,398.8,397.4,396.3,398.2,399.9,399.8
399,0,27.959,0.98,1,19.1,112.7,461.2,-0.043,0.063,-0.064,259.4,261.6,265.3,270.3,278.8,292.3,308.2,326.6,347.3,367.4,384.8,399.5,409.7,414.8,416.8,417.9,418.0,271.9,279.9,293.2,308.0,322.1,350.9,364.6,378.1,390.9,399.8,338.4,339.0,339.7,340.5,325.4,333.5,341.6,349.6,356.7,289.0,296.8,306.6,315.0,306.7,297.1,360.4,368.3,378.2,386.2,378.9,369.5,314.4,325.2,335.4,342.8,350.4,361.5,372.1,362.4,352.3,344.1,336.2,325.9,319.2,336.0,343.4,351.3,367.1,351.2,343.3,335.9,322.4,342.4,361.9,381.3,400.4,417.5,431.4,442.5,444.6,439.0,425.6,410.9,394.4,376.4,357.7,339.0,320.5,308.2,298.0,293.5,294.9,299.8,298.6,293.1,291.3,293.5,301.0,320.4,333.7,346.8,360.3,371.2,373.4,375.4,372.7,369.4,325.0,320.5,320.0,324.5,327.7,328.1,322.3,317.2,317.1,320.7,324.2,324.6,399.9,394.5,391.5,393.0,390.6,392.1,395.6,404.2,408.4,410.0,409.9,407.6,399.8,399.0,399.1,397.6,396.5,398.5,400.2,400.1
400,0,28.026,0.98,1,19.3,112.7,460.8,-0.038,0.065,-0.062,259.6,261.8,265.4,270.4,278.9,292.3,308.2,326.7,347.4,367.6,385.0,399.7,409.8,414.8,416.9,418.1,418.4,272.5,280.5,293.8,308.5,322.6,351.4,365.1,378.5,391.2,400.2,338.8,339.3,340.0,340.7,325.6,333.7,341.7,349.7,356.9,289.6,297.4,307.2,315.5,307.3,297.7,360.7,368.7,378.6,386.6,379.3,369.8,314.4,325.3,335.5,342.8,350.4,361.5,372.1,362.4,352.2,344.0,336.2,325.8,319.3,336.0,343.5,351.3,367.2,351.2,343.3,335.9,322.1,342.2,361.7,381.3,400.4,417.7,431.7,442.8,444.8,439.2,425.9,411.1,394.5,376.4,357.8,339.1,320.4,308.4,298.2,293.7,295.0,299.8,298.6,293.2,291.5,293.7,301.3,320.2,333.6,346.9,360.7,371.4,373.6,375.7,372.9,369.7,324.8,320.2,319.8,324.4,327.6,327.9,322.3,317.1,316.9,320.6,324.2,324.6,400.0,394.7,391.8,393.3,391.0,392.5,396.0,404.6,408.8,410.3,410.2,407.9,400.0,399.3,399.4,398.0,396.9,398.9,400.4,400.3
401,0,28.092,0.98,1,19.4,111.7,460.0,-0.058,0.064,-0.058,259.6,261.8,265.6,270.6,279.1,292.4,308.3,326.8,347.5,367.7,385.0,399.6,409.7,414.8,417.0,418.3,418.6,272.6,280.9,294.2,308.8,322.9,351.9,365.7,379.1,391.8,400.8,339.0,339.6,340.2,340.9,325.9,334.0,341.9,349.9,357.1,289.7,297.6,307.5,315.9,307.6,297.8,361.0,368.9,379.0,387.0,379.7,370.2,314.4,325.4,335.6,343.0,350.7,361.8,372.5,362.7,352.5,344.2,336.4,325.9,319.3,336.2,343.6,351.5,367.5,351.4,343.5,336.1,321.7,341.9,361.7,381.4,400.5,417.8,431.7,442.7,444.6,439.3,426.2,411.5,394.8,376.7,358.0,339.2,320.4,307.4,297.1,292.6,293.7,298.3,297.2,291.9,290.3,292.6,300.3,318.6,332.1,345.4,359.1,370.3,372.5,374.5,371.8,368.5,323.7,318.7,318.3,323.2,326.4,326.7,321.1,315.6,315.4,319.4,323.0,323.4,399.3,393.7,390.7,392.2,389.9,391.5,395.2,403.7,407.8,409.3,409.2,406.9,399.2,398.3,398.4,397.0,396.2,397.8,399.4,399.2
402,0,28.159,0.98,1,19.4,103.3,456.2,-0.149,0.065,-0.057,259.6,262.1,265.9,270.8,279.0,292.1,307.9,326.7,347.7,368.1,385.6,400.3,410.3,415.2,417.3,418.5,418.9,271.6,279.7,293.5,308.6,323.1,351.3,365.3,379.3,392.6,401.8,339.0,339.7,340.4,341.1,325.9,334.1,342.1,350.1,357.3,289.6,297.5,307.6,316.1,307.6,297.8,360.9,369.0,379.1,387.3,379.9,370.2,314.7,325.5,335.7,343.3,351.0,362.0,372.7,363.1,353.0,344.6,336.7,326.1,319.7,336.4,343.9,351.9,367.6,351.9,343.9,336.3,318.6,339.0,358.9,378.5,397.1,413.3,426.2,436.2,438.0,433.1,421.0,407.1,390.8,372.5,353.4,334.4,315.6,300.4,289.0,283.8,284.7,289.6,288.6,283.1,281.4,283.8,292.1,309.7,322.4,335.0,348.0,360.7,362.8,364.5,361.8,358.6,315.8,310.6,310.0,314.8,318.0,318.6,312.8,307.3,307.2,311.4,314.7,315.1,391.0,384.0,380.4,381.9,379.6,382.0,387.1,394.8,398.5,399.9,399.9,398.0,390.6,388.4,388.4,387.1,387.6,388.3,389.8,389.7
403,0,28.226,0.98,1,18.6,83.1,457.2,-0.352,0.083,-0.050,261.7,263.0,266.0,270.4,277.9,290.2,305.6,324.6,346.5,368.2,386.8,401.9,411.2,415.3,416.9,417.5,417.2,275.1,283.7,296.7,310.7,323.8,349.0,361.7,374.7,387.2,396.7,338.1,338.6,339.1,339.6,325.3,333.2,341.0,348.7,355.6,290.9,298.6,307.9,316.2,308.0,298.9,359.4,367.5,376.9,384.7,377.4,368.3,314.4,324.6,334.7,341.9,349.3,360.3,371.0,361.4,351.3,343.3,335.7,325.4,319.2,335.4,342.6,350.2,365.9,350.3,342.6,335.4,312.2,331.2,350.2,368.8,385.3,398.7,408.2,414.8,416.0,412.5,402.9,391.1,375.6,357.5,338.6,320.6,303.6,279.9,268.9,263.4,263.6,268.3,267.5,262.4,261.4,263.6,271.1,286.7,296.7,306.5,316.8,334.0,335.5,336.6,334.4,331.9,296.6,291.2,290.3,294.3,297.2,298.1,292.7,288.1,288.3,292.6,294.6,294.6,366.5,355.8,351.0,352.4,350.4,354.4,363.1,368.5,370.6,371.3,371.4,370.7,365.4,359.9,359.7,359.0,362.7,360.7,361.5,361.6
404,0,28.326,0.98,1,18.3,57.3,481.4,-0.606,0.078,-0.010,266.3,266.3,267.6,270.1,275.8,286.6,301.9,321.1,342.8,364.2,382.9,398.3,408.1,412.4,413.8,414.1,413.5,279.7,287.9,301.0,315.0,327.5,344.7,357.2,370.9,384.2,393.8,337.2,337.4,337.7,337.9,324.4,331.9,339.1,346.2,352.8,294.2,301.5,309.9,318.0,310.2,301.8,356.4,364.5,372.9,380.6,373.2,364.9,313.6,323.5,333.4,339.7,346.4,356.9,367.9,357.9,348.4,341.1,334.5,324.4,318.4,333.9,340.2,347.1,362.8,347.3,340.3,334.1,299.8,314.4,329.7,345.1,358.4,367.1,370.6,371.2,371.7,371.1,368.4,363.7,354.6,340.8,324.6,309.1,294.7,263.4,251.6,244.9,243.9,248.3,246.5,242.2,243.0,247.6,256.9,260.4,264.9,269.1,273.9,294.7,295.3,295.3,294.3,293.3,274.0,268.4,267.3,270.5,272.3,273.4,269.5,265.5,266.5,270.7,270.9,270.4,324.5,310.2,304.4,305.7,304.6,310.1,322.6,323.0,322.3,322.5,322.6,323.9,322.7,313.0,312.6,312.7,321.0,314.7,314.6,314.9
405,0,28.426,0.93,1,19.6,55.4,495.4,-0.749,0.085,0.009,271.3,270.9,271.8,273.7,278.5,287.9,302.2,320.5,342.1,363.7,382.3,397.0,406.3,410.5,412.0,411.8,410.8,285.0,292.9,305.3,318.5,329.9,345.3,357.0,370.2,382.6,391.1,338.4,338.5,338.7,338.9,325.9,332.8,339.6,346.6,352.9,298.8,305.6,313.2,320.9,313.5,305.9,355.8,363.5,371.1,378.0,371.3,363.8,314.3,323.3,333.6,340.2,347.6,358.1,368.2,358.9,349.3,341.3,334.4,323.9,318.7,334.0,340.4,348.0,363.7,348.7,340.9,334.3,305.2,318.5,332.1,346.1,357.9,365.4,367.7,365.7,365.9,366.1,365.8,362.1,354.3,342.3,327.0,312.2,298.5,266.8,255.0,248.4,246.4,249.8,248.0,244.4,246.3,252.0,261.4,257.6,259.8,262.1,264.8,286.5,286.1,285.5,284.8,284.6,272.1,266.5,265.6,268.7,269.5,270.3,268.2,264.2,264.9,269.1,268.4,267.9,316.2,300.2,294.5,295.3,294.7,300.3,313.9,315.7,315.6,315.8,315.8,316.1,314.6,300.9,300.3,300.8,312.7,310.5,310.4,310.7
406,0,28.461,0.93,1,20.0,55.5,504.8,-0.818,0.087,0.016,272.9,272.3,273.0,274.8,279.1,288.2,302.4,320.4,341.6,362.9,381.4,396.1,405.5,410.0,411.6,411.6,410.8,286.1,294.2,306.7,319.5,330.5,345.4,356.9,369.8,382.0,390.8,338.4,338.5,338.6,338.6,326.3,332.9,339.4,346.0,352.0,299.4,306.2,313.7,321.3,314.0,306.4,355.7,363.5,370.9,377.7,371.2,363.7,315.7,324.3,333.7,340.0,347.2,356.7,366.1,357.4,348.8,341.0,334.4,324.8,320.0,334.0,340.2,347.5,361.8,348.1,340.5,334.3,308.5,320.9,333.9,347.0,357.7,363.6,363.7,359.6,359.5,360.8,362.2,360.1,354.3,343.9,329.8,315.5,302.2,269.8,258.3,252.0,249.2,251.6,249.4,245.9,248.2,253.8,262.9,258.7,260.4,262.0,264.2,285.4,284.6,283.8,283.2,283.1,273.9,268.2,267.0,269.9,270.7,271.7,269.5,265.4,266.0,270.1,269.3,268.8,311.4,296.5,291.6,292.3,292.0,296.8,309.0,309.4,309.2,309.4,309.4,309.9,309.5,297.5,296.9,297.6,307.5,304.8,304.7,305.0
407,0,28.526,0.93,1,20.8,57.0,514.7,-0.888,0.087,0.025,275.4,274.7,275.4,276.9,280.7,289.1,302.9,320.4,341.0,361.8,380.1,395.0,404.7,409.2,410.9,411.1,410.3,287.4,295.3,307.4,319.8,330.6,346.2,357.6,370.3,382.3,391.1,338.9,338.9,338.9,338.9,327.2,333.5,339.7,346.0,351.8,300.4,307.1,314.9,322.5,315.1,307.2,356.0,363.7,371.4,378.3,371.8,364.0,317.2,325.5,334.2,340.2,347.0,355.9,365.0,356.5,348.4,341.0,334.8,325.9,321.4,334.5,340.4,347.3,360.6,347.6,340.6,334.6,312.2,323.7,335.7,347.9,357.8,362.3,360.4,354.3,353.1,355.1,358.5,358.9,355.3,346.2,333.0,318.8,305.7,273.8,262.7,256.4,253.3,255.0,252.7,249.7,252.2,257.5,266.1,261.4,262.2,263.0,264.2,285.8,284.9,283.9,283.5,283.8,277.4,271.0,269.6,272.8,273.8,275.1,272.3,267.7,268.4,273.0,272.1,271.7,310.1,295.0,290.0,290.7,290.1,295.4,307.4,305.4,304.1,304.4,304.6,306.1,307.8,296.6,295.8,296.4,305.6,299.5,299.4,299.9
408,0,28.593,0.88,1,21.5,58.7,525.3,-0.940,0.089,0.040,277.2,276.6,277.3,278.7,282.0,289.7,302.9,319.9,339.8,360.2,378.5,393.5,403.4,408.3,410.3,410.8,410.3,288.8,296.8,308.7,320.8,331.5,346.9,358.2,370.7,382.6,391.4,339.7,339.7,339.6,339.5,328.0,334.1,340.0,346.1,351.8,301.8,308.3,316.1,323.5,316.2,308.3,356.5,363.8,371.6,378.5,372.0,364.3,318.2,326.3,334.5,340.1,346.5,354.9,363.7,355.2,347.5,340.6,334.7,326.5,322.3,334.7,340.2,346.7,359.4,346.9,340.3,334.7,315.2,325.8,337.0,348.4,357.1,360.0,356.0,348.2,346.3,349.1,354.9,357.6,356.0,348.4,336.0,322.1,309.4,276.5,265.7,259.5,256.0,256.8,254.9,252.4,254.9,260.0,268.2,263.3,264.0,264.5,265.4,286.4,285.4,284.3,284.0,284.1,279.5,273.0,271.5,274.7,275.6,277.0,274.1,269.6,270.4,275.1,274.1,273.6,309.2,295.0,290.2,290.8,290.3,295.5,306.9,303.6,302.0,302.2,302.5,304.5,306.7,296.5,295.6,296.3,304.9,297.7,297.5,298.1
409,0,28.660,0.93,1,22.7,61.6,536.4,-0.936,0.086,0.047,278.2,277.5,278.2,279.6,283.1,291.0,304.2,320.7,340.2,359.9,377.7,392.5,402.7,407.9,410.1,410.9,410.6,290.4,298.5,310.1,322.0,332.4,348.2,359.4,371.5,383.1,391.7,340.7,340.6,340.5,340.3,328.8,334.7,340.7,346.8,352.5,303.4,309.8,317.4,324.4,317.5,309.8,357.3,364.2,371.8,378.5,372.2,364.8,318.9,327.4,335.5,340.8,347.0,355.2,364.1,355.5,347.8,341.3,335.6,327.6,323.0,335.6,340.9,347.2,360.0,347.3,341.0,335.6,316.3,326.7,337.7,348.9,356.9,359.1,354.2,346.2,344.5,347.5,354.1,357.7,356.8,349.9,337.9,324.2,311.9,277.5,267.1,261.2,257.8,258.3,256.5,254.2,256.6,261.5,269.6,265.2,266.6,267.7,269.2,288.8,287.9,286.9,286.6,286.6,280.6,274.3,272.8,276.2,276.8,278.2,275.4,271.0,271.6,276.4,275.4,274.9,311.2,298.1,293.7,294.1,293.6,298.7,309.4,305.2,303.0,303.1,303.5,305.9,308.8,299.4,298.5,299.1,307.4,299.1,298.9,299.6
410,0,28.732,0.88,1,24.7,66.5,543.6,-0.857,0.080,0.043,278.7,278.3,279.3,281.1,285.2,293.6,306.4,322.8,342.0,361.5,379.3,394.1,403.8,408.7,411.0,411.8,411.9,291.8,299.9,311.7,323.6,334.0,349.5,360.5,372.6,384.4,393.3,342.6,342.5,342.4,342.3,329.9,336.4,342.7,349.2,355.2,304.7,311.2,318.8,325.6,318.6,311.0,359.3,366.0,373.6,380.3,373.9,366.5,320.8,329.8,337.3,342.6,348.4,356.4,365.7,356.5,349.0,342.8,337.4,330.1,324.9,337.3,342.7,348.7,361.3,348.6,342.6,337.5,316.8,327.1,338.2,349.5,358.2,361.2,357.7,351.1,349.0,351.3,356.9,360.7,359.0,351.0,338.7,325.2,313.5,276.0,265.8,260.0,258.2,260.4,258.3,255.6,257.2,262.2,270.7,269.2,272.0,274.3,277.1,295.6,295.3,294.6,294.2,293.9,283.1,277.0,275.7,279.1,280.0,281.2,278.6,274.6,275.5,280.4,279.5,278.8,317.8,305.3,301.0,301.8,301.2,306.7,318.0,309.9,305.6,305.2,305.7,309.7,315.1,307.2,306.5,307.1,315.3,301.6,301.1,301.8
411,0,28.798,0.88,1,26.4,71.3,548.7,-0.947,0.100,0.064,280.7,280.1,280.5,281.7,285.2,293.5,306.0,323.0,342.5,362.3,381.2,396.6,406.3,410.4,412.0,413.1,413.6,292.2,301.5,313.5,325.3,335.6,352.6,363.5,375.4,387.4,397.6,344.4,344.1,343.8,343.3,331.2,337.7,343.7,349.9,355.8,305.0,311.9,319.9,327.1,319.5,311.7,362.4,369.9,378.0,385.1,378.1,370.2,320.5,329.7,337.7,343.2,348.9,357.2,366.7,357.2,349.3,343.2,337.5,329.7,324.9,337.6,343.1,349.0,361.7,349.0,343.1,337.7,321.1,331.2,341.9,353.0,361.8,363.9,360.0,353.1,351.0,354.0,359.5,363.3,360.5,350.3,337.4,324.6,313.3,280.8,271.6,266.3,265.1,267.8,264.9,262.5,263.6,267.5,274.5,276.1,277.2,278.0,279.1,297.7,298.3,298.0,297.6,297.5,292.0,286.2,285.1,287.6,289.1,290.2,286.9,284.0,285.5,289.8,289.0,287.8,318.9,304.9,300.7,301.8,301.5,306.9,318.9,311.4,307.7,307.3,307.5,311.2,316.1,307.1,306.7,307.4,315.9,303.8,303.0,303.4
412,0,28.860,0.98,1,29.8,99.6,522.6,-0.332,0.064,-0.062,276.9,278.4,281.2,285.6,293.1,304.8,318.9,335.8,354.8,373.1,388.7,401.4,409.4,412.9,414.1,414.6,414.2,289.6,297.3,309.4,322.5,334.4,354.9,366.3,378.3,389.9,398.5,346.4,347.1,347.9,348.7,335.5,342.7,349.7,356.5,362.6,304.5,311.5,319.6,327.0,319.8,311.9,364.4,371.7,379.8,386.7,380.2,372.3,326.3,335.5,344.5,350.8,357.3,366.7,375.7,367.7,359.3,352.3,345.6,336.3,330.6,345.0,351.3,358.0,371.3,358.1,351.4,345.1,317.9,335.0,352.2,368.8,383.4,395.0,403.1,408.8,409.8,406.5,397.9,387.0,373.1,356.9,339.8,323.5,308.1,291.2,281.1,276.0,276.4,280.7,279.4,274.4,273.2,275.6,283.1,296.7,305.3,313.7,322.6,337.5,338.8,339.9,337.9,335.8,305.8,301.6,300.8,303.5,306.1,306.9,301.4,298.0,298.2,301.3,303.1,303.2,366.7,357.4,353.0,354.2,352.4,355.9,363.4,368.7,370.9,371.6,371.7,370.9,365.7,360.7,360.5,359.8,363.1,362.0,362.8,362.9
413,0,28.960,0.98,1,25.4,116.6,505.3,-0.123,0.066,-0.073,270.6,272.9,276.6,281.6,289.7,302.1,316.6,333.5,352.1,370.0,385.4,398.4,407.6,412.2,414.0,415.1,415.3,281.6,288.9,301.4,315.2,328.3,352.6,365.4,378.1,390.5,399.6,342.2,343.1,343.9,344.8,331.2,338.6,345.9,353.2,359.7,297.8,305.2,313.8,321.8,314.2,305.7,362.0,369.7,378.4,386.0,379.0,370.5,322.6,331.8,340.7,347.2,353.9,363.7,373.2,364.8,356.1,348.8,341.9,332.7,327.1,341.3,347.8,354.7,368.6,354.8,347.9,341.3,322.8,341.3,359.4,377.2,394.1,408.8,420.4,429.4,431.1,426.5,415.7,403.0,388.2,371.3,353.4,335.5,317.7,309.2,299.1,294.7,295.5,299.6,297.8,292.4,290.3,292.0,299.0,316.9,327.9,338.8,350.2,361.5,363.3,364.8,362.2,359.3,323.5,319.9,319.0,321.7,324.8,325.6,318.9,315.1,315.0,317.4,320.4,320.8,389.7,383.3,379.7,381.0,378.8,381.1,385.5,392.8,396.3,397.7,397.8,396.1,389.3,386.8,386.8,385.6,386.0,386.8,388.1,388.2
414,0,29.098,0.98,1,17.5,119.8,492.9,-0.016,0.152,-0.061,266.7,268.5,271.8,276.5,284.1,296.0,309.6,325.2,344.0,363.3,380.6,395.3,405.4,410.7,412.8,414.4,415.2,276.6,283.7,295.6,308.8,321.4,347.0,360.7,374.2,387.0,396.1,335.2,334.9,334.6,334.4,321.6,328.9,336.1,343.6,350.4,291.3,298.6,307.3,314.8,307.2,298.7,356.6,364.5,373.5,381.3,373.9,365.1,313.0,321.5,330.0,336.5,343.5,353.6,363.7,354.1,344.7,337.1,330.0,321.6,317.2,330.4,337.0,344.2,359.0,343.9,336.7,330.1,322.4,341.6,360.2,378.9,396.9,413.0,426.1,436.1,437.9,432.6,420.3,406.4,390.5,373.0,354.8,336.5,318.2,310.9,301.7,298.1,299.9,304.5,303.7,299.0,297.2,299.6,307.1,322.9,335.0,347.0,359.5,368.8,371.1,373.1,370.9,368.3,326.1,323.0,322.7,326.2,328.9,329.1,325.1,321.6,321.8,324.4,327.6,327.7,396.0,391.0,388.2,390.0,388.1,390.5,394.4,401.9,405.0,406.0,405.5,403.0,396.0,395.2,395.7,394.8,394.9,395.4,396.5,396.1
415,0,29.165,0.98,1,17.2,122.5,490.8,0.011,0.153,-0.057,266.2,268.1,271.4,276.1,283.6,295.3,308.6,324.1,342.7,362.1,379.8,394.9,405.4,411.0,413.4,415.1,416.0,275.8,282.9,295.0,308.4,321.2,347.0,360.5,373.7,386.6,395.9,335.3,334.9,334.6,334.3,321.4,328.7,336.0,343.6,350.5,290.9,298.3,307.1,314.7,307.0,298.4,356.9,364.8,374.0,381.8,374.3,365.5,312.5,321.2,329.8,336.4,343.5,353.6,363.8,354.0,344.5,336.8,329.7,321.2,316.7,330.1,336.8,344.1,359.0,343.7,336.4,329.8,324.0,343.1,361.5,380.1,398.2,414.6,428.2,438.8,440.9,435.9,423.6,409.5,393.6,375.9,357.5,339.1,320.6,313.1,304.0,300.8,303.0,308.0,307.5,302.8,301.0,303.0,310.2,326.4,338.8,351.1,363.8,372.4,374.9,377.0,374.9,372.3,328.6,325.7,325.5,329.1,331.8,331.8,328.5,325.0,325.3,327.9,331.1,331.2,399.1,394.5,392.1,394.0,392.1,394.4,398.1,405.7,408.9,409.9,409.3,406.6,399.3,399.0,399.6,398.7,398.7,399.3,400.3,399.8
416,0,29.231,0.98,1,18.5,125.7,489.8,0.026,0.135,-0.049,266.3,268.3,271.6,276.2,283.7,295.6,309.1,324.7,343.3,362.7,380.2,395.2,405.7,411.3,413.9,415.9,417.0,276.6,283.8,296.1,309.8,323.0,349.0,362.8,376.1,388.9,398.0,337.2,336.9,336.6,336.4,322.9,330.3,337.7,345.5,352.4,292.0,299.5,308.4,316.0,308.2,299.5,358.7,366.6,375.8,383.6,376.1,367.2,313.5,322.6,331.5,338.1,345.3,355.4,365.6,355.8,346.2,338.4,331.3,322.5,317.8,331.7,338.5,345.9,360.8,345.5,338.1,331.4,324.8,344.2,362.9,381.6,400.1,416.8,430.7,441.5,443.9,438.8,426.4,412.3,396.5,379.0,361.0,342.8,324.4,316.8,307.7,304.3,306.4,311.4,311.0,306.5,304.9,307.1,314.4,329.9,342.5,355.1,368.0,376.2,378.8,381.0,378.8,376.2,331.8,328.9,328.7,332.5,335.1,335.1,331.9,328.4,328.7,331.4,334.6,334.6,402.6,398.5,396.2,398.1,396.2,398.3,401.6,409.3,412.7,413.7,413.1,410.3,402.9,402.9,403.5,402.6,402.3,403.1,404.2,403.6
417,0,29.299,0.98,1,19.3,126.9,489.6,0.033,0.126,-0.044,266.8,268.6,271.8,276.3,283.9,295.8,309.5,325.2,343.9,363.1,380.3,395.1,405.7,411.5,414.2,416.2,417.5,277.4,284.6,297.0,310.7,323.8,350.4,364.3,377.6,390.3,399.2,338.1,337.9,337.6,337.5,323.8,331.2,338.6,346.4,353.4,292.8,300.4,309.3,316.9,309.2,300.4,359.5,367.4,376.6,384.4,377.0,368.1,314.3,323.5,332.3,339.0,346.3,356.3,366.2,356.7,347.2,339.4,332.2,323.5,318.6,332.6,339.4,346.8,361.5,346.5,339.1,332.3,325.5,344.9,363.5,382.2,400.8,417.6,431.7,442.6,445.0,440.0,427.7,413.8,398.1,380.8,362.8,344.6,326.1,317.6,308.6,305.3,307.5,312.5,312.1,307.6,305.9,308.3,315.6,331.4,344.1,356.8,369.9,377.7,380.4,382.7,380.4,377.7,333.0,330.1,330.0,333.8,336.3,336.4,333.3,329.7,330.0,332.7,335.9,335.9,404.0,400.0,397.7,399.6,397.8,399.7,402.9,410.7,414.1,415.2,414.6,411.8,404.3,404.4,405.0,404.1,403.7,404.6,405.7,405.2
418,0,29.365,0.98,1,19.7,126.4,489.6,0.014,0.120,-0.036,267.3,268.8,271.9,276.4,283.9,295.8,309.5,325.4,344.1,363.1,380.0,394.7,405.3,411.4,414.3,416.4,417.7,278.2,285.7,297.9,311.4,324.3,351.5,365.3,378.5,391.1,399.9,338.7,338.5,338.3,338.1,324.3,331.7,339.1,346.9,353.9,293.3,300.9,309.8,317.5,309.7,300.9,360.0,367.9,377.1,384.9,377.5,368.6,314.7,323.9,332.8,339.5,346.6,356.7,366.6,357.1,347.6,339.8,332.6,323.9,319.0,333.0,339.8,347.2,362.0,346.9,339.5,332.8,325.3,344.5,363.2,382.0,400.5,417.4,431.5,442.6,445.1,440.3,428.5,414.8,399.3,382.1,363.9,345.4,326.6,316.7,307.8,304.6,306.6,311.3,310.9,306.5,305.0,307.6,314.9,330.4,343.2,356.0,369.1,377.0,379.6,382.0,379.7,377.0,332.4,329.4,329.2,333.0,335.6,335.7,332.5,328.9,329.2,331.9,335.1,335.1,403.5,399.3,397.0,398.8,397.0,399.0,402.4,410.1,413.5,414.5,413.9,411.1,403.8,403.7,404.3,403.4,403.1,403.9,405.0,404.4
419,0,29.432,0.98,1,20.2,125.9,490.2,0.012,0.116,-0.035,267.4,268.9,271.9,276.4,284.0,296.0,309.8,325.8,344.5,363.3,380.2,394.8,405.5,411.5,414.4,416.6,417.9,278.5,286.2,298.6,312.1,324.9,352.0,365.8,379.0,391.6,400.4,339.2,339.0,338.8,338.7,324.8,332.2,339.7,347.4,354.4,293.7,301.3,310.3,317.9,310.1,301.3,360.4,368.4,377.6,385.3,377.9,369.0,315.2,324.4,333.3,340.0,347.2,357.3,367.1,357.6,348.2,340.4,333.2,324.4,319.5,333.5,340.4,347.7,362.4,347.5,340.1,333.3,324.5,343.8,362.7,381.5,400.2,417.1,431.1,442.1,444.6,439.9,428.1,414.5,399.0,381.7,363.5,344.9,326.1,315.8,307.0,303.9,305.9,310.7,310.3,305.8,304.3,306.8,314.0,329.8,342.5,355.1,368.1,376.2,378.8,381.1,378.9,376.2,331.8,328.7,328.6,332.4,335.1,335.1,332.0,328.3,328.6,331.3,334.6,334.6,402.9,398.6,396.2,398.0,396.2,398.2,401.7,409.3,412.7,413.7,413.2,410.5,403.2,402.9,403.5,402.6,402.4,403.2,404.3,403.7
420,0,29.498,0.98,1,20.5,125.6,489.9,0.015,0.113,-0.037,267.5,269.1,272.2,276.6,284.2,296.2,310.1,326.1,344.8,363.6,380.5,395.1,405.8,411.9,414.8,416.9,418.3,278.6,286.3,298.8,312.3,325.3,352.3,366.0,379.1,391.6,400.6,339.6,339.5,339.4,339.3,325.4,332.8,340.2,348.0,354.9,293.9,301.6,310.6,318.3,310.4,301.6,360.9,368.8,378.1,385.8,378.4,369.5,315.5,324.9,333.9,340.6,347.8,357.8,367.7,358.2,348.7,340.9,333.7,324.9,319.9,334.1,340.9,348.3,363.0,348.0,340.6,333.8,324.3,343.8,362.6,381.5,400.1,417.0,431.0,441.9,444.3,439.7,427.9,414.3,398.7,381.4,363.0,344.4,325.6,315.7,306.8,303.6,305.7,310.4,310.0,305.5,303.9,306.1,313.3,329.5,342.2,354.9,367.9,376.1,378.7,381.0,378.7,376.0,331.7,328.6,328.5,332.3,335.0,335.0,331.7,328.0,328.2,331.0,334.3,334.4,402.7,398.4,396.0,397.9,396.0,398.0,401.5,409.1,412.5,413.6,413.0,410.3,403.0,402.8,403.3,402.4,402.2,403.0,404.1,403.6
421,0,29.565,0.98,1,21.1,125.5,489.6,0.015,0.110,-0.038,267.8,269.4,272.4,276.9,284.4,296.4,310.4,326.6,345.3,364.3,381.1,395.7,406.4,412.4,415.3,417.4,418.6,279.0,286.6,299.0,312.6,325.5,353.0,366.6,379.5,392.0,401.0,340.1,340.0,340.0,340.0,325.9,333.4,340.9,348.6,355.6,294.4,302.0,311.0,318.7,310.9,302.0,361.5,369.4,378.7,386.4,379.1,370.1,316.1,325.6,334.6,341.4,348.6,358.6,368.5,359.0,349.6,341.8,334.6,325.6,320.5,334.8,341.7,349.1,363.8,348.8,341.5,334.6,324.5,344.0,362.7,381.5,400.2,417.1,431.1,442.1,444.5,439.8,428.0,414.3,398.7,381.3,362.9,344.2,325.3,315.7,306.8,303.6,305.6,310.3,309.8,305.3,303.7,305.9,313.0,329.5,342.2,354.9,368.0,376.2,378.8,381.1,378.7,376.0,331.7,328.6,328.4,332.2,335.0,335.0,331.6,327.9,328.1,330.9,334.1,334.2,402.8,398.6,396.2,398.0,396.1,398.0,401.4,409.1,412.5,413.6,413.1,410.5,403.1,402.9,403.4,402.5,402.1,403.0,404.2,403.7
422,0,29.632,0.98,1,21.4,125.4,489.0,0.015,0.108,-0.038,267.9,269.5,272.5,277.0,284.6,296.7,310.8,327.0,345.8,364.7,381.5,396.1,406.7,412.7,415.5,417.6,418.8,279.4,287.1,299.6,313.2,326.1,353.4,366.9,379.9,392.3,401.2,340.6,340.5,340.4,340.4,326.4,333.8,341.3,349.0,356.0,294.7,302.3,311.4,319.1,311.2,302.4,361.9,369.8,379.0,386.7,379.4,370.5,316.5,326.0,335.0,341.8,348.9,358.9,368.7,359.3,349.9,342.2,335.0,326.0,321.0,335.2,342.1,349.4,364.0,349.2,341.8,335.0,324.3,343.8,362.7,381.6,400.3,417.3,431.3,442.2,444.6,439.9,428.0,414.3,398.7,381.3,362.9,344.3,325.4,315.6,306.7,303.5,305.5,310.2,309.7,305.2,303.7,305.8,312.9,329.4,342.2,354.9,368.0,376.2,378.8,381.1,378.8,376.0,331.7,328.6,328.4,332.2,334.9,335.0,331.5,327.8,328.0,330.8,334.1,334.2,403.0,398.7,396.2,398.0,396.1,398.1,401.5,409.1,412.6,413.7,413.2,410.6,403.2,403.0,403.5,402.6,402.3,403.1,404.2,403.7
423,0,29.698,0.98,1,21.6,125.2,488.0,0.012,0.106,-0.037,267.9,269.5,272.5,277.0,284.6,296.8,310.8,327.2,346.0,364.9,381.8,396.3,407.0,412.9,415.7,417.8,419.1,279.5,287.2,299.7,313.3,326.3,353.7,367.3,380.3,392.7,401.7,340.8,340.7,340.7,340.7,326.6,334.0,341.6,349.3,356.3,294.9,302.5,311.6,319.3,311.4,302.6,362.2,370.1,379.3,387.1,379.7,370.8,316.7,326.3,335.3,342.1,349.2,359.2,369.0,359.6,350.3,342.5,335.2,326.3,321.2,335.5,342.4,349.7,364.4,349.5,342.1,335.3,324.2,343.7,362.6,381.6,400.3,417.4,431.4,442.4,444.8,440.1,428.3,414.6,399.1,381.6,363.2,344.5,325.5,315.5,306.6,303.4,305.4,310.1,309.6,305.1,303.5,305.6,312.7,329.3,342.1,354.9,368.0,376.2,378.8,381.1,378.8,375.9,331.7,328.6,328.5,332.1,334.9,334.9,331.5,327.8,328.0,330.7,334.0,334.1,403.0,398.7,396.3,398.1,396.2,398.2,401.5,409.2,412.6,413.8,413.3,410.7,403.3,403.1,403.6,402.6,402.3,403.1,404.2,403.8
424,0,29.765,0.98,1,21.6,125.5,486.5,-0.007,0.099,-0.035,267.9,269.2,271.9,276.4,284.3,296.8,311.0,327.3,346.1,365.2,382.0,396.7,407.2,413.1,415.7,417.9,419.2,279.3,287.4,299.7,313.2,326.0,354.0,367.5,380.3,392.6,401.9,340.9,340.8,340.7,340.7,326.2,334.0,341.7,349.5,356.6,293.9,301.8,310.8,318.9,310.7,301.9,362.4,370.9,380.2,388.1,380.4,371.4,316.5,326.2,335.2,342.1,349.3,359.4,369.4,359.8,350.3,342.5,335.3,326.3,321.0,335.5,342.4,349.8,364.6,349.6,342.2,335.3,324.8,344.3,363.2,382.2,400.9,417.9,431.9,443.0,445.5,440.6,428.8,415.1,399.5,382.0,363.5,344.8,326.1,315.5,306.6,303.5,305.6,310.3,309.9,305.4,303.8,305.7,312.6,331.0,343.1,355.1,367.6,376.7,379.2,381.4,379.1,376.3,334.1,331.8,331.5,334.5,337.3,337.6,333.8,330.8,331.2,333.2,336.5,336.6,403.6,399.0,396.4,398.1,396.1,398.3,401.8,409.6,413.1,414.3,413.9,411.4,403.8,403.5,403.9,403.0,402.5,403.4,404.6,404.2
425,0,29.832,0.98,1,21.2,125.8,487.5,0.014,0.103,-0.043,266.7,268.4,271.6,276.2,284.1,296.6,310.7,327.2,346.1,365.1,382.0,396.7,407.4,413.4,415.9,417.8,418.9,278.2,286.4,298.9,312.4,325.3,353.1,367.0,380.0,392.4,401.4,340.1,340.2,340.4,340.6,326.2,333.8,341.4,349.2,356.2,293.5,301.1,310.1,317.8,309.9,301.2,361.7,369.5,378.7,386.4,379.0,370.2,316.3,326.0,335.2,342.0,349.3,359.4,369.4,359.9,350.4,342.6,335.2,326.2,320.8,335.4,342.4,349.8,364.7,349.6,342.2,335.2,324.9,344.4,363.5,382.6,401.5,418.6,432.6,443.8,446.3,441.5,429.4,415.5,399.8,382.2,363.7,344.8,325.9,315.6,306.9,303.8,305.5,309.9,309.4,305.0,303.6,305.7,312.6,330.4,342.8,355.2,368.1,376.9,379.4,381.7,379.3,376.4,333.5,330.7,330.3,333.4,336.5,336.6,332.5,329.3,329.5,331.9,335.1,335.2,404.3,399.6,397.0,398.7,396.8,398.6,402.1,410.0,413.6,414.8,414.4,411.8,404.4,404.0,404.4,403.3,402.8,404.0,405.2,404.9
426,0,29.898,0.98,1,20.9,124.3,483.1,0.012,0.103,-0.046,266.5,268.3,271.5,276.3,284.1,296.6,310.9,327.3,346.2,365.4,382.3,396.9,407.6,413.6,416.2,417.8,418.6,278.1,286.1,298.6,312.2,325.1,352.8,366.5,379.4,391.8,400.6,340.0,340.1,340.2,340.5,326.1,333.7,341.3,349.2,356.2,293.4,300.9,309.9,317.6,309.8,301.1,361.4,369.2,378.3,386.0,378.7,369.9,316.4,325.9,335.1,342.0,349.3,359.5,369.2,360.0,350.5,342.6,335.2,326.1,320.8,335.4,342.4,349.9,364.6,349.7,342.2,335.2,325.0,344.6,363.7,382.9,401.9,419.0,433.1,444.1,446.5,441.6,429.3,415.3,399.5,381.9,363.5,344.8,325.9,315.1,306.5,303.3,305.3,309.9,309.2,304.7,303.1,305.1,312.0,329.2,342.3,355.2,368.6,376.8,379.4,381.8,379.3,376.3,331.8,328.7,328.4,331.9,334.6,334.8,330.9,327.3,327.5,330.2,333.2,333.3,404.2,399.7,397.2,398.9,396.9,398.7,402.1,410.0,413.6,414.9,414.4,411.8,404.4,403.9,404.4,403.3,402.9,404.0,405.3,404.9
427,0,29.965,0.98,1,20.8,123.4,481.8,0.004,0.105,-0.045,266.3,268.0,271.4,276.2,284.2,296.7,311.0,327.4,346.3,365.5,382.4,397.0,407.6,413.5,416.2,417.8,418.6,277.8,285.8,298.5,312.1,325.2,352.7,366.3,379.3,391.8,400.6,340.0,340.0,340.1,340.3,326.0,333.6,341.2,349.0,356.0,293.3,300.9,309.9,317.7,309.8,300.9,361.4,369.2,378.5,386.2,378.9,370.0,316.2,325.8,335.0,341.9,349.2,359.3,369.2,359.8,350.3,342.4,335.1,326.0,320.7,335.3,342.3,349.8,364.5,349.6,342.1,335.2,324.4,344.3,363.6,383.0,402.1,419.2,433.2,444.1,446.3,441.4,429.1,415.1,399.3,381.7,363.3,344.6,325.8,314.5,305.6,302.3,304.3,309.0,308.5,303.9,302.3,304.4,311.4,328.3,341.4,354.4,367.8,376.2,378.9,381.2,378.7,375.7,330.8,327.4,327.2,331.1,333.8,333.9,330.2,326.2,326.4,329.4,332.6,332.7,403.7,399.1,396.6,398.3,396.4,398.2,401.7,409.4,413.0,414.2,413.8,411.2,403.9,403.4,403.8,402.8,402.5,403.5,404.7,404.3
428,0,30.030,0.98,1,20.6,122.8,481.1,0.007,0.106,-0.046,265.8,267.7,271.2,276.0,284.0,296.5,310.9,327.3,346.3,365.4,382.4,397.0,407.6,413.5,416.1,417.8,418.6,277.4,285.4,298.1,311.8,324.9,352.6,366.3,379.3,391.8,400.7,339.8,339.9,340.0,340.2,325.9,333.4,341.0,348.9,355.9,293.0,300.6,309.7,317.5,309.6,300.6,361.3,369.0,378.3,386.0,378.8,369.8,316.1,325.6,334.8,341.7,349.0,359.2,369.1,359.7,350.2,342.3,334.9,325.8,320.5,335.2,342.2,349.6,364.3,349.4,341.9,335.0,323.7,343.7,363.2,382.7,401.8,419.0,432.9,443.8,446.0,441.1,428.8,414.8,399.0,381.4,362.9,344.1,325.2,314.0,305.0,301.7,303.6,308.3,307.7,303.1,301.5,303.6,310.7,327.6,340.8,353.9,367.4,375.8,378.5,380.8,378.3,375.3,330.2,326.7,326.5,330.5,333.3,333.4,329.5,325.5,325.6,328.6,331.9,332.0,403.5,398.8,396.2,397.9,396.0,397.8,401.4,409.2,412.8,414.0,413.5,411.0,403.7,403.1,403.5,402.4,402.2,403.1,404.4,404.0
429,0,30.098,0.98,1,20.5,122.8,481.1,0.002,0.105,-0.046,265.7,267.6,271.0,275.8,283.7,296.2,310.6,327.2,346.2,365.3,382.2,396.8,407.5,413.4,416.0,417.7,418.5,277.1,285.1,297.8,311.6,324.7,352.3,366.1,379.3,391.8,400.7,339.6,339.7,339.8,340.1,325.7,333.3,340.9,348.8,355.8,292.8,300.4,309.5,317.3,309.4,300.4,361.1,368.9,378.2,386.0,378.7,369.7,315.9,325.5,334.7,341.6,348.9,359.1,369.0,359.7,350.2,342.3,334.9,325.7,320.4,335.1,342.1,349.6,364.3,349.4,341.9,334.9,324.3,344.1,363.5,382.8,401.8,418.9,432.9,443.8,446.0,441.1,428.9,414.9,399.1,381.5,362.9,344.1,325.2,314.0,304.9,301.6,303.5,308.2,307.6,302.9,301.3,303.5,310.7,327.6,340.8,353.8,367.3,375.8,378.4,380.7,378.3,375.2,330.3,326.7,326.5,330.5,333.3,333.4,329.5,325.4,325.5,328.6,331.8,332.0,403.5,398.7,396.1,397.9,395.9,397.8,401.3,409.1,412.7,413.9,413.5,411.0,403.7,403.0,403.5,402.4,402.1,403.1,404.4,404.0
430,0,30.162,0.98,1,20.4,122.7,480.6,-0.000,0.104,-0.047,265.5,267.5,271.0,275.7,283.6,296.2,310.5,327.1,346.1,365.3,382.2,396.8,407.5,413.3,416.0,417.7,418.5,276.7,284.5,297.3,311.3,324.6,352.1,365.9,379.2,391.9,400.8,339.5,339.6,339.8,340.0,325.7,333.3,340.9,348.8,355.8,292.7,300.3,309.5,317.3,309.4,300.4,361.0,368.8,378.2,385.9,378.6,369.6,315.9,325.5,334.7,341.6,348.9,359.2,369.1,359.7,350.2,342.3,334.9,325.7,320.4,335.0,342.1,349.6,364.3,349.4,341.9,334.9,324.4,344.3,363.6,382.9,401.9,419.0,433.0,443.9,446.2,441.2,428.9,415.0,399.1,381.5,363.0,344.1,325.2,314.5,305.2,301.6,303.5,308.3,307.7,302.9,301.3,303.5,310.9,327.7,340.8,353.9,367.3,375.9,378.5,380.7,378.3,375.2,330.4,326.8,326.5,330.6,333.4,333.5,329.5,325.4,325.5,328.6,331.8,332.0,403.6,398.8,396.2,397.9,395.9,397.8,401.4,409.2,412.8,414.0,413.6,411.1,403.7,403.1,403.5,402.4,402.2,403.1,404.4,404.0
431,0,30.232,0.98,1,20.4,121.8,480.2,-0.012,0.102,-0.048,265.3,267.4,270.9,275.7,283.6,296.1,310.6,327.2,346.3,365.4,382.3,396.9,407.5,413.3,415.9,417.6,418.4,276.5,284.2,297.0,310.9,324.3,352.1,366.0,379.2,391.9,400.8,339.4,339.6,339.8,340.1,325.8,333.4,341.0,348.8,355.9,292.6,300.2,309.4,317.3,309.3,300.3,360.9,368.7,378.1,385.9,378.6,369.6,315.8,325.5,334.8,341.7,349.1,359.4,369.4,360.0,350.4,342.4,335.0,325.7,320.4,335.1,342.2,349.7,364.6,349.5,342.0,335.0,324.2,344.1,363.5,382.7,401.6,418.6,432.5,443.4,445.7,440.8,428.6,414.7,398.9,381.2,362.6,343.7,324.7,314.0,304.5,300.8,302.6,307.3,306.6,301.9,300.3,302.5,309.9,326.7,339.8,352.8,366.2,375.0,377.6,379.8,377.3,374.2,329.6,325.9,325.7,329.7,332.6,332.7,328.6,324.3,324.4,327.6,330.9,331.0,402.6,397.8,395.2,396.9,394.9,396.8,400.4,408.3,411.9,413.1,412.7,410.2,402.8,402.1,402.5,401.4,401.1,402.2,403.5,403.1
432,0,30.299,0.98,1,20.3,121.4,480.8,-0.016,0.103,-0.050,265.3,267.3,270.9,275.7,283.6,296.1,310.6,327.3,346.4,365.5,382.3,396.9,407.4,413.2,415.8,417.4,418.2,276.5,284.3,297.1,310.9,324.1,351.8,365.4,378.5,391.1,400.1,339.2,339.4,339.6,339.9,325.7,333.2,340.9,348.7,355.6,292.5,300.0,309.3,317.1,309.2,300.1,360.7,368.5,377.9,385.7,378.4,369.4,315.9,325.5,334.7,341.6,348.9,359.2,369.1,359.8,350.3,342.4,335.0,325.8,320.4,335.1,342.1,349.6,364.3,349.4,341.9,334.9,324.1,344.0,363.2,382.4,401.3,418.2,431.9,442.6,444.8,440.0,427.9,414.2,398.4,380.8,362.2,343.3,324.4,313.2,303.9,300.4,302.1,306.8,306.2,301.4,299.8,301.9,309.0,326.1,339.2,352.2,365.6,374.5,377.0,379.1,376.7,373.7,329.1,325.3,325.1,329.2,332.1,332.2,328.1,323.8,323.9,327.0,330.4,330.6,402.2,397.3,394.6,396.3,394.3,396.2,399.9,407.6,411.1,412.3,412.0,409.6,402.3,401.5,401.9,400.8,400.6,401.5,402.7,402.4
433,0,30.364,0.98,1,20.2,121.4,480.3,-0.015,0.102,-0.052,265.0,267.2,270.9,275.7,283.6,296.1,310.6,327.3,346.4,365.5,382.4,397.0,407.5,413.2,415.7,417.4,418.1,276.0,283.7,296.6,310.7,324.2,351.3,365.3,378.7,391.5,400.6,339.1,339.3,339.5,339.8,325.6,333.2,340.8,348.7,355.7,292.3,299.8,309.1,317.0,309.1,300.0,360.6,368.4,377.9,385.7,378.4,369.3,315.8,325.5,334.7,341.6,348.9,359.1,369.2,359.8,350.2,342.3,335.0,325.8,320.4,335.1,342.1,349.5,364.4,349.4,341.9,334.9,324.1,344.1,363.5,382.7,401.6,418.4,432.1,442.8,444.9,440.0,427.9,413.9,398.1,380.3,361.6,342.7,323.7,313.9,304.3,300.5,302.2,306.9,306.2,301.4,299.8,302.0,309.5,326.3,339.3,352.2,365.5,374.6,377.0,379.2,376.7,373.7,329.5,325.7,325.4,329.6,332.5,332.7,328.3,323.9,324.0,327.2,330.5,330.8,402.4,397.5,394.7,396.5,394.4,396.3,399.9,407.7,411.3,412.5,412.1,409.7,402.5,401.7,402.0,400.9,400.7,401.6,402.9,402.6
434,0,30.432,0.98,1,20.4,121.6,480.4,-0.010,0.102,-0.053,265.1,267.2,270.9,275.7,283.6,296.2,310.7,327.5,346.6,365.8,382.7,397.2,407.7,413.3,415.8,417.4,418.1,276.2,283.8,296.6,310.7,324.1,351.6,365.4,378.7,391.5,400.4,339.2,339.4,339.6,339.9,325.7,333.3,341.0,348.8,355.8,292.4,300.0,309.3,317.1,309.2,300.1,360.7,368.5,378.0,385.8,378.5,369.4,315.9,325.6,334.9,341.8,349.0,359.3,369.3,359.9,350.4,342.5,335.1,325.9,320.4,335.3,342.3,349.7,364.5,349.5,342.1,335.1,324.1,344.1,363.5,382.8,401.6,418.5,432.2,442.9,445.0,440.0,427.7,413.7,397.9,380.2,361.5,342.7,323.8,314.0,304.4,300.6,302.3,307.0,306.4,301.6,300.0,302.2,309.6,326.5,339.5,352.4,365.8,374.8,377.3,379.4,377.0,373.9,329.6,325.9,325.6,329.7,332.6,332.8,328.5,324.1,324.2,327.4,330.7,331.0,402.5,397.7,395.0,396.7,394.6,396.5,400.0,407.9,411.5,412.7,412.4,409.9,402.6,401.9,402.3,401.1,400.8,401.9,403.2,402.8
435,0,30.499,0.98,1,20.6,120.9,480.7,-0.012,0.102,-0.050,265.5,267.5,270.9,275.7,283.6,296.1,310.6,327.4,346.6,365.9,382.9,397.4,407.9,413.6,416.0,417.5,418.2,276.8,284.7,297.3,311.1,324.3,352.3,366.1,379.3,391.8,400.5,339.5,339.7,339.9,340.2,326.0,333.5,341.1,348.9,355.9,292.6,300.2,309.4,317.3,309.4,300.3,361.0,368.7,378.2,386.0,378.7,369.6,315.9,325.6,334.9,341.9,349.2,359.6,369.7,360.2,350.5,342.6,335.2,325.9,320.4,335.3,342.4,349.9,364.9,349.7,342.1,335.1,323.4,343.3,362.6,381.8,400.6,417.5,431.2,442.0,444.2,439.3,427.1,413.2,397.4,379.8,361.3,342.5,323.7,312.8,303.5,299.8,301.5,306.0,305.3,300.7,299.2,301.5,308.8,325.7,338.7,351.6,365.0,374.1,376.5,378.7,376.3,373.3,328.9,325.0,324.8,328.9,331.8,332.0,327.8,323.4,323.5,326.7,330.0,330.2,401.6,396.8,394.2,395.9,393.9,395.6,399.1,407.0,410.6,411.9,411.5,409.0,401.7,401.1,401.5,400.4,399.9,401.1,402.3,402.0
436,0,30.565,0.98,1,20.5,120.4,480.3,-0.016,0.102,-0.050,265.3,267.4,271.0,275.7,283.6,296.1,310.6,327.4,346.7,365.9,382.9,397.5,408.0,413.5,416.0,417.6,418.3,276.5,284.3,297.0,310.9,324.3,352.1,365.9,379.2,391.8,400.7,339.5,339.6,339.8,340.2,325.9,333.6,341.2,348.9,355.9,292.5,300.1,309.4,317.3,309.4,300.2,360.9,368.7,378.3,386.1,378.8,369.7,315.9,325.6,334.9,341.9,349.2,359.6,369.7,360.2,350.5,342.6,335.2,325.9,320.4,335.3,342.4,349.9,364.9,349.7,342.1,335.1,323.3,343.1,362.4,381.7,400.4,417.2,430.9,441.7,443.9,439.1,426.9,413.0,397.1,379.4,360.9,342.2,323.3,312.7,303.2,299.4,301.1,305.7,305.0,300.3,298.8,301.1,308.5,325.3,338.3,351.2,364.5,373.7,376.1,378.3,375.8,372.8,328.5,324.6,324.4,328.6,331.5,331.7,327.4,323.0,323.1,326.4,329.7,329.9,401.2,396.4,393.7,395.4,393.4,395.2,398.8,406.6,410.2,411.4,411.0,408.6,401.3,400.7,401.1,399.9,399.6,400.6,401.9,401.5
437,0,30.632,0.98,1,20.5,120.9,480.2,-0.012,0.103,-0.051,265.4,267.6,271.1,275.8,283.6,296.1,310.6,327.3,346.5,365.8,382.9,397.6,408.1,413.6,416.1,417.7,418.5,276.3,284.0,296.8,310.8,324.4,351.9,365.8,379.2,391.9,400.8,339.5,339.7,339.8,340.1,325.9,333.5,341.1,348.9,356.0,292.5,300.1,309.5,317.4,309.4,300.2,361.0,368.8,378.4,386.3,378.9,369.8,315.8,325.6,334.9,341.9,349.1,359.5,369.7,360.1,350.4,342.5,335.1,325.8,320.3,335.3,342.3,349.8,364.9,349.6,342.1,335.1,323.8,343.6,362.8,382.0,400.7,417.5,431.2,441.9,444.1,439.1,426.8,412.9,397.1,379.5,361.0,342.4,323.7,313.2,303.6,299.8,301.4,306.2,305.6,300.9,299.3,301.7,309.1,326.0,338.9,351.7,365.0,374.2,376.7,378.8,376.4,373.4,329.0,325.2,325.0,329.2,332.1,332.3,328.1,323.6,323.7,327.0,330.4,330.6,401.8,397.0,394.4,396.1,394.1,395.9,399.4,407.2,410.9,412.1,411.7,409.2,401.9,401.4,401.7,400.6,400.2,401.2,402.5,402.2
438,0,30.698,0.98,1,20.8,121.0,480.1,-0.007,0.102,-0.050,265.7,267.7,271.2,275.9,283.6,296.0,310.5,327.4,346.7,366.0,383.0,397.7,408.1,413.8,416.3,418.0,418.8,276.8,284.4,297.2,311.2,324.7,352.4,366.1,379.3,392.0,400.9,339.9,340.0,340.2,340.4,326.2,333.8,341.5,349.3,356.3,293.1,300.7,310.0,317.9,309.9,300.7,361.4,369.1,378.7,386.5,379.3,370.1,316.1,325.9,335.2,342.2,349.5,359.8,369.9,360.4,350.7,342.8,335.4,326.1,320.6,335.6,342.6,350.1,365.1,349.9,342.4,335.4,323.8,343.6,362.8,381.9,400.7,417.5,431.3,442.1,444.3,439.3,427.0,413.0,397.2,379.6,361.2,342.6,323.9,313.3,303.8,300.0,301.7,306.5,305.9,301.1,299.5,301.7,309.0,326.0,339.1,352.0,365.4,374.5,377.0,379.1,376.7,373.7,328.9,325.0,324.8,329.2,332.0,332.2,328.1,323.5,323.6,326.9,330.3,330.6,402.0,397.3,394.6,396.4,394.3,396.2,399.7,407.5,411.1,412.3,411.9,409.5,402.1,401.6,402.0,400.9,400.5,401.5,402.8,402.4
439,0,30.765,0.98,1,21.1,120.6,479.6,-0.010,0.098,-0.048,265.8,267.8,271.3,276.0,283.7,296.1,310.6,327.5,346.9,366.3,383.4,397.9,408.3,413.9,416.4,418.2,419.0,277.1,284.8,297.5,311.5,325.0,353.1,367.0,380.2,392.7,401.4,340.3,340.4,340.6,340.9,326.6,334.2,341.9,349.7,356.7,293.3,300.9,310.3,318.2,310.2,301.0,361.8,369.6,379.1,386.9,379.7,370.5,316.5,326.3,335.6,342.6,349.9,360.2,370.2,360.8,351.2,343.3,335.9,326.5,321.0,336.0,343.1,350.5,365.5,350.4,342.8,335.9,323.5,343.3,362.5,381.6,400.4,417.3,431.1,441.9,444.1,439.2,426.8,412.8,397.0,379.4,361.1,342.6,323.9,313.0,303.5,299.6,301.3,305.9,305.2,300.5,298.9,301.3,308.7,325.5,338.7,351.7,365.1,374.2,376.7,378.8,376.4,373.4,328.6,324.7,324.4,328.8,331.7,331.8,327.6,323.0,323.1,326.4,329.8,330.0,401.8,397.0,394.4,396.1,394.0,395.9,399.4,407.1,410.8,412.0,411.6,409.2,401.9,401.4,401.7,400.6,400.2,401.2,402.4,402.1
440,0,30.832,0.98,1,21.4,121.1,480.2,-0.019,0.095,-0.045,266.2,268.0,271.2,275.8,283.7,296.2,310.7,327.6,347.1,366.4,383.5,398.0,408.4,413.9,416.4,418.3,419.4,277.8,285.2,297.8,312.0,325.6,353.2,367.1,380.5,393.2,402.1,340.7,340.8,340.9,341.2,326.7,334.4,342.1,350.0,357.1,294.1,301.8,310.9,318.8,310.9,302.0,361.9,370.0,379.3,387.1,379.6,370.7,316.6,326.4,335.8,342.7,350.0,360.2,370.4,360.8,351.2,343.4,336.0,326.6,321.1,336.1,343.2,350.6,365.6,350.4,342.9,335.9,323.7,343.5,362.7,381.8,400.5,417.3,431.1,441.8,444.0,439.0,426.8,413.0,397.3,379.7,361.3,342.6,323.8,313.6,303.7,299.7,301.4,306.2,305.5,300.7,299.0,301.4,309.0,326.6,339.3,351.9,365.0,374.2,376.6,378.8,376.3,373.4,330.2,327.1,326.7,330.1,333.0,333.3,328.9,325.3,325.5,328.1,331.3,331.5,401.7,397.0,394.4,396.1,394.1,396.0,399.3,407.3,410.9,412.1,411.8,409.3,401.8,401.4,401.8,400.7,400.1,401.1,402.4,402.0
441,0,30.899,0.98,1,21.5,122.2,480.6,-0.015,0.093,-0.046,266.4,268.2,271.3,275.8,283.6,296.1,310.7,327.6,347.1,366.5,383.6,398.2,408.6,414.1,416.5,418.4,419.7,277.9,285.1,297.8,312.1,325.9,353.2,367.3,380.8,393.7,402.7,340.8,340.9,341.0,341.2,326.7,334.5,342.3,350.2,357.3,294.2,302.0,310.9,318.9,311.0,302.2,362.2,370.4,379.6,387.5,379.9,370.9,316.6,326.5,335.9,342.9,350.2,360.5,370.7,361.1,351.5,343.6,336.1,326.7,321.1,336.2,343.3,350.8,365.9,350.6,343.1,336.0,324.7,344.4,363.4,382.5,401.0,417.8,431.6,442.4,444.7,439.6,427.3,413.4,397.6,380.0,361.5,342.8,324.0,315.1,305.3,301.2,302.9,307.8,306.9,302.0,300.3,302.7,310.3,327.9,340.5,353.0,366.0,375.0,377.5,379.7,377.2,374.2,331.6,328.8,328.3,331.3,334.2,334.5,330.0,326.8,327.0,329.3,332.5,332.6,402.6,397.9,395.3,397.1,395.0,396.9,400.1,408.2,412.0,413.3,412.9,410.4,402.7,402.4,402.8,401.7,400.9,402.1,403.3,403.0
442,0,30.965,0.98,1,21.7,122.5,481.9,-0.015,0.094,-0.045,266.9,268.5,271.4,275.9,283.6,296.1,310.7,327.7,347.2,366.7,383.8,398.4,408.8,414.3,416.7,418.5,419.5,278.6,285.9,298.3,312.3,325.7,353.9,367.6,380.8,393.2,402.0,341.0,341.1,341.2,341.4,326.9,334.7,342.4,350.3,357.3,294.5,302.2,311.1,319.1,311.2,302.4,362.4,370.4,379.6,387.4,379.9,371.1,316.8,326.7,336.0,343.0,350.4,360.7,370.7,361.2,351.6,343.7,336.3,326.9,321.3,336.4,343.5,351.0,366.0,350.8,343.2,336.2,325.2,344.6,363.4,382.3,400.8,417.7,431.5,442.4,444.7,439.5,427.2,413.3,397.7,380.2,361.9,343.4,324.8,314.3,304.8,300.9,302.7,307.5,306.7,301.9,300.2,302.5,309.8,328.0,340.6,353.1,366.0,375.1,377.5,379.7,377.3,374.3,331.4,328.5,328.1,331.3,334.1,334.4,330.1,326.8,326.9,329.3,332.5,332.6,402.5,397.9,395.3,397.0,394.9,396.8,400.1,408.1,411.8,413.1,412.8,410.2,402.6,402.4,402.7,401.6,400.9,402.1,403.4,403.0
443,0,31.026,0.98,1,21.7,121.1,480.7,-0.031,0.090,-0.044,266.3,268.1,271.2,275.8,283.7,296.3,311.0,328.0,347.5,366.8,383.8,398.3,408.6,414.1,416.6,418.5,419.7,278.0,285.3,298.0,312.2,325.9,353.8,367.8,381.2,393.9,402.7,341.1,341.2,341.4,341.6,327.0,334.8,342.6,350.4,357.5,294.3,302.1,311.1,319.1,311.1,302.3,362.4,370.6,379.8,387.7,380.1,371.2,316.9,326.8,336.1,343.1,350.4,360.7,370.8,361.3,351.8,343.9,336.4,327.0,321.5,336.5,343.6,351.1,366.1,350.9,343.4,336.4,324.2,343.9,362.9,381.9,400.4,417.1,430.7,441.3,443.6,438.5,426.4,412.7,397.2,379.9,361.7,343.2,324.6,314.0,304.1,300.0,301.6,306.3,305.5,300.7,299.2,301.6,309.2,326.6,339.2,351.6,364.5,373.8,376.2,378.3,375.9,372.9,330.4,327.3,326.9,330.1,332.9,333.3,328.8,325.4,325.7,328.1,331.2,331.4,401.5,396.6,393.9,395.6,393.5,395.5,399.0,406.9,410.6,411.8,411.5,409.1,401.5,401.0,401.3,400.3,399.8,400.7,402.0,401.7
444,0,31.093,0.98,1,20.9,119.5,477.7,-0.025,0.092,-0.049,265.2,267.1,270.6,275.4,283.3,296.0,310.7,327.7,347.2,366.6,383.6,398.0,408.4,414.0,416.4,418.0,418.7,276.8,284.5,297.3,311.4,325.0,352.5,366.5,380.0,392.8,401.5,340.0,340.2,340.5,340.9,326.3,334.0,341.8,349.7,356.7,293.0,300.6,309.7,317.7,309.8,300.8,361.3,369.2,378.5,386.4,378.9,370.0,316.4,326.1,335.5,342.5,349.9,360.3,370.3,360.9,351.3,343.4,335.9,326.5,320.9,335.9,343.0,350.6,365.5,350.5,342.9,335.8,323.3,343.0,362.3,381.5,400.1,416.9,430.6,441.3,443.6,438.6,426.3,412.4,396.7,379.2,360.9,342.4,323.7,312.8,303.2,299.3,300.8,305.5,304.7,300.0,298.4,300.9,308.5,325.0,338.0,350.8,364.1,373.2,375.6,377.8,375.3,372.2,328.4,324.9,324.5,328.2,331.0,331.3,326.9,322.9,323.1,326.0,329.1,329.2,401.2,396.3,393.5,395.2,393.2,395.0,398.6,406.3,410.0,411.3,411.0,408.5,401.2,400.5,400.9,399.7,399.3,400.2,401.5,401.2
445,0,31.159,0.98,1,19.2,118.3,477.1,-0.037,0.096,-0.045,263.7,265.8,269.2,273.9,281.6,294.1,308.8,325.7,345.2,364.6,381.6,396.2,406.7,412.4,414.9,416.7,417.5,274.9,282.6,295.4,309.6,323.2,350.9,365.1,378.8,391.6,400.4,338.3,338.4,338.6,338.9,324.4,332.1,339.8,347.7,354.8,291.2,298.8,308.1,316.1,308.1,299.0,359.7,367.6,377.1,385.0,377.6,368.5,314.2,324.0,333.4,340.5,347.9,358.4,368.5,359.0,349.3,341.3,333.8,324.3,318.8,333.9,341.0,348.6,363.7,348.4,340.8,333.7,322.5,342.4,361.7,380.9,399.5,416.3,429.9,440.7,442.9,438.1,425.9,412.2,396.5,379.0,360.5,341.9,323.2,311.3,301.5,297.5,298.9,303.6,303.0,298.4,297.1,299.8,307.6,323.5,336.4,349.2,362.5,371.9,374.4,376.5,374.1,371.1,326.8,322.9,322.6,326.8,329.6,329.9,325.7,321.3,321.5,324.8,328.0,328.2,400.0,394.9,392.2,393.9,391.8,393.8,397.6,405.3,408.9,410.1,409.7,407.3,400.0,399.2,399.6,398.5,398.3,399.1,400.3,400.0
446,0,31.226,0.98,1,16.8,116.7,474.5,-0.042,0.095,-0.041,261.3,263.3,266.7,271.3,279.0,291.4,306.1,323.3,342.8,362.1,379.1,393.8,404.4,410.2,412.9,414.8,415.8,272.2,279.8,292.8,307.2,321.0,348.5,363.0,376.9,390.0,398.8,335.9,336.0,336.1,336.3,321.8,329.6,337.3,345.2,352.3,288.6,296.3,305.8,313.8,305.7,296.4,357.6,365.5,375.2,383.2,375.7,366.4,311.8,321.6,330.9,337.9,345.3,355.8,366.0,356.4,346.7,338.8,331.3,321.9,316.4,331.4,338.5,346.0,361.1,345.8,338.3,331.2,321.5,341.4,360.7,379.9,398.6,415.5,429.3,440.2,442.5,437.6,425.6,412.0,396.4,378.9,360.3,341.6,322.8,309.9,299.8,295.7,297.3,302.1,301.7,296.9,295.6,298.5,306.6,322.3,335.3,348.1,361.4,371.0,373.5,375.6,373.2,370.2,325.4,321.3,321.1,325.5,328.4,328.6,324.6,320.0,320.2,323.8,327.1,327.2,399.3,394.2,391.4,393.1,391.1,393.2,397.1,404.7,408.2,409.4,409.0,406.6,399.3,398.5,398.9,397.8,397.7,398.3,399.6,399.2
447,0,31.293,0.98,1,14.9,116.5,473.1,-0.030,0.093,-0.044,259.0,260.9,264.3,269.0,276.8,289.4,304.2,321.4,341.0,360.5,377.6,392.4,403.0,408.8,411.4,413.1,414.0,270.2,278.0,290.9,305.0,318.5,346.8,360.9,374.4,387.2,396.0,333.8,333.9,334.0,334.2,319.9,327.6,335.3,343.2,350.3,286.3,294.0,303.5,311.5,303.4,294.1,355.7,363.6,373.3,381.2,373.8,364.5,309.8,319.6,329.0,336.1,343.5,354.1,364.3,354.8,345.0,336.9,329.4,319.9,314.4,329.4,336.6,344.2,359.4,344.1,336.4,329.3,321.3,341.1,360.5,379.8,398.8,415.8,429.8,440.7,442.9,438.0,425.7,411.9,396.2,378.6,360.0,341.3,322.5,309.2,299.5,295.6,297.2,302.0,301.5,296.8,295.4,297.9,305.6,322.3,335.4,348.3,361.8,371.4,373.9,376.0,373.6,370.6,325.4,321.2,321.0,325.5,328.5,328.6,324.5,319.9,320.0,323.5,326.9,327.1,399.7,394.6,391.8,393.5,391.4,393.4,397.2,404.9,408.5,409.7,409.4,407.0,399.7,399.0,399.3,398.2,397.9,398.7,400.0,399.7
448,0,31.360,0.98,1,14.2,117.5,471.1,-0.010,0.091,-0.052,257.8,259.9,263.4,268.2,276.2,288.9,303.6,320.9,340.4,360.0,377.2,392.1,402.8,408.7,411.3,412.9,413.6,269.0,277.0,290.0,304.1,317.7,345.7,359.8,373.2,386.1,395.2,333.0,333.2,333.4,333.8,319.4,327.1,334.8,342.8,349.9,285.2,292.9,302.5,310.5,302.4,293.0,355.1,363.0,372.7,380.7,373.3,364.0,309.3,319.2,328.7,335.7,343.1,353.6,363.8,354.3,344.5,336.5,329.0,319.5,314.0,329.1,336.2,343.8,359.0,343.6,336.0,328.9,322.4,342.5,362.0,381.4,400.5,417.7,431.7,442.7,444.9,439.8,427.3,413.0,396.7,378.6,359.6,340.5,321.3,310.6,301.1,297.3,299.0,303.6,302.8,298.0,296.4,298.7,306.0,323.6,336.9,350.0,363.6,373.2,375.7,377.8,375.3,372.3,326.9,322.9,322.6,327.0,330.0,330.2,325.7,321.0,321.1,324.5,328.0,328.2,401.7,396.6,393.8,395.5,393.4,395.3,399.0,406.9,410.6,411.8,411.5,409.1,401.8,401.0,401.3,400.2,399.8,400.7,402.0,401.7
449,0,31.427,0.98,1,14.6,117.5,468.6,-0.013,0.091,-0.048,257.8,259.9,263.5,268.3,276.2,288.9,303.8,321.1,340.7,360.3,377.5,392.5,403.4,409.4,412.1,413.9,414.7,269.1,277.0,290.2,304.6,318.4,346.5,360.5,374.1,387.1,396.3,333.8,334.0,334.2,334.5,319.8,327.6,335.4,343.4,350.6,285.6,293.4,303.0,311.0,302.9,293.5,356.0,363.9,373.7,381.7,374.3,364.9,309.6,319.5,329.0,336.1,343.5,354.0,364.1,354.6,344.8,336.8,329.2,319.7,314.3,329.3,336.6,344.2,359.3,344.0,336.3,329.2,322.8,343.0,362.5,382.0,401.3,418.5,432.6,443.6,445.8,440.7,428.2,414.0,397.8,379.7,360.7,341.4,322.1,311.0,301.1,297.2,298.9,303.8,303.2,298.3,296.7,299.0,306.6,324.1,337.5,350.7,364.5,373.8,376.4,378.6,376.1,373.1,327.1,323.1,322.9,327.4,330.4,330.5,326.2,321.5,321.6,325.1,328.6,328.8,402.6,397.4,394.6,396.4,394.3,396.4,400.3,408.1,411.7,412.9,412.5,410.0,402.6,401.8,402.2,401.1,401.0,401.8,403.0,402.7
450,0,31.493,0.98,1,16.2,117.2,467.5,-0.017,0.085,-0.039,259.3,261.1,264.5,269.2,277.0,289.8,304.6,322.0,341.6,361.3,378.6,393.6,404.6,410.6,413.5,415.3,416.1,271.3,279.5,292.7,306.9,320.5,349.2,363.2,376.5,389.3,398.3,336.0,336.2,336.3,336.6,321.7,329.5,337.3,345.3,352.5,287.5,295.3,305.0,313.0,304.8,295.3,358.0,366.0,375.8,383.7,376.4,367.0,311.0,321.2,330.7,337.9,345.5,356.0,366.0,356.5,346.6,338.5,330.8,321.2,315.7,331.0,338.3,346.0,361.1,345.8,338.1,330.8,322.3,342.5,362.2,381.8,401.1,418.5,432.8,444.0,446.3,441.5,429.1,414.9,398.7,380.5,361.4,342.2,322.9,309.8,300.2,296.5,298.4,303.2,302.8,298.0,296.5,298.9,306.4,323.7,337.2,350.6,364.4,373.8,376.4,378.7,376.3,373.3,326.6,322.5,322.4,327.0,329.9,330.0,326.1,321.4,321.5,325.2,328.6,328.8,402.5,397.4,394.6,396.4,394.4,396.4,400.4,408.2,411.8,412.9,412.5,409.9,402.6,401.9,402.3,401.3,401.1,401.9,403.1,402.6
451,0,31.560,0.98,1,17.6,116.9,466.2,-0.021,0.080,-0.034,260.1,261.9,265.3,270.0,278.0,290.8,305.8,323.2,343.0,362.7,380.1,395.0,405.8,411.8,414.7,416.6,417.6,272.5,280.9,294.4,308.9,322.8,351.0,365.0,378.4,391.2,400.2,337.9,338.1,338.3,338.5,323.3,331.2,339.1,347.1,354.3,288.9,296.8,306.5,314.6,306.3,296.8,359.9,367.9,377.8,385.7,378.3,368.9,312.3,322.6,332.3,339.5,347.1,357.6,367.6,358.1,348.1,340.0,332.3,322.7,317.1,332.6,339.9,347.6,362.7,347.4,339.7,332.4,321.6,342.0,361.8,381.5,401.0,418.5,432.8,444.1,446.5,441.8,429.4,415.3,399.1,381.1,362.2,343.1,323.9,309.8,299.9,296.1,298.0,303.1,302.8,297.9,296.5,298.8,306.6,323.6,337.1,350.6,364.5,373.8,376.5,378.8,376.4,373.3,326.4,322.3,322.2,326.9,329.8,329.8,326.1,321.4,321.5,325.2,328.6,328.8,402.6,397.4,394.6,396.5,394.5,396.6,400.7,408.4,411.9,413.1,412.6,410.1,402.7,402.0,402.5,401.4,401.4,402.0,403.2,402.8
452,0,31.627,0.98,1,18.7,117.0,464.5,-0.015,0.083,-0.033,261.2,263.0,266.3,270.9,278.8,291.5,306.6,324.2,344.2,364.1,381.7,396.8,407.6,413.5,416.3,418.2,419.1,273.7,281.9,295.2,309.7,323.6,352.7,366.6,380.0,392.7,401.5,339.3,339.4,339.5,339.7,324.6,332.5,340.3,348.3,355.5,290.2,298.1,307.9,315.9,307.7,298.1,361.3,369.3,379.2,387.1,379.7,370.2,313.6,323.8,333.5,340.7,348.3,358.8,368.8,359.3,349.4,341.2,333.6,323.9,318.4,333.8,341.1,348.9,363.8,348.7,340.9,333.7,321.3,341.7,361.5,381.3,400.9,418.7,433.2,444.6,447.2,442.4,429.8,415.5,399.4,381.5,362.7,343.7,324.6,309.9,300.1,296.3,298.4,303.6,303.4,298.5,297.0,299.4,307.0,324.4,337.9,351.2,365.0,374.5,377.1,379.4,377.1,374.0,326.8,322.7,322.6,327.4,330.3,330.3,326.8,322.1,322.2,325.9,329.4,329.5,403.4,398.2,395.4,397.3,395.3,397.4,401.6,409.3,412.9,414.1,413.7,411.1,403.5,402.9,403.3,402.3,402.3,403.0,404.2,403.8
453,0,31.693,0.98,1,19.8,117.3,464.5,-0.016,0.082,-0.029,262.1,263.9,267.3,271.8,279.6,292.4,307.5,325.1,345.0,365.0,382.6,397.7,408.5,414.5,417.3,419.4,420.4,274.8,283.0,296.6,311.4,325.4,353.8,367.8,381.4,394.2,403.0,340.7,340.7,340.9,341.1,325.8,333.7,341.5,349.6,356.8,291.4,299.4,309.2,317.2,308.9,299.3,362.6,370.6,380.5,388.4,381.0,371.5,314.8,325.0,334.7,341.9,349.4,359.8,369.7,360.2,350.4,342.3,334.7,325.1,319.5,335.0,342.3,349.9,364.8,349.8,342.1,334.8,321.2,341.7,361.6,381.5,401.3,419.1,433.7,445.1,447.7,442.9,430.3,416.1,399.9,382.0,363.2,344.2,325.1,310.5,300.4,296.6,298.6,304.0,303.8,299.0,297.5,299.9,307.8,324.7,338.2,351.6,365.4,374.8,377.4,379.8,377.4,374.4,327.0,322.9,322.9,327.7,330.6,330.5,327.1,322.4,322.6,326.3,329.8,329.9,403.8,398.5,395.8,397.6,395.6,397.8,402.0,409.7,413.2,414.4,413.9,411.4,403.8,403.2,403.6,402.6,402.7,403.2,404.5,404.1
454,0,31.760,0.98,1,20.3,117.0,463.7,-0.022,0.081,-0.025,262.7,264.4,267.7,272.2,280.1,292.9,308.0,325.6,345.5,365.4,382.9,398.0,408.8,414.7,417.7,419.8,420.8,275.6,284.0,297.5,312.1,325.9,354.7,368.7,382.2,394.9,403.6,341.3,341.3,341.4,341.6,326.3,334.2,342.0,350.1,357.3,291.9,299.9,309.7,317.8,309.4,299.8,363.2,371.2,381.1,389.0,381.6,372.1,315.0,325.4,335.2,342.4,349.9,360.4,370.5,360.8,350.9,342.8,335.1,325.5,319.8,335.5,342.7,350.4,365.5,350.3,342.6,335.3,320.9,341.3,361.2,381.1,400.9,418.8,433.4,445.0,447.6,442.9,430.4,416.3,400.3,382.6,364.1,345.2,326.3,309.9,300.1,296.4,298.5,303.8,303.6,298.8,297.4,299.8,307.6,324.4,338.0,351.4,365.2,374.7,377.3,379.6,377.3,374.3,326.7,322.6,322.6,327.4,330.3,330.3,327.0,322.1,322.3,326.2,329.6,329.7,403.4,398.4,395.6,397.4,395.4,397.6,401.8,409.5,413.1,414.2,413.8,411.2,403.6,403.1,403.5,402.4,402.5,403.1,404.3,403.9
455,0,31.827,0.98,1,20.4,117.0,464.5,-0.040,0.079,-0.022,262.7,264.4,267.7,272.3,280.3,293.1,308.2,325.6,345.7,365.6,383.0,398.0,408.7,414.6,417.7,419.9,421.1,275.7,284.4,297.9,312.3,326.1,355.0,369.0,382.3,394.9,403.6,341.5,341.5,341.6,341.8,326.5,334.4,342.2,350.2,357.4,292.0,299.9,309.7,317.7,309.4,299.8,363.3,371.3,381.2,389.0,381.6,372.2,315.2,325.6,335.4,342.5,350.0,360.5,370.7,361.0,351.1,343.1,335.5,325.7,320.1,335.8,343.0,350.6,365.7,350.5,342.8,335.7,321.3,341.5,361.3,381.2,400.9,418.7,433.1,444.6,447.3,442.7,430.2,416.5,400.9,383.9,365.9,347.6,329.4,309.3,299.7,296.0,297.9,303.3,303.1,298.4,297.1,299.4,307.0,324.1,337.6,350.9,364.7,374.4,377.0,379.3,377.0,373.9,326.5,322.3,322.3,327.1,330.0,329.9,326.7,321.9,322.0,326.0,329.3,329.3,403.2,398.0,395.1,396.9,394.9,397.1,401.4,408.9,412.5,413.7,413.3,410.9,403.3,402.7,403.0,402.0,402.1,402.4,403.7,403.4
456,0,31.893,0.98,1,20.0,116.7,463.7,-0.052,0.083,-0.021,262.6,264.2,267.5,272.1,280.0,292.8,307.9,325.3,345.5,365.4,382.9,397.8,408.5,414.4,417.5,419.7,421.0,275.3,283.7,297.2,311.7,325.5,354.4,368.5,382.1,394.8,403.4,340.8,340.7,340.8,340.9,325.9,333.7,341.5,349.5,356.8,291.6,299.5,309.2,317.3,309.1,299.5,362.7,370.7,380.6,388.5,381.1,371.6,314.7,325.0,334.8,341.9,349.3,360.0,370.3,360.6,350.6,342.6,335.0,325.2,319.6,335.2,342.4,350.0,365.3,350.0,342.3,335.2,321.3,341.6,361.6,381.5,401.1,418.8,433.2,444.6,447.3,442.7,430.4,416.8,401.3,384.3,366.4,348.1,329.8,309.7,299.8,295.8,297.6,302.9,302.8,298.1,296.8,299.5,307.3,323.9,337.3,350.5,364.2,374.2,376.7,378.9,376.6,373.6,326.5,322.3,322.2,327.0,329.9,329.9,326.6,321.8,322.0,326.0,329.2,329.3,403.2,397.9,395.0,396.7,394.7,397.0,401.4,408.8,412.4,413.7,413.3,410.9,403.3,402.6,402.9,401.9,402.0,402.3,403.6,403.3
457,0,31.960,0.98,1,19.2,114.5,462.5,-0.077,0.080,-0.026,261.5,263.3,266.8,271.5,279.4,292.2,307.3,324.9,345.0,364.8,382.1,396.9,407.7,413.6,416.7,418.8,420.1,273.8,282.2,295.5,310.1,324.0,353.2,367.4,381.1,393.9,402.8,339.6,339.7,339.9,340.1,325.1,333.0,340.8,348.8,356.1,290.6,298.5,308.3,316.6,308.2,298.5,361.5,369.6,379.6,387.6,380.1,370.5,314.1,324.4,334.2,341.3,348.8,359.5,369.8,360.1,350.2,342.1,334.5,324.7,319.0,334.6,341.8,349.5,364.7,349.4,341.7,334.5,320.9,341.3,361.4,381.3,400.7,418.2,432.3,443.4,446.0,441.5,429.7,416.2,400.6,383.1,364.5,345.6,326.7,308.2,298.0,293.8,295.4,300.4,300.2,295.5,294.3,297.0,305.0,321.4,334.6,347.7,361.2,371.8,374.2,376.3,373.9,370.9,324.8,320.4,320.2,325.0,328.0,328.1,324.4,319.5,319.7,323.6,326.9,327.0,401.2,395.5,392.4,394.2,392.1,394.5,399.1,406.5,410.0,411.2,410.9,408.6,401.2,400.0,400.4,399.3,399.7,399.8,401.1,400.8
458,0,32.027,0.98,1,18.1,109.0,461.5,-0.114,0.078,-0.033,260.5,262.4,265.9,270.5,278.3,291.2,306.4,324.2,344.3,364.0,381.4,396.4,407.2,413.1,415.9,417.8,418.7,272.0,280.2,293.8,308.6,322.7,351.4,366.0,380.0,393.3,402.2,338.2,338.4,338.7,339.1,324.2,332.1,339.8,347.8,354.9,289.2,297.1,307.0,315.3,306.9,297.2,360.0,368.1,378.1,386.2,378.7,369.0,313.3,323.4,333.2,340.5,348.0,358.7,368.8,359.4,349.5,341.3,333.6,323.8,318.2,333.6,341.0,348.7,363.8,348.6,340.8,333.5,318.8,339.3,359.3,379.1,398.1,414.9,428.4,439.1,441.4,437.0,425.3,411.9,396.2,378.2,359.1,339.8,320.6,303.5,292.8,288.3,289.6,294.5,294.1,289.1,287.8,290.7,299.3,315.6,328.2,340.7,353.7,365.4,367.7,369.6,367.2,364.3,319.9,315.3,315.0,319.7,322.7,323.0,318.6,313.6,313.8,317.7,321.0,321.2,395.7,389.2,385.8,387.5,385.4,388.1,393.2,400.5,403.9,405.0,404.7,402.6,395.5,393.6,393.8,392.8,393.6,393.6,394.9,394.6
459,0,32.093,0.98,1,17.1,103.7,461.1,-0.159,0.081,-0.040,259.8,261.8,265.3,269.8,277.5,290.0,305.1,323.3,343.8,363.9,381.5,396.4,406.9,412.3,414.7,416.4,417.2,270.9,279.1,292.7,307.6,321.7,349.0,363.5,377.7,391.2,400.5,336.6,337.0,337.3,337.8,323.1,331.0,338.7,346.6,353.7,288.2,296.0,305.8,314.2,305.8,296.3,358.4,366.5,376.5,384.6,377.1,367.5,312.4,322.5,332.2,339.4,346.9,357.6,367.9,358.4,348.6,340.4,332.8,322.9,317.2,332.7,340.0,347.6,362.8,347.6,339.8,332.6,317.3,337.5,357.3,376.8,395.1,411.3,424.2,434.3,436.4,432.1,420.6,407.3,391.4,373.1,353.8,334.6,315.6,298.8,287.7,282.9,284.0,288.9,288.2,283.0,281.6,284.6,293.2,309.4,321.5,333.5,346.1,359.0,361.0,362.8,360.4,357.5,315.1,310.3,309.8,314.2,317.4,317.9,312.9,308.0,308.2,312.1,315.3,315.4,389.9,382.7,379.0,380.6,378.5,381.4,387.1,394.1,397.2,398.3,398.2,396.3,389.4,386.9,387.1,386.1,387.3,387.0,388.2,388.0
460,0,32.160,0.98,1,16.4,102.5,462.0,-0.156,0.085,-0.048,259.1,261.3,264.9,269.5,277.2,289.8,304.8,322.8,343.3,363.6,381.5,396.5,406.7,411.8,414.0,415.5,416.1,270.3,278.5,292.0,306.7,320.6,347.7,361.9,375.8,389.1,398.5,335.7,336.0,336.4,336.8,322.4,330.3,337.9,345.7,352.8,287.3,295.2,304.9,313.3,304.9,295.4,357.5,365.6,375.6,383.7,376.1,366.6,311.7,321.7,331.4,338.7,346.2,356.9,367.2,357.7,347.8,339.7,332.0,322.2,316.6,331.9,339.2,346.9,362.1,346.8,339.1,331.8,316.3,336.6,356.5,376.0,394.3,410.3,423.1,432.9,434.9,430.5,418.9,405.2,389.0,370.5,351.1,332.0,313.1,297.6,286.7,281.9,282.9,287.7,287.0,281.8,280.5,283.0,291.3,308.0,320.1,332.0,344.4,357.6,359.6,361.3,358.9,356.0,314.0,309.3,308.8,313.1,316.3,316.8,311.6,306.8,307.0,310.8,314.0,314.2,388.6,381.2,377.4,379.0,376.8,379.8,385.6,392.6,395.8,396.9,396.7,394.9,388.1,385.4,385.6,384.5,385.8,385.5,386.7,386.5
461,0,32.227,0.98,1,15.8,104.1,463.7,-0.123,0.089,-0.053,258.4,260.7,264.3,268.9,276.6,289.2,304.3,322.3,342.9,363.3,381.3,396.4,406.6,411.5,413.5,414.8,415.4,269.6,277.6,290.8,305.4,319.4,347.0,361.1,374.8,387.9,397.2,334.8,335.1,335.5,335.9,321.7,329.5,337.2,344.9,351.9,286.7,294.5,304.2,312.4,304.2,294.7,356.7,364.7,374.6,382.6,375.2,365.7,311.1,321.0,330.7,337.9,345.3,356.0,366.4,356.8,347.0,338.9,331.3,321.5,315.9,331.2,338.5,346.1,361.3,346.0,338.3,331.1,315.6,336.1,356.0,375.7,394.3,410.7,423.6,433.6,435.5,430.8,418.7,404.8,388.4,369.9,350.7,331.6,312.7,299.1,288.3,283.5,284.6,289.3,288.5,283.4,281.9,284.2,292.1,309.8,321.9,334.0,346.6,359.3,361.3,363.0,360.6,357.7,315.4,310.9,310.3,314.6,317.8,318.3,312.9,308.2,308.3,312.0,315.3,315.5,390.0,382.9,379.2,380.8,378.7,381.4,386.9,394.2,397.4,398.6,398.5,396.7,389.6,387.2,387.4,386.3,387.2,387.2,388.4,388.4
462,0,32.293,0.98,1,15.4,105.0,463.6,-0.106,0.093,-0.054,258.1,260.4,264.1,268.8,276.6,289.3,304.3,322.1,342.5,362.8,380.8,396.0,406.3,411.4,413.5,414.9,415.4,269.2,277.2,290.5,305.0,319.0,346.6,360.8,374.7,387.9,397.2,334.4,334.7,335.1,335.5,321.2,329.0,336.7,344.5,351.5,286.3,294.1,303.7,311.9,303.7,294.3,356.3,364.4,374.2,382.3,374.7,365.3,310.7,320.5,330.1,337.3,344.8,355.5,365.9,356.3,346.4,338.3,330.6,320.9,315.4,330.7,337.9,345.6,360.8,345.4,337.7,330.5,315.8,336.3,356.2,375.9,394.7,411.2,424.3,434.5,436.5,431.6,419.4,405.3,388.9,370.4,351.1,331.9,313.0,300.0,289.3,284.6,285.8,290.6,289.7,284.5,282.9,285.2,293.1,310.9,323.2,335.4,348.1,360.3,362.4,364.2,361.8,358.9,316.3,312.0,311.5,315.6,318.8,319.2,313.8,309.3,309.4,312.8,316.1,316.4,391.0,384.0,380.4,382.1,379.9,382.6,387.9,395.5,398.8,400.0,399.9,397.8,390.6,388.4,388.6,387.5,388.3,388.5,389.7,389.6
463,0,32.359,0.98,1,15.4,105.0,463.1,-0.105,0.091,-0.053,258.0,260.4,264.1,268.8,276.7,289.4,304.3,322.1,342.4,362.6,380.4,395.6,406.1,411.3,413.4,414.9,415.5,268.9,276.9,290.3,305.0,319.1,346.6,361.1,375.3,388.7,398.0,334.4,334.7,335.1,335.5,321.1,329.0,336.6,344.5,351.5,286.1,293.9,303.6,311.8,303.6,294.2,356.3,364.3,374.2,382.3,374.8,365.3,310.6,320.5,330.1,337.3,344.8,355.5,365.9,356.3,346.4,338.3,330.7,320.9,315.4,330.7,337.9,345.6,360.8,345.4,337.7,330.5,315.5,336.1,356.2,376.0,394.8,411.3,424.4,434.7,436.8,431.9,419.8,405.7,389.3,370.8,351.4,332.0,312.8,300.4,289.6,284.9,286.0,290.7,289.8,284.6,283.1,285.6,293.8,311.0,323.4,335.6,348.4,360.5,362.6,364.4,362.0,359.0,316.4,312.1,311.5,315.6,318.9,319.3,313.9,309.3,309.3,312.9,316.2,316.4,391.1,384.3,380.7,382.4,380.2,382.8,388.0,395.5,398.9,400.1,399.9,397.9,390.8,388.6,388.8,387.7,388.4,388.6,389.9,389.7
464,0,32.426,0.98,1,15.4,105.0,463.1,-0.104,0.092,-0.053,258.1,260.4,264.2,268.9,276.7,289.4,304.3,322.2,342.5,362.6,380.3,395.5,406.0,411.3,413.4,414.9,415.6,268.8,276.9,290.3,305.0,319.1,346.5,361.0,375.2,388.7,398.1,334.3,334.6,335.0,335.4,321.0,328.9,336.6,344.4,351.5,286.1,293.9,303.5,311.8,303.5,294.1,356.2,364.3,374.2,382.3,374.8,365.3,310.7,320.5,330.1,337.3,344.7,355.5,365.9,356.3,346.4,338.3,330.7,320.9,315.4,330.6,337.9,345.5,360.9,345.4,337.7,330.5,315.5,336.0,356.1,375.8,394.6,411.1,424.3,434.6,436.7,431.9,419.8,405.7,389.4,370.8,351.3,331.8,312.5,300.4,289.5,284.8,286.0,290.6,289.7,284.5,282.9,285.5,293.8,311.0,323.3,335.6,348.4,360.5,362.6,364.4,362.0,359.0,316.4,312.0,311.4,315.6,318.8,319.3,313.8,309.1,309.1,312.7,316.1,316.3,391.1,384.3,380.7,382.3,380.2,382.8,388.0,395.5,398.8,400.0,399.8,397.8,390.8,388.5,388.7,387.6,388.4,388.5,389.8,389.7
465,0,32.493,0.98,1,15.3,105.2,463.1,-0.095,0.093,-0.056,258.0,260.4,264.2,269.0,276.8,289.5,304.4,322.2,342.5,362.6,380.5,395.6,406.1,411.4,413.5,414.9,415.6,268.7,276.6,289.8,304.5,318.6,346.6,361.1,375.1,388.5,397.8,334.1,334.5,334.9,335.3,321.0,328.9,336.6,344.4,351.4,286.0,293.7,303.5,311.7,303.5,294.0,356.2,364.2,374.1,382.2,374.7,365.2,310.7,320.5,330.1,337.3,344.7,355.5,366.0,356.3,346.4,338.3,330.7,320.9,315.4,330.7,337.9,345.6,360.9,345.4,337.7,330.5,315.4,336.0,356.0,375.8,394.6,411.2,424.4,434.7,436.7,431.8,419.7,405.5,389.1,370.6,351.1,331.7,312.3,300.6,289.8,285.0,286.0,290.5,289.5,284.4,282.9,285.4,293.6,311.1,323.6,336.0,349.0,360.9,363.0,364.9,362.4,359.4,316.6,312.1,311.6,315.8,319.1,319.5,313.9,309.1,309.1,312.7,316.1,316.4,391.4,384.7,381.2,382.8,380.6,383.1,388.1,395.7,399.1,400.3,400.2,398.2,391.1,389.0,389.2,388.0,388.6,388.9,390.2,390.0
466,0,32.560,0.98,1,15.3,106.0,463.5,-0.083,0.094,-0.061,257.8,260.3,264.2,269.1,277.0,289.8,304.8,322.5,342.8,362.9,380.8,395.9,406.3,411.5,413.5,414.9,415.4,268.7,276.5,289.7,304.2,318.3,346.3,360.5,374.3,387.5,396.9,334.0,334.3,334.8,335.3,321.1,328.9,336.6,344.4,351.4,285.9,293.7,303.3,311.6,303.4,293.9,356.1,364.0,373.9,382.0,374.6,365.1,310.8,320.6,330.2,337.5,344.9,355.6,366.1,356.5,346.6,338.5,330.8,321.1,315.6,330.8,338.1,345.7,361.1,345.5,337.8,330.6,315.8,336.4,356.5,376.3,395.2,411.9,425.1,435.4,437.4,432.4,420.1,405.8,389.2,370.6,351.1,331.6,312.2,301.4,290.7,286.1,287.1,291.6,290.5,285.4,283.8,286.0,293.8,311.9,324.5,337.0,350.0,362.0,364.1,365.9,363.4,360.4,317.5,313.0,312.4,316.6,319.9,320.4,314.6,309.8,309.8,313.4,316.8,317.1,392.4,385.7,382.3,383.9,381.7,384.1,389.0,396.6,400.1,401.4,401.2,399.2,392.1,390.1,390.2,389.0,389.5,389.8,391.2,391.0
467,0,32.627,0.98,1,15.2,106.6,463.8,-0.083,0.095,-0.063,257.7,260.2,264.1,269.0,276.9,289.7,304.7,322.5,342.7,362.9,380.8,395.9,406.3,411.5,413.5,414.8,415.2,268.6,276.4,289.6,304.1,318.2,345.9,360.0,373.8,387.0,396.4,333.7,334.1,334.5,335.0,320.9,328.7,336.4,344.2,351.2,285.7,293.4,303.1,311.3,303.1,293.7,355.9,363.8,373.7,381.9,374.4,364.9,310.8,320.6,330.1,337.3,344.7,355.4,365.9,356.3,346.4,338.3,330.7,321.1,315.5,330.7,337.9,345.6,360.8,345.4,337.7,330.5,316.8,337.3,357.2,376.9,395.8,412.4,425.7,435.9,437.8,432.8,420.3,406.0,389.4,370.8,351.3,331.9,312.7,302.1,291.3,286.7,287.7,292.2,291.2,286.0,284.4,286.6,294.4,312.5,325.2,337.7,350.7,362.5,364.6,366.5,364.0,361.0,318.0,313.5,312.9,317.2,320.5,321.0,315.2,310.3,310.3,313.9,317.3,317.7,392.9,386.3,382.7,384.3,382.1,384.5,389.5,397.1,400.6,401.8,401.7,399.8,392.6,390.5,390.7,389.5,390.0,390.4,391.7,391.6
468,0,32.693,0.98,1,14.9,106.6,463.0,-0.083,0.096,-0.063,257.5,260.0,264.0,268.9,276.8,289.6,304.6,322.4,342.6,362.7,380.6,395.8,406.2,411.4,413.4,414.8,415.2,268.1,275.9,289.0,303.5,317.6,345.8,360.1,373.9,387.2,396.5,333.4,333.8,334.2,334.7,320.6,328.5,336.1,343.9,351.0,285.4,293.1,302.9,311.1,302.9,293.4,355.6,363.5,373.5,381.7,374.2,364.6,310.6,320.3,329.9,337.0,344.5,355.2,365.7,356.1,346.2,338.1,330.5,320.8,315.3,330.4,337.7,345.3,360.6,345.2,337.5,330.3,316.9,337.4,357.4,377.2,396.0,412.7,425.9,436.2,438.1,433.0,420.6,406.2,389.6,371.0,351.5,332.1,312.7,302.4,291.7,286.9,287.9,292.4,291.3,286.2,284.6,286.9,294.8,312.9,325.5,337.9,350.9,362.8,364.9,366.7,364.2,361.2,318.3,313.7,313.2,317.5,320.8,321.3,315.5,310.6,310.5,314.1,317.6,318.0,393.2,386.5,383.0,384.6,382.4,384.8,389.7,397.3,400.8,402.1,402.0,400.0,392.8,390.8,390.9,389.8,390.2,390.6,392.0,391.8
469,0,32.760,0.98,1,14.8,106.7,462.9,-0.082,0.097,-0.065,257.4,259.9,263.9,268.8,276.7,289.5,304.5,322.3,342.5,362.7,380.6,395.8,406.2,411.3,413.3,414.6,415.0,268.0,275.6,288.7,303.2,317.3,345.6,359.8,373.6,386.8,396.2,333.2,333.6,334.0,334.5,320.4,328.2,335.9,343.7,350.8,285.3,293.0,302.7,310.9,302.7,293.2,355.4,363.3,373.2,381.4,373.9,364.4,310.5,320.2,329.7,336.9,344.3,355.0,365.5,355.9,346.0,337.9,330.3,320.7,315.2,330.3,337.5,345.1,360.4,345.0,337.3,330.1,317.1,337.6,357.6,377.3,396.2,412.9,426.1,436.4,438.3,433.2,420.7,406.3,389.6,370.9,351.4,332.0,312.6,302.7,291.9,287.1,288.1,292.5,291.5,286.4,284.7,287.1,295.0,313.0,325.6,338.1,351.1,363.0,365.1,366.9,364.4,361.3,318.4,313.9,313.3,317.7,321.0,321.4,315.6,310.7,310.7,314.3,317.8,318.1,393.4,386.7,383.2,384.8,382.6,385.0,389.8,397.5,401.0,402.2,402.1,400.1,393.0,390.9,391.1,389.9,390.4,390.8,392.2,392.0
470,0,32.827,0.98,1,14.6,107.1,463.1,-0.085,0.096,-0.066,257.1,259.7,263.7,268.7,276.6,289.4,304.4,322.1,342.4,362.6,380.5,395.6,405.9,411.0,412.9,414.3,414.7,267.8,275.4,288.5,303.0,317.1,345.1,359.3,373.1,386.4,395.8,333.0,333.3,333.7,334.2,320.2,328.0,335.7,343.5,350.6,285.1,292.8,302.5,310.7,302.5,293.1,355.1,363.0,372.9,381.2,373.6,364.1,310.3,319.9,329.5,336.7,344.1,354.8,365.3,355.8,345.9,337.8,330.2,320.5,315.0,330.1,337.3,345.0,360.3,344.8,337.1,329.9,317.6,338.1,358.1,377.8,396.6,413.2,426.5,436.7,438.6,433.5,421.0,406.6,389.9,371.3,351.8,332.4,313.1,303.0,292.2,287.4,288.4,292.9,291.9,286.7,285.0,287.3,295.2,313.4,325.9,338.4,351.3,363.3,365.4,367.2,364.7,361.6,318.9,314.4,313.8,318.1,321.4,321.9,316.0,311.2,311.1,314.7,318.2,318.5,393.8,387.0,383.4,385.0,382.8,385.3,390.2,397.9,401.4,402.6,402.5,400.5,393.4,391.3,391.4,390.2,390.7,391.1,392.5,392.4
471,0,32.893,0.98,1,14.4,107.7,463.3,-0.087,0.092,-0.066,257.1,259.5,263.3,268.3,276.5,289.4,304.3,321.8,342.1,362.5,380.4,395.4,405.8,410.8,412.6,413.9,414.4,268.2,275.7,288.6,303.1,317.1,344.7,358.9,372.8,386.0,395.4,332.8,333.2,333.6,334.1,319.7,327.7,335.6,343.5,350.6,285.0,292.8,302.0,310.3,302.1,293.2,354.7,363.0,372.5,380.6,372.9,363.7,310.1,319.8,329.2,336.5,344.0,354.6,365.0,355.4,345.7,337.5,329.9,320.3,314.8,329.8,337.1,344.8,360.0,344.6,336.9,329.6,318.2,338.7,358.7,378.4,397.2,413.7,426.7,436.9,438.9,433.8,421.3,406.8,390.2,371.4,351.9,332.5,313.4,303.5,292.7,287.9,289.0,293.5,292.3,287.2,285.5,287.8,295.5,314.5,326.9,339.1,351.8,363.5,365.6,367.5,364.9,361.8,320.6,317.1,316.4,319.3,322.6,323.2,317.2,313.7,313.8,316.4,319.5,319.8,393.8,387.3,383.8,385.4,383.2,385.6,390.3,398.0,401.6,402.9,402.8,400.7,393.5,391.5,391.7,390.5,390.8,391.3,392.7,392.6
472,0,32.960,0.98,1,14.3,108.2,463.3,-0.097,0.092,-0.066,257.2,259.5,263.0,268.1,276.3,289.4,304.3,321.8,342.1,362.3,380.2,395.4,405.7,410.6,412.3,413.8,414.6,267.6,275.1,287.9,302.4,316.3,345.1,359.3,373.0,386.1,395.9,332.6,332.9,333.2,333.6,319.2,327.3,335.3,343.3,350.5,284.2,292.2,301.5,310.1,301.7,292.6,355.2,364.0,373.7,382.0,374.0,364.6,309.7,319.5,329.0,336.2,343.6,354.3,365.1,355.2,345.3,337.2,329.7,320.0,314.4,329.5,336.8,344.4,360.0,344.3,336.6,329.4,318.4,338.9,358.8,378.6,397.3,413.8,426.8,437.0,439.0,433.8,421.5,407.2,390.5,371.4,351.8,332.3,313.1,304.2,293.3,288.4,289.4,293.7,292.4,287.5,285.8,287.8,295.3,315.7,327.6,339.3,351.6,363.8,365.9,367.7,365.1,362.1,322.7,319.6,318.7,321.2,324.8,325.5,319.0,315.8,316.0,318.1,321.5,321.8,394.1,387.5,383.9,385.4,383.2,385.7,390.4,398.1,401.7,403.1,403.1,401.2,393.8,391.8,391.9,390.7,390.9,391.4,392.7,392.8
473,0,33.028,0.98,1,12.9,107.5,461.0,-0.092,0.105,-0.073,255.9,258.6,262.6,267.8,276.0,288.9,303.7,321.2,341.4,361.8,379.7,394.8,405.3,410.3,412.0,413.3,413.9,265.6,272.7,285.6,300.1,314.2,342.9,357.8,372.2,385.7,395.3,330.4,330.8,331.1,331.6,317.4,325.5,333.4,341.5,348.7,282.5,290.3,299.6,307.9,299.8,290.8,353.3,361.7,371.3,379.7,371.7,362.4,308.6,318.0,327.3,334.6,342.0,352.9,363.6,353.9,344.0,335.9,328.2,318.7,313.2,328.0,335.3,342.9,358.5,342.8,335.1,327.9,319.4,339.9,359.8,379.4,398.0,414.3,427.2,437.5,439.4,434.0,421.5,407.1,390.5,371.7,352.0,332.4,313.1,304.7,293.8,288.7,289.5,293.7,292.3,287.3,285.6,288.1,296.1,314.8,327.2,339.4,352.2,363.8,365.9,367.8,365.0,361.9,321.3,317.7,316.8,319.6,323.0,323.7,317.2,313.7,313.8,316.2,319.4,319.7,394.4,387.8,384.3,385.8,383.6,385.9,390.5,398.3,402.0,403.4,403.3,401.3,394.1,392.0,392.1,390.9,391.0,391.6,393.0,392.9
474,0,33.093,0.98,1,11.6,108.0,461.3,-0.078,0.119,-0.080,255.2,257.9,261.9,267.2,275.3,288.1,302.8,320.1,340.4,360.9,379.1,394.4,404.9,409.9,411.6,412.6,413.0,264.9,272.1,284.8,299.0,312.9,340.9,355.5,369.6,383.2,392.9,328.8,329.1,329.4,329.9,316.1,324.0,331.9,339.8,347.0,281.6,289.2,298.5,306.7,298.7,289.6,351.6,359.8,369.4,377.8,369.9,360.7,307.1,316.4,325.7,332.9,340.4,351.4,362.3,352.4,342.3,334.1,326.4,317.0,311.7,326.3,333.6,341.4,357.2,341.2,333.3,326.1,320.3,340.7,360.6,380.1,398.7,415.0,428.0,438.1,439.8,434.4,421.7,407.1,390.2,371.2,351.4,331.7,312.1,304.8,294.1,289.3,290.2,294.4,292.9,287.7,285.9,288.3,296.0,314.9,327.5,340.1,353.1,364.5,366.7,368.6,365.9,362.8,321.2,317.3,316.5,319.7,323.1,323.7,317.2,313.3,313.3,316.0,319.3,319.7,395.0,388.5,385.0,386.6,384.4,386.7,391.2,399.1,402.7,404.0,403.8,401.8,394.7,392.7,392.8,391.6,391.8,392.4,393.7,393.6
475,0,33.160,0.98,1,11.6,108.6,462.0,-0.071,0.118,-0.080,255.1,257.8,261.9,267.2,275.3,288.1,302.7,320.0,340.2,360.6,378.8,394.1,404.6,409.8,411.5,412.6,412.8,264.9,272.3,285.1,299.3,313.0,340.9,355.3,369.3,382.7,392.4,328.9,329.2,329.5,329.9,316.2,324.1,331.9,339.8,347.0,281.5,289.2,298.5,306.7,298.6,289.5,351.7,359.7,369.4,377.8,370.0,360.7,307.1,316.4,325.7,332.9,340.5,351.4,362.2,352.4,342.4,334.1,326.4,317.0,311.7,326.4,333.7,341.4,357.1,341.2,333.4,326.1,320.3,340.8,360.6,380.3,399.0,415.4,428.4,438.4,440.0,434.6,422.0,407.4,390.5,371.6,351.9,332.1,312.6,304.9,294.3,289.6,290.6,294.8,293.4,288.2,286.4,288.6,296.2,315.3,328.0,340.7,353.8,365.2,367.4,369.2,366.6,363.5,321.4,317.4,316.6,320.1,323.5,324.1,317.6,313.4,313.4,316.3,319.7,320.1,395.7,389.1,385.6,387.2,384.9,387.2,391.8,399.7,403.3,404.6,404.5,402.5,395.4,393.3,393.5,392.2,392.4,393.1,394.4,394.3
476,0,33.227,0.98,1,12.3,109.0,461.9,-0.067,0.103,-0.082,254.9,257.7,261.9,267.2,275.4,288.3,303.3,320.9,341.0,361.2,378.9,394.1,404.6,409.8,411.6,412.6,412.7,264.8,272.2,285.1,299.4,313.3,341.7,355.9,369.7,383.0,392.8,329.6,330.1,330.6,331.2,317.2,325.2,333.1,341.0,348.1,281.9,289.5,299.1,307.4,299.2,289.9,352.3,360.3,370.1,378.4,370.9,361.4,308.3,317.7,327.1,334.3,341.7,352.5,363.2,353.6,343.7,335.6,327.9,318.4,312.9,327.7,335.0,342.7,358.1,342.5,334.8,327.5,320.8,341.2,361.0,380.5,399.3,415.8,428.9,439.0,440.7,435.3,422.5,407.8,390.9,371.8,351.9,332.0,312.3,305.7,295.0,290.3,291.2,295.4,293.9,288.6,286.7,288.7,296.3,315.8,328.6,341.3,354.5,365.9,368.0,369.8,367.1,364.0,321.8,317.6,316.8,320.6,324.0,324.6,317.9,313.4,313.2,316.3,319.9,320.3,396.4,389.8,386.2,387.8,385.4,387.7,392.2,400.1,403.8,405.1,405.1,403.1,396.1,393.9,394.0,392.7,392.8,393.6,395.0,395.0
477,0,33.293,0.98,1,12.6,109.2,462.1,-0.068,0.100,-0.082,255.0,257.8,262.0,267.3,275.6,288.6,303.6,321.2,341.3,361.4,379.1,394.2,404.7,409.8,411.6,412.7,412.8,265.0,272.3,285.3,299.7,313.7,342.2,356.4,370.3,383.6,393.3,330.0,330.5,331.0,331.7,317.6,325.6,333.5,341.4,348.5,282.2,289.8,299.4,307.7,299.6,290.2,352.7,360.6,370.5,378.8,371.2,361.8,308.6,318.1,327.5,334.8,342.2,353.0,363.6,354.1,344.2,336.1,328.4,318.8,313.3,328.2,335.5,343.2,358.6,343.0,335.2,328.0,320.9,341.4,361.2,380.8,399.5,416.1,429.2,439.4,441.0,435.6,422.8,408.1,391.2,372.1,352.3,332.4,312.7,305.9,295.2,290.4,291.4,295.6,294.1,288.8,286.9,289.0,296.7,316.0,328.8,341.5,354.8,366.1,368.3,370.1,367.4,364.2,321.9,317.6,316.9,320.7,324.1,324.7,318.0,313.4,313.3,316.4,320.0,320.4,396.7,390.1,386.5,388.1,385.7,387.9,392.4,400.3,404.0,405.4,405.3,403.4,396.4,394.2,394.3,393.0,393.0,393.9,395.3,395.2
478,0,33.360,0.98,1,12.7,109.2,461.9,-0.067,0.101,-0.082,255.0,257.8,262.1,267.4,275.7,288.7,303.7,321.4,341.4,361.6,379.3,394.4,404.8,409.9,411.7,412.7,412.9,265.0,272.4,285.4,299.9,314.0,342.2,356.4,370.3,383.7,393.4,330.1,330.6,331.1,331.8,317.7,325.7,333.5,341.5,348.6,282.3,289.9,299.5,307.8,299.7,290.3,352.8,360.7,370.6,378.9,371.3,361.8,308.6,318.2,327.5,334.8,342.3,353.1,363.7,354.1,344.3,336.1,328.4,318.8,313.3,328.2,335.5,343.2,358.6,343.0,335.3,328.0,320.8,341.4,361.2,380.9,399.7,416.3,429.4,439.6,441.2,435.7,422.9,408.1,391.2,372.2,352.3,332.5,312.9,306.0,295.2,290.4,291.4,295.7,294.3,288.9,287.0,289.1,296.8,316.0,328.9,341.6,354.9,366.3,368.4,370.2,367.5,364.3,321.9,317.5,316.8,320.8,324.2,324.7,318.1,313.4,313.3,316.5,320.1,320.5,396.8,390.2,386.7,388.2,385.9,388.0,392.5,400.5,404.2,405.5,405.5,403.5,396.4,394.3,394.4,393.1,393.2,394.0,395.4,395.4
479,0,33.427,0.98,1,12.7,109.3,461.6,-0.066,0.101,-0.082,254.9,257.8,262.0,267.3,275.6,288.7,303.8,321.5,341.6,361.7,379.4,394.5,404.9,410.0,411.8,412.8,412.9,265.1,272.4,285.5,300.0,314.1,342.0,356.3,370.2,383.6,393.3,330.1,330.6,331.1,331.7,317.7,325.7,333.5,341.5,348.6,282.2,289.9,299.5,307.8,299.7,290.3,352.7,360.7,370.6,378.9,371.4,361.9,308.6,318.2,327.6,334.8,342.3,353.1,363.8,354.2,344.3,336.1,328.4,318.8,313.3,328.2,335.5,343.2,358.7,343.1,335.3,328.0,320.8,341.4,361.3,380.9,399.8,416.4,429.6,439.7,441.3,435.8,423.0,408.2,391.3,372.2,352.3,332.5,312.8,306.1,295.3,290.5,291.5,295.8,294.4,289.0,287.1,289.2,296.9,316.1,328.9,341.7,355.0,366.4,368.6,370.4,367.6,364.5,321.9,317.5,316.8,320.8,324.2,324.8,318.2,313.4,313.3,316.5,320.1,320.6,396.8,390.3,386.8,388.3,386.0,388.2,392.6,400.6,404.3,405.7,405.6,403.6,396.5,394.4,394.5,393.3,393.3,394.1,395.6,395.5
480,0,33.493,0.98,1,12.6,109.4,461.6,-0.065,0.102,-0.082,255.0,257.7,261.9,267.3,275.6,288.6,303.7,321.4,341.5,361.6,379.3,394.5,404.9,410.0,411.8,412.8,412.9,265.1,272.6,285.6,300.1,314.1,341.9,356.2,370.1,383.5,393.3,330.1,330.5,331.0,331.7,317.7,325.6,333.5,341.4,348.5,282.2,289.8,299.5,307.8,299.6,290.2,352.7,360.7,370.6,378.9,371.4,361.9,308.5,318.1,327.5,334.8,342.2,353.0,363.7,354.1,344.2,336.0,328.4,318.8,313.2,328.1,335.5,343.1,358.7,343.0,335.2,327.9,321.0,341.6,361.5,381.1,399.9,416.5,429.7,439.8,441.4,435.9,423.1,408.4,391.3,372.2,352.3,332.4,312.6,306.1,295.3,290.6,291.6,295.9,294.4,289.0,287.1,289.2,297.0,316.1,329.0,341.8,355.1,366.6,368.7,370.5,367.8,364.6,322.0,317.5,316.9,320.9,324.3,324.9,318.2,313.4,313.3,316.6,320.2,320.7,397.0,390.5,386.9,388.5,386.2,388.3,392.8,400.8,404.4,405.8,405.7,403.7,396.7,394.6,394.7,393.4,393.4,394.3,395.7,395.6
481,0,33.560,0.98,1,12.5,109.4,461.5,-0.064,0.103,-0.082,254.9,257.7,261.9,267.2,275.5,288.5,303.6,321.3,341.4,361.6,379.3,394.4,404.9,410.0,411.8,412.8,412.9,265.1,272.6,285.7,300.2,314.1,341.8,356.0,370.0,383.4,393.1,329.9,330.4,330.9,331.5,317.6,325.5,333.3,341.2,348.4,282.0,289.6,299.3,307.6,299.5,290.0,352.7,360.6,370.6,378.9,371.4,361.9,308.5,318.0,327.4,334.6,342.1,352.9,363.6,354.0,344.0,335.9,328.2,318.7,313.1,328.0,335.3,343.0,358.5,342.8,335.1,327.8,321.1,341.7,361.5,381.2,400.0,416.6,429.8,440.0,441.6,436.1,423.3,408.5,391.4,372.3,352.3,332.4,312.6,306.2,295.4,290.7,291.7,296.0,294.5,289.1,287.2,289.3,297.1,316.1,329.1,341.9,355.3,366.7,368.9,370.6,368.0,364.8,322.1,317.5,316.9,321.0,324.4,325.0,318.3,313.5,313.3,316.6,320.3,320.8,397.1,390.6,387.0,388.6,386.2,388.4,392.9,400.9,404.5,405.9,405.8,403.8,396.8,394.7,394.8,393.5,393.6,394.4,395.8,395.7
482,0,33.627,0.98,1,12.4,109.4,461.3,-0.064,0.103,-0.083,254.7,257.5,261.7,267.1,275.4,288.4,303.5,321.2,341.3,361.5,379.2,394.4,404.8,409.9,411.7,412.7,412.7,264.9,272.5,285.6,300.1,314.0,341.6,355.8,369.7,383.1,392.9,329.8,330.3,330.8,331.4,317.5,325.4,333.2,341.1,348.2,281.8,289.4,299.1,307.4,299.3,289.8,352.5,360.5,370.4,378.7,371.2,361.7,308.3,317.9,327.2,334.5,341.9,352.8,363.4,353.8,343.9,335.7,328.1,318.5,313.0,327.9,335.2,342.9,358.4,342.7,334.9,327.7,321.1,341.7,361.6,381.3,400.1,416.7,429.9,440.0,441.6,436.1,423.3,408.5,391.4,372.2,352.2,332.3,312.5,306.3,295.5,290.9,291.8,296.0,294.5,289.2,287.3,289.3,297.1,316.1,329.1,341.9,355.3,366.7,368.9,370.7,368.0,364.8,322.1,317.6,316.9,321.0,324.4,325.0,318.3,313.4,313.2,316.6,320.2,320.7,397.2,390.6,387.0,388.6,386.3,388.5,393.0,400.9,404.6,405.9,405.8,403.9,396.9,394.7,394.8,393.5,393.6,394.5,395.9,395.8
483,0,33.693,0.98,1,12.3,109.4,461.4,-0.064,0.104,-0.084,254.6,257.4,261.6,267.0,275.3,288.3,303.4,321.1,341.2,361.4,379.2,394.3,404.8,409.9,411.7,412.6,412.7,264.8,272.4,285.5,300.1,314.1,341.2,355.5,369.5,383.0,392.9,329.6,330.1,330.6,331.3,317.3,325.2,333.1,341.0,348.1,281.7,289.3,299.0,307.3,299.2,289.7,352.4,360.3,370.2,378.5,371.0,361.5,308.2,317.8,327.1,334.3,341.8,352.6,363.3,353.7,343.8,335.6,327.9,318.4,312.9,327.7,335.0,342.7,358.2,342.6,334.8,327.5,321.2,341.8,361.7,381.3,400.2,416.7,429.9,440.0,441.6,436.1,423.3,408.4,391.3,372.1,352.1,332.2,312.4,306.3,295.5,290.8,291.8,296.1,294.6,289.1,287.2,289.2,297.1,316.1,329.1,341.9,355.2,366.7,368.9,370.6,367.9,364.8,322.1,317.5,316.8,321.0,324.4,325.0,318.3,313.3,313.1,316.5,320.1,320.7,397.2,390.6,387.0,388.6,386.2,388.4,393.0,400.9,404.5,405.9,405.8,403.9,396.9,394.6,394.8,393.5,393.6,394.5,395.9,395.8
484,0,33.759,0.98,1,12.1,109.3,461.5,-0.066,0.105,-0.084,254.5,257.3,261.6,266.9,275.2,288.2,303.3,321.0,341.1,361.3,379.1,394.3,404.6,409.7,411.5,412.4,412.4,264.7,272.3,285.3,299.8,313.7,341.2,355.4,369.3,382.7,392.5,329.5,329.9,330.4,331.1,317.2,325.1,332.9,340.8,347.9,281.6,289.2,298.9,307.1,299.0,289.6,352.2,360.1,370.0,378.3,370.8,361.3,308.0,317.6,326.9,334.1,341.6,352.5,363.1,353.5,343.6,335.4,327.7,318.2,312.7,327.5,334.8,342.6,358.1,342.4,334.6,327.3,321.2,341.7,361.6,381.3,400.1,416.7,429.9,440.0,441.5,436.1,423.2,408.3,391.2,372.1,352.1,332.3,312.6,306.1,295.3,290.6,291.5,295.8,294.3,288.9,286.9,289.0,296.7,315.8,328.8,341.7,355.0,366.5,368.7,370.4,367.8,364.6,321.9,317.3,316.7,320.8,324.2,324.8,318.1,313.1,313.0,316.3,320.0,320.5,396.9,390.4,386.8,388.4,386.0,388.2,392.8,400.7,404.3,405.6,405.5,403.6,396.6,394.5,394.6,393.3,393.4,394.2,395.6,395.5
485,0,33.827,0.98,1,12.0,106.8,454.0,-0.104,0.096,-0.079,254.4,257.2,261.3,266.7,275.3,288.4,303.5,320.9,341.0,361.3,378.9,394.1,404.6,409.5,411.2,412.5,412.9,263.1,270.6,284.0,298.7,313.1,342.0,356.6,370.7,384.4,394.7,329.6,329.9,330.3,330.8,316.1,324.4,332.8,340.9,348.4,279.4,287.5,297.3,306.4,297.6,288.0,353.4,362.6,372.8,381.5,373.3,363.3,307.5,317.2,326.6,333.9,341.4,352.4,363.4,353.4,343.4,335.2,327.5,317.9,312.3,327.3,334.7,342.3,358.1,342.2,334.4,327.1,320.7,341.5,361.5,381.3,400.1,416.5,429.4,439.4,441.2,435.8,423.2,408.5,391.4,372.0,351.8,331.7,312.0,305.7,294.5,289.5,290.4,294.6,293.0,287.9,285.9,287.8,295.5,315.2,327.8,340.4,353.5,365.2,367.4,369.2,366.4,363.2,322.6,318.8,317.9,320.9,324.6,325.4,318.1,314.2,314.2,316.7,320.3,320.7,396.2,389.3,385.5,387.0,384.5,387.1,391.9,399.8,403.4,404.9,404.9,403.1,395.9,393.4,393.5,392.3,392.5,392.7,394.1,394.2
486,0,33.893,0.98,1,11.6,106.9,461.8,-0.082,0.111,-0.088,254.2,256.9,261.4,267.0,275.4,288.3,303.1,320.7,340.9,361.2,379.0,394.1,404.4,409.5,411.2,411.7,411.4,264.8,272.7,285.3,299.2,312.4,340.5,354.5,368.0,380.8,390.1,328.5,329.0,329.7,330.5,316.9,324.6,332.3,340.2,347.2,281.4,288.6,298.2,306.2,298.3,289.0,350.8,358.0,367.8,375.9,368.8,359.5,307.8,317.1,326.5,333.7,341.2,352.2,362.8,353.4,343.3,335.1,327.4,317.9,312.4,327.2,334.5,342.2,357.9,342.1,334.3,327.0,319.6,340.5,360.9,380.9,399.8,416.2,429.1,438.8,440.1,434.9,422.2,407.3,390.2,371.0,351.1,331.2,311.4,302.1,291.6,286.8,287.4,291.3,289.6,284.3,282.6,284.9,292.7,311.9,325.2,338.3,351.9,363.9,366.0,367.7,365.0,361.6,318.8,313.7,313.0,317.5,320.9,321.5,314.4,309.1,308.8,312.6,316.1,316.7,395.1,387.9,384.2,385.7,383.4,385.5,390.4,398.3,401.9,403.2,403.1,401.4,394.7,392.0,392.0,390.7,391.0,392.0,393.4,393.4
487,0,33.965,0.98,1,11.2,103.8,455.1,-0.102,0.108,-0.089,253.9,256.6,261.2,266.9,275.3,288.2,303.3,321.1,341.3,361.5,379.1,394.1,404.1,409.0,410.9,411.4,410.7,263.6,272.0,284.9,298.8,312.2,339.7,353.4,367.2,380.3,389.8,328.1,328.7,329.3,330.0,316.8,324.5,332.1,339.8,346.8,280.1,287.3,297.7,306.2,297.9,287.6,350.2,357.8,368.3,376.8,369.7,359.6,307.6,317.0,326.3,333.5,340.9,351.9,362.9,353.2,343.0,334.9,327.3,317.7,312.3,327.1,334.3,342.0,357.8,341.8,334.1,326.9,318.5,339.5,360.2,380.5,399.5,415.9,428.7,438.2,439.2,434.1,421.5,406.6,389.3,370.1,350.1,330.2,310.4,299.8,289.0,284.1,284.6,288.7,286.9,281.3,279.6,281.9,290.2,309.3,322.8,336.1,349.9,363.1,364.9,366.5,363.9,360.7,316.5,310.1,309.7,315.8,319.3,320.0,312.7,305.5,305.0,310.0,314.1,314.9,394.4,387.0,382.9,384.3,382.0,384.4,389.5,397.3,400.7,402.0,402.0,400.4,393.9,390.9,390.9,389.5,390.1,390.8,392.3,392.2
488,0,34.032,0.98,1,10.9,103.5,455.0,-0.098,0.109,-0.093,253.7,256.3,261.0,266.8,275.3,288.1,303.3,321.1,341.3,361.5,379.1,394.1,404.0,408.8,410.6,411.0,410.3,263.3,271.9,284.6,298.2,311.2,339.5,352.7,366.0,378.6,388.2,327.7,328.3,328.9,329.7,316.7,324.4,331.9,339.5,346.4,279.7,286.8,297.3,305.9,297.5,287.1,349.8,357.3,367.9,376.5,369.5,359.3,307.5,316.9,326.2,333.3,340.7,351.7,362.8,353.0,342.8,334.8,327.2,317.6,312.1,327.0,334.2,341.8,357.6,341.6,334.0,326.8,318.3,339.4,360.1,380.4,399.3,415.8,428.6,437.9,438.8,433.8,421.3,406.4,389.0,369.8,349.8,329.9,310.0,298.5,288.1,283.4,284.0,288.0,286.1,280.7,278.9,280.9,288.7,308.8,322.4,335.8,349.6,363.1,364.9,366.4,363.8,360.7,316.2,309.6,309.2,315.7,319.3,319.9,312.5,305.0,304.4,309.6,313.9,314.8,394.3,386.9,382.7,384.2,381.7,384.2,389.2,397.1,400.5,401.9,401.9,400.4,393.9,390.8,390.8,389.4,389.9,390.7,392.2,392.1
489,0,34.099,0.98,1,10.7,103.5,454.3,-0.098,0.109,-0.093,253.5,256.2,260.9,266.7,275.2,288.0,303.1,321.0,341.1,361.4,379.0,394.0,403.8,408.6,410.3,410.9,410.2,263.0,271.4,284.2,298.0,311.2,339.1,352.6,366.2,379.2,388.7,327.4,328.0,328.7,329.4,316.5,324.2,331.7,339.3,346.2,279.5,286.7,297.2,305.8,297.4,287.0,349.5,357.1,367.8,376.3,369.4,359.1,307.2,316.6,325.9,333.1,340.4,351.5,362.6,352.8,342.6,334.5,327.0,317.4,311.9,326.7,333.9,341.5,357.4,341.4,333.7,326.5,318.7,339.7,360.3,380.6,399.4,415.8,428.6,438.0,438.8,433.7,421.1,406.1,388.7,369.4,349.5,329.7,309.8,299.2,288.4,283.5,284.0,288.0,286.1,280.4,278.7,281.0,289.2,308.8,322.5,335.9,349.8,363.3,365.1,366.5,364.0,360.9,316.4,309.7,309.3,315.7,319.3,320.0,312.5,304.9,304.3,309.5,313.9,314.8,394.4,387.1,383.0,384.4,382.0,384.4,389.4,397.3,400.8,402.1,402.1,400.5,394.0,391.0,391.0,389.6,390.0,390.9,392.3,392.3
490,0,34.166,0.98,1,10.6,103.4,453.3,-0.091,0.108,-0.094,253.4,256.1,260.7,266.6,275.1,287.9,303.0,320.8,341.0,361.3,378.9,393.9,403.8,408.6,410.4,410.9,410.2,262.9,271.4,284.2,298.1,311.3,338.8,352.3,366.0,379.1,388.7,327.4,327.9,328.6,329.3,316.4,324.0,331.6,339.2,346.2,279.3,286.6,297.1,305.8,297.3,286.9,349.4,357.0,367.7,376.3,369.3,359.0,307.2,316.6,325.9,333.0,340.4,351.5,362.5,352.8,342.6,334.5,326.9,317.4,311.8,326.7,333.9,341.5,357.3,341.3,333.7,326.5,318.7,339.7,360.4,380.6,399.5,415.9,428.7,438.1,439.0,433.8,421.2,406.1,388.6,369.3,349.4,329.6,309.8,298.8,288.1,283.4,284.0,288.2,286.4,280.6,278.8,281.1,289.3,309.2,322.8,336.3,350.1,363.6,365.4,366.9,364.4,361.3,316.4,309.8,309.4,316.0,319.5,320.1,312.8,305.2,304.5,309.7,314.1,315.0,394.8,387.5,383.4,384.8,382.4,384.8,389.7,397.6,401.1,402.5,402.5,400.9,394.4,391.5,391.4,390.0,390.4,391.2,392.7,392.6
491,0,34.232,0.98,1,10.7,103.6,453.4,-0.089,0.108,-0.093,253.4,256.0,260.7,266.6,275.1,287.9,303.0,320.8,341.0,361.4,379.0,394.0,403.8,408.6,410.4,411.0,410.2,263.1,271.6,284.4,298.1,311.3,339.0,352.4,366.0,379.0,388.6,327.5,328.0,328.7,329.4,316.4,324.1,331.6,339.3,346.3,279.4,286.6,297.2,305.8,297.4,286.9,349.5,357.1,367.8,376.4,369.4,359.1,307.2,316.7,326.0,333.1,340.4,351.5,362.6,352.8,342.6,334.6,327.0,317.4,311.9,326.8,333.9,341.6,357.4,341.4,333.7,326.6,318.7,339.7,360.3,380.6,399.5,416.0,428.8,438.2,439.1,434.0,421.3,406.1,388.6,369.4,349.5,329.7,310.0,298.7,288.2,283.5,284.0,288.2,286.4,280.7,278.9,281.2,289.2,309.2,322.9,336.4,350.3,363.8,365.6,367.1,364.6,361.5,316.5,309.9,309.5,316.0,319.6,320.2,312.9,305.3,304.7,309.9,314.2,315.2,395.0,387.7,383.6,385.0,382.6,385.0,389.9,397.8,401.3,402.7,402.7,401.1,394.6,391.7,391.6,390.2,390.6,391.4,392.9,392.8
492,0,34.297,0.98,1,10.8,103.6,453.4,-0.087,0.108,-0.093,253.4,256.1,260.7,266.6,275.2,288.0,303.1,321.0,341.2,361.5,379.1,394.1,403.9,408.7,410.5,411.1,410.4,263.1,271.8,284.5,298.3,311.4,339.2,352.6,366.1,379.0,388.6,327.6,328.2,328.8,329.6,316.6,324.3,331.8,339.4,346.4,279.5,286.7,297.3,305.9,297.5,287.0,349.7,357.3,368.0,376.6,369.6,359.3,307.3,316.8,326.1,333.2,340.5,351.6,362.6,352.9,342.6,334.6,327.1,317.5,311.9,326.9,334.0,341.6,357.5,341.5,333.8,326.7,318.7,339.7,360.4,380.7,399.7,416.1,429.0,438.4,439.2,434.1,421.3,406.2,388.7,369.4,349.6,329.8,310.1,298.7,288.2,283.5,284.1,288.2,286.3,280.7,278.9,281.1,289.1,309.2,323.0,336.5,350.5,364.0,365.7,367.2,364.7,361.6,316.6,309.9,309.6,316.1,319.7,320.3,312.9,305.3,304.7,309.9,314.3,315.2,395.1,387.8,383.7,385.2,382.7,385.1,390.0,398.0,401.5,402.8,402.8,401.2,394.7,391.8,391.8,390.4,390.7,391.6,393.0,393.0
493,0,34.365,0.98,1,10.9,103.7,453.3,-0.087,0.108,-0.092,253.5,256.1,260.8,266.6,275.1,288.0,303.1,321.0,341.2,361.6,379.3,394.2,404.0,408.8,410.6,411.2,410.5,263.3,271.9,284.6,298.4,311.6,339.5,352.8,366.3,379.1,388.7,327.8,328.4,329.0,329.7,316.8,324.4,332.0,339.6,346.5,279.6,286.8,297.4,306.1,297.6,287.1,349.9,357.5,368.2,376.8,369.8,359.5,307.3,316.8,326.2,333.3,340.6,351.7,362.8,353.0,342.7,334.7,327.1,317.5,312.0,327.0,334.1,341.7,357.6,341.6,333.9,326.7,318.7,339.7,360.3,380.7,399.6,416.2,429.1,438.5,439.4,434.3,421.5,406.3,388.8,369.5,349.7,330.0,310.3,298.8,288.2,283.5,284.1,288.2,286.3,280.7,279.0,281.2,289.2,309.3,323.1,336.6,350.6,364.1,365.9,367.4,364.9,361.8,316.6,310.0,309.6,316.2,319.8,320.4,313.0,305.4,304.8,310.0,314.4,315.3,395.3,388.0,383.9,385.3,382.9,385.3,390.2,398.2,401.7,403.1,403.1,401.5,394.8,392.0,392.0,390.6,390.9,391.8,393.3,393.2
494,0,34.433,0.98,1,11.0,103.7,452.7,-0.088,0.107,-0.092,253.5,256.2,260.8,266.7,275.2,288.0,303.2,321.1,341.3,361.7,379.4,394.4,404.2,408.9,410.7,411.3,410.6,263.3,271.9,284.7,298.5,311.7,339.5,352.8,366.3,379.1,388.7,328.0,328.5,329.2,329.9,316.9,324.6,332.1,339.8,346.7,279.7,286.9,297.6,306.2,297.7,287.2,350.1,357.7,368.4,377.0,370.0,359.7,307.4,317.0,326.3,333.5,340.8,351.9,363.0,353.2,342.9,334.8,327.3,317.6,312.1,327.1,334.3,341.9,357.8,341.7,334.0,326.9,318.7,339.7,360.4,380.7,399.7,416.3,429.2,438.7,439.6,434.4,421.7,406.5,389.0,369.7,349.9,330.2,310.4,299.0,288.3,283.6,284.1,288.3,286.5,280.8,279.1,281.3,289.3,309.3,323.1,336.7,350.7,364.2,366.0,367.5,365.0,362.0,316.7,310.0,309.6,316.3,319.9,320.4,313.1,305.5,304.8,310.1,314.5,315.5,395.4,388.2,384.1,385.5,383.1,385.5,390.5,398.4,401.9,403.2,403.2,401.6,395.0,392.2,392.2,390.8,391.2,392.0,393.4,393.4
495,0,34.499,0.98,1,11.1,103.8,452.5,-0.089,0.106,-0.091,253.6,256.2,260.9,266.7,275.2,288.1,303.2,321.1,341.4,361.8,379.5,394.5,404.2,408.9,410.8,411.4,410.8,263.5,272.0,284.7,298.5,311.8,339.7,353.0,366.5,379.3,388.8,328.1,328.7,329.3,330.0,317.0,324.7,332.2,339.9,346.8,279.8,287.1,297.6,306.3,297.8,287.4,350.2,357.8,368.5,377.1,370.1,359.8,307.5,317.0,326.4,333.6,341.0,352.0,363.1,353.3,343.0,334.9,327.3,317.7,312.1,327.2,334.4,342.1,357.9,341.8,334.1,326.9,318.7,339.8,360.4,380.7,399.8,416.3,429.3,438.8,439.7,434.5,421.8,406.7,389.2,369.9,350.1,330.4,310.6,299.0,288.4,283.6,284.1,288.3,286.5,280.9,279.2,281.4,289.3,309.4,323.2,336.8,350.8,364.3,366.1,367.6,365.1,362.0,316.9,310.3,309.9,316.4,320.0,320.6,313.3,305.8,305.2,310.4,314.7,315.6,395.6,388.3,384.2,385.7,383.2,385.7,390.6,398.5,402.0,403.4,403.4,401.8,395.2,392.4,392.3,390.9,391.3,392.1,393.5,393.5
496,0,34.566,0.98,1,11.4,104.3,451.3,-0.112,0.099,-0.086,254.2,256.4,260.4,266.3,275.1,288.3,303.4,321.0,341.3,361.9,379.5,394.6,404.4,409.0,410.6,411.6,411.5,263.8,272.0,285.0,299.1,312.7,340.6,353.8,367.0,379.9,390.2,328.8,329.2,329.6,330.1,316.0,324.3,332.5,340.5,347.9,278.6,286.5,296.5,305.7,296.8,287.0,352.5,361.8,372.1,380.7,372.8,362.7,307.1,317.0,326.4,333.6,341.0,352.1,363.3,353.2,343.0,334.9,327.3,317.7,311.8,327.1,334.4,342.0,358.0,341.8,334.1,326.9,319.8,340.7,360.9,381.0,400.0,416.3,428.9,438.4,439.7,434.5,422.0,407.2,389.7,370.2,350.1,330.3,310.9,299.8,288.9,284.0,284.8,289.2,287.4,282.0,280.1,281.5,288.8,311.7,324.8,337.7,351.1,364.2,366.2,367.8,365.2,362.1,320.7,316.3,315.6,319.2,323.1,323.8,316.1,311.4,311.3,314.2,318.2,318.8,395.6,388.4,384.2,385.7,383.2,386.0,391.0,398.8,402.3,403.8,403.9,402.4,395.3,392.7,392.7,391.4,391.6,391.9,393.3,393.5
497,0,34.633,0.98,1,11.6,106.5,458.7,-0.087,0.107,-0.088,254.1,256.4,260.5,266.4,275.1,288.4,303.1,320.7,341.1,361.7,379.6,394.6,404.5,409.2,410.6,411.6,411.9,265.1,272.9,285.4,299.3,312.6,340.7,354.1,367.2,379.9,389.9,328.8,329.3,329.8,330.3,316.4,324.5,332.5,340.5,347.8,281.0,288.7,298.0,306.2,298.1,289.1,351.8,360.1,369.7,377.9,370.3,361.0,307.3,317.0,326.3,333.7,341.2,352.2,363.0,353.2,343.2,334.9,327.2,317.6,312.0,327.0,334.5,342.2,358.0,341.9,334.1,326.7,320.3,341.0,361.3,381.3,400.1,416.5,429.2,438.7,439.9,434.6,421.9,407.1,389.8,370.5,350.5,330.6,311.1,300.5,289.8,285.0,285.8,290.1,288.2,282.7,280.8,282.4,289.6,312.6,325.6,338.5,351.8,364.1,366.2,368.0,365.2,362.0,321.0,317.2,316.4,319.1,322.8,323.6,316.1,312.5,312.4,314.8,318.3,318.7,395.6,388.5,384.7,386.1,383.8,386.2,391.0,399.0,402.6,404.0,404.1,402.4,395.3,392.9,392.9,391.6,391.7,392.2,393.6,393.7
498,0,34.699,0.98,1,11.6,107.0,459.5,-0.082,0.104,-0.089,254.0,256.4,260.6,266.4,275.1,288.3,303.1,320.7,341.1,361.7,379.6,394.5,404.4,409.2,410.6,411.5,411.6,265.0,272.8,285.4,299.4,312.8,340.6,354.2,367.5,380.4,390.2,328.8,329.3,329.8,330.4,316.6,324.6,332.5,340.5,347.6,281.1,288.8,298.0,306.3,298.2,289.2,351.5,359.7,369.3,377.5,369.9,360.7,307.4,317.0,326.4,333.8,341.3,352.2,363.0,353.2,343.3,335.0,327.2,317.7,312.1,327.1,334.5,342.2,358.0,342.0,334.2,326.8,320.3,341.1,361.3,381.3,400.2,416.6,429.3,438.9,440.2,434.7,422.0,407.1,389.8,370.5,350.5,330.6,311.0,301.9,291.3,286.6,287.5,291.6,289.7,284.2,282.3,284.0,291.2,313.2,326.1,339.0,352.3,364.4,366.5,368.3,365.5,362.3,321.1,317.2,316.4,319.3,322.9,323.6,316.2,312.4,312.2,314.8,318.2,318.7,395.7,388.7,385.0,386.4,384.1,386.4,391.1,399.1,402.7,404.2,404.2,402.4,395.4,393.0,393.0,391.7,391.8,392.4,393.8,393.9
499,0,34.766,0.98,1,11.5,107.2,458.6,-0.084,0.102,-0.090,253.5,256.4,260.8,266.4,275.0,288.3,303.2,320.9,341.2,361.6,379.5,394.4,404.5,409.3,410.7,411.6,411.7,263.7,271.1,284.0,298.5,312.5,340.2,354.5,368.4,381.9,391.8,328.6,329.2,329.8,330.4,316.5,324.5,332.4,340.5,347.6,280.8,288.5,297.9,306.3,298.1,289.0,351.3,359.4,369.2,377.5,369.9,360.5,307.5,316.9,326.4,333.7,341.3,352.2,363.1,353.3,343.4,335.1,327.3,317.7,312.1,327.1,334.5,342.3,358.0,342.1,334.2,326.8,320.5,341.4,361.6,381.5,400.3,416.6,429.4,439.1,440.4,434.9,422.0,407.0,389.9,370.7,350.8,330.9,311.3,304.5,293.4,288.3,289.1,293.4,291.5,285.9,283.8,285.8,293.6,314.0,326.9,339.5,352.8,364.8,366.8,368.6,365.8,362.5,321.3,317.2,316.3,319.6,323.1,323.9,316.5,312.3,312.1,314.9,318.4,318.9,395.9,389.0,385.2,386.7,384.3,386.6,391.3,399.2,402.9,404.4,404.4,402.5,395.5,393.1,393.2,391.8,391.9,392.5,394.0,394.0
500,0,34.833,0.98,1,11.6,107.7,459.9,-0.079,0.102,-0.091,253.6,256.4,260.8,266.4,275.0,288.2,303.2,321.0,341.3,361.6,379.4,394.4,404.5,409.3,410.8,411.6,411.6,264.0,271.4,284.3,298.7,312.6,340.3,354.2,367.9,381.2,391.1,328.6,329.2,329.8,330.5,316.6,324.6,332.5,340.5,347.6,280.9,288.5,298.0,306.3,298.2,289.0,351.4,359.4,369.2,377.4,369.9,360.5,307.7,317.1,326.5,333.9,341.4,352.3,363.1,353.5,343.5,335.3,327.5,317.9,312.4,327.2,334.6,342.4,358.0,342.2,334.4,327.0,320.9,341.6,361.6,381.4,400.2,416.6,429.5,439.3,440.6,435.0,422.1,407.1,390.0,370.8,350.9,331.0,311.4,304.6,293.7,288.8,289.7,294.0,292.2,286.5,284.4,286.1,293.6,314.4,327.2,339.9,353.1,365.1,367.1,368.9,366.1,362.8,321.4,317.1,316.3,319.8,323.3,324.0,316.7,312.2,312.0,314.9,318.5,319.0,396.1,389.2,385.4,386.9,384.5,386.8,391.5,399.4,403.1,404.5,404.6,402.8,395.8,393.3,393.3,392.0,392.1,392.8,394.3,394.4
501,0,34.897,0.98,1,11.8,108.1,460.2,-0.075,0.100,-0.090,253.7,256.6,260.9,266.5,275.0,288.1,303.2,321.0,341.3,361.6,379.3,394.3,404.5,409.4,410.9,411.7,411.6,264.0,271.5,284.3,298.7,312.6,340.7,354.8,368.5,381.8,391.5,328.9,329.4,330.1,330.8,316.8,324.8,332.7,340.7,347.8,281.0,288.6,298.1,306.5,298.3,289.1,351.5,359.5,369.3,377.6,370.1,360.7,307.8,317.3,326.7,334.0,341.5,352.4,363.2,353.6,343.6,335.4,327.7,318.1,312.5,327.4,334.8,342.5,358.1,342.3,334.5,327.2,321.2,341.8,361.8,381.5,400.3,416.7,429.6,439.4,440.8,435.2,422.2,407.2,390.1,371.0,351.1,331.3,311.7,305.0,294.1,289.3,290.1,294.3,292.5,286.9,284.9,286.8,294.4,314.8,327.7,340.6,353.9,365.6,367.7,369.4,366.6,363.3,321.6,317.2,316.5,320.1,323.6,324.3,316.9,312.4,312.2,315.1,318.7,319.3,396.4,389.5,385.8,387.3,384.9,387.1,391.7,399.7,403.5,404.9,404.9,403.1,396.1,393.7,393.7,392.3,392.4,393.2,394.7,394.7
502,0,34.966,0.98,1,11.8,108.7,459.9,-0.069,0.099,-0.091,253.6,256.6,261.0,266.6,275.1,288.3,303.4,321.2,341.4,361.7,379.3,394.3,404.5,409.4,410.9,411.8,411.8,263.7,271.0,284.1,298.7,312.9,340.5,354.8,368.8,382.3,392.2,328.9,329.5,330.1,330.8,316.8,324.8,332.8,340.8,347.9,280.9,288.6,298.2,306.5,298.4,289.1,351.6,359.7,369.5,377.8,370.3,360.8,307.9,317.4,326.8,334.1,341.7,352.6,363.3,353.7,343.8,335.5,327.8,318.1,312.6,327.5,334.9,342.7,358.2,342.5,334.6,327.3,321.6,342.2,362.2,381.9,400.6,417.0,430.0,439.9,441.3,435.6,422.6,407.7,390.5,371.3,351.4,331.5,311.7,306.5,295.5,290.4,291.2,295.4,293.6,288.0,286.0,288.0,295.8,315.6,328.6,341.5,354.9,366.4,368.5,370.3,367.4,364.2,322.3,318.0,317.2,320.8,324.3,325.0,317.7,313.1,312.9,315.8,319.5,320.0,397.2,390.5,386.9,388.4,386.0,388.1,392.6,400.6,404.3,405.7,405.7,403.9,396.9,394.6,394.6,393.3,393.2,394.0,395.5,395.5
503,0,35.033,0.98,1,11.6,109.9,460.7,-0.053,0.104,-0.094,253.6,256.6,261.0,266.5,275.0,288.1,303.2,321.0,341.1,361.3,379.1,394.2,404.6,409.5,411.1,411.9,411.8,263.5,270.8,283.8,298.3,312.4,340.3,354.4,368.2,381.7,391.6,328.6,329.2,329.8,330.5,316.6,324.6,332.5,340.4,347.6,280.7,288.3,298.0,306.3,298.1,288.8,351.5,359.4,369.3,377.6,370.1,360.6,307.7,317.1,326.4,333.8,341.4,352.3,362.9,353.4,343.4,335.1,327.3,317.8,312.3,327.1,334.6,342.4,357.9,342.1,334.3,326.9,322.4,342.9,362.7,382.3,401.1,417.7,430.8,440.9,442.2,436.4,423.2,408.0,390.7,371.5,351.5,331.6,311.8,307.2,296.4,291.6,292.6,296.9,295.1,289.5,287.3,289.0,296.6,317.0,330.0,342.9,356.2,367.6,369.7,371.5,368.7,365.5,323.2,318.9,318.1,322.0,325.5,326.1,318.8,314.1,313.8,316.9,320.6,321.2,398.3,391.6,388.0,389.5,387.1,389.3,393.7,401.8,405.5,407.0,406.9,405.0,398.0,395.8,395.8,394.5,394.4,395.3,396.8,396.8
504,0,35.099,0.98,1,11.5,110.2,460.6,-0.049,0.108,-0.092,253.6,256.5,260.8,266.4,274.9,288.1,303.1,320.8,340.9,361.2,379.0,394.2,404.6,409.6,411.2,412.1,412.0,263.7,271.3,284.2,298.5,312.3,340.4,354.6,368.5,381.9,391.8,328.4,328.9,329.4,330.1,316.2,324.2,332.1,340.1,347.2,280.5,288.2,297.8,306.1,298.0,288.6,351.4,359.3,369.2,377.5,370.0,360.5,307.4,316.8,326.1,333.5,341.0,351.9,362.7,353.1,343.1,334.8,327.1,317.5,312.1,326.8,334.2,342.0,357.6,341.8,333.9,326.6,322.7,343.2,363.0,382.7,401.5,418.0,431.2,441.2,442.6,436.8,423.6,408.3,391.0,371.8,351.8,332.0,312.2,306.8,296.4,291.9,292.9,297.1,295.4,289.7,287.6,289.5,297.0,317.3,330.4,343.3,356.7,368.0,370.2,372.0,369.2,366.0,323.4,319.0,318.3,322.3,325.7,326.3,319.2,314.4,314.2,317.3,321.0,321.6,398.7,392.0,388.4,390.0,387.6,389.7,394.2,402.2,406.0,407.4,407.3,405.4,398.4,396.2,396.3,395.0,394.8,395.8,397.3,397.2
505,0,35.166,0.98,1,11.5,110.4,460.2,-0.046,0.106,-0.093,253.5,256.4,260.8,266.4,274.9,288.1,303.2,320.9,341.0,361.2,378.9,394.1,404.5,409.6,411.3,412.1,411.9,263.5,271.0,283.9,298.3,312.2,340.3,354.5,368.3,381.7,391.6,328.5,329.0,329.6,330.3,316.3,324.3,332.3,340.2,347.4,280.5,288.1,297.8,306.0,297.9,288.5,351.3,359.2,369.1,377.4,369.9,360.5,307.5,317.0,326.3,333.6,341.1,352.0,362.8,353.2,343.2,334.9,327.2,317.7,312.2,327.0,334.4,342.1,357.7,341.9,334.1,326.7,322.9,343.4,363.2,382.8,401.7,418.3,431.5,441.6,443.0,437.2,423.9,408.7,391.4,372.1,352.1,332.1,312.3,307.2,296.7,292.1,293.2,297.4,295.7,290.1,288.0,289.8,297.4,317.7,330.8,343.8,357.2,368.4,370.6,372.4,369.6,366.4,323.7,319.3,318.6,322.5,326.0,326.6,319.5,314.7,314.5,317.5,321.3,321.9,399.0,392.4,388.8,390.4,388.0,390.1,394.5,402.6,406.3,407.8,407.7,405.7,398.7,396.5,396.6,395.3,395.2,396.2,397.7,397.6
506,0,35.233,0.98,1,11.5,110.9,460.1,-0.046,0.105,-0.093,253.3,256.4,260.9,266.5,275.0,288.2,303.3,320.9,341.0,361.2,379.0,394.2,404.5,409.6,411.2,412.1,412.1,263.2,270.5,283.5,298.1,312.2,340.3,354.6,368.5,382.1,392.0,328.5,329.1,329.7,330.4,316.4,324.4,332.4,340.4,347.5,280.5,288.2,297.8,306.1,298.0,288.6,351.4,359.3,369.3,377.6,370.1,360.6,307.5,317.0,326.4,333.7,341.2,352.1,362.9,353.2,343.2,335.0,327.2,317.7,312.2,327.1,334.4,342.2,357.9,341.9,334.1,326.8,323.1,343.7,363.5,383.2,402.0,418.6,431.8,441.9,443.3,437.6,424.3,409.1,391.8,372.6,352.6,332.7,312.8,308.4,297.6,292.8,293.7,297.9,296.2,290.6,288.5,290.4,298.1,318.1,331.3,344.3,357.9,368.9,371.1,373.0,370.2,366.9,324.2,319.9,319.1,323.0,326.5,327.1,319.9,315.2,314.9,318.0,321.7,322.3,399.4,393.0,389.5,391.0,388.6,390.7,394.9,403.1,406.9,408.3,408.2,406.2,399.1,397.1,397.2,395.9,395.7,396.7,398.1,398.1
507,0,35.296,0.98,1,11.5,111.6,460.5,-0.038,0.107,-0.093,253.6,256.5,260.9,266.6,275.1,288.2,303.3,320.9,341.0,361.2,379.0,394.0,404.4,409.5,411.2,412.1,412.1,263.6,271.2,284.1,298.4,312.2,340.3,354.5,368.2,381.5,391.5,328.4,328.9,329.5,330.2,316.3,324.3,332.2,340.2,347.4,280.5,288.1,297.8,306.1,297.9,288.6,351.4,359.3,369.2,377.5,370.0,360.5,307.4,316.9,326.2,333.6,341.2,352.1,362.9,353.3,343.2,334.9,327.1,317.6,312.1,326.9,334.3,342.1,357.9,341.9,334.0,326.7,323.5,344.0,363.8,383.4,402.3,419.0,432.4,442.5,443.9,438.1,424.9,409.7,392.3,373.1,353.1,333.2,313.4,308.3,298.0,293.5,294.5,298.6,296.9,291.4,289.4,291.2,298.5,318.8,332.0,345.1,358.7,369.8,372.0,373.8,371.0,367.8,324.8,320.5,319.8,323.7,327.1,327.7,320.7,316.0,315.7,318.8,322.5,323.1,400.2,393.8,390.3,391.9,389.5,391.5,395.7,403.9,407.7,409.2,409.1,407.1,400.0,398.0,398.1,396.8,396.5,397.5,399.0,398.9
508,0,35.366,0.98,1,10.7,112.8,459.9,-0.025,0.119,-0.096,253.5,256.4,260.7,266.4,274.8,287.9,302.9,320.4,340.5,360.8,378.6,393.8,404.3,409.5,411.2,412.1,412.0,263.0,270.2,283.0,297.3,311.1,339.2,353.6,367.6,381.2,391.2,327.3,327.7,328.2,328.7,315.1,323.0,331.0,339.0,346.2,279.7,287.3,296.9,305.2,297.1,287.8,350.5,358.4,368.3,376.7,369.2,359.6,306.5,315.8,325.0,332.3,339.9,351.0,361.9,352.2,342.1,333.7,325.9,316.5,311.1,325.7,333.1,341.0,356.9,340.7,332.8,325.4,324.9,345.2,364.8,384.3,403.1,419.7,433.2,443.5,444.9,439.0,425.6,410.2,392.9,373.7,353.8,333.9,314.0,309.8,299.5,295.1,296.2,300.5,298.7,293.0,290.8,292.8,300.4,320.6,333.9,347.0,360.6,371.4,373.7,375.5,372.7,369.5,326.2,321.9,321.3,325.2,328.6,329.2,322.2,317.5,317.3,320.3,324.1,324.6,401.6,395.5,392.1,393.7,391.3,393.2,397.3,405.5,409.4,410.8,410.6,408.5,401.4,399.7,399.8,398.5,398.1,399.2,400.6,400.5
509,0,35.433,0.98,1,9.9,115.8,459.6,0.009,0.124,-0.102,253.2,255.9,260.2,266.1,274.7,287.8,302.7,320.0,339.9,360.2,377.9,393.1,403.8,409.3,411.0,411.8,411.7,262.7,269.9,282.4,296.4,309.8,338.1,352.3,366.2,379.6,389.7,326.1,326.5,327.0,327.5,314.0,321.9,329.9,337.9,345.2,278.9,286.4,295.9,304.2,296.1,286.9,349.4,357.4,367.3,375.7,368.1,358.7,305.9,315.0,324.1,331.4,339.0,350.1,360.9,351.2,341.2,332.8,325.0,315.7,310.4,324.7,332.2,340.0,356.0,339.8,331.8,324.5,327.5,347.6,366.9,386.1,404.9,421.7,435.5,446.1,447.5,441.4,427.8,412.3,394.8,375.4,355.4,335.4,315.3,312.5,302.7,298.6,299.9,304.2,302.3,296.8,294.5,296.4,303.7,324.3,338.0,351.5,365.5,375.3,377.7,379.6,376.8,373.6,329.4,325.4,324.8,328.7,331.9,332.5,325.8,321.2,321.0,323.7,327.6,328.2,404.7,399.1,395.9,397.6,395.2,397.0,400.6,409.1,413.0,414.5,414.2,411.9,404.7,403.4,403.6,402.3,401.5,403.0,404.4,404.1
510,0,35.499,0.98,1,9.7,119.9,460.7,0.041,0.132,-0.104,253.7,256.0,260.1,266.0,274.6,287.7,302.6,320.0,339.9,360.2,377.8,393.1,403.8,409.4,411.3,412.0,411.7,262.9,270.5,282.9,296.5,309.6,337.8,351.7,365.4,378.6,388.8,325.6,326.0,326.4,326.9,313.6,321.4,329.4,337.4,344.6,278.5,286.0,295.4,303.7,295.6,286.4,349.2,357.2,367.0,375.4,367.9,358.5,305.4,314.5,323.5,330.8,338.4,349.6,360.5,350.8,340.6,332.2,324.4,315.2,309.9,324.2,331.6,339.4,355.7,339.1,331.2,323.9,331.3,350.7,369.3,388.1,406.8,423.9,438.2,449.1,450.6,444.2,430.2,414.5,397.1,378.1,358.5,338.9,319.3,315.1,306.1,302.7,304.4,308.9,307.0,301.3,298.7,300.4,307.1,329.1,342.9,356.6,370.6,380.0,382.4,384.4,381.7,378.5,333.3,329.5,329.1,333.0,336.2,336.6,330.2,325.7,325.4,328.0,332.0,332.6,408.6,403.6,400.6,402.3,399.9,401.6,404.8,413.5,417.6,419.1,418.7,416.2,408.8,408.0,408.3,407.0,405.8,407.6,409.0,408.7
511,0,35.566,0.98,1,10.3,121.6,460.0,0.053,0.127,-0.102,253.6,256.2,260.5,266.5,275.1,288.2,303.2,320.6,340.4,360.6,378.0,393.1,403.8,409.5,411.7,412.6,412.6,263.1,270.7,283.2,297.1,310.3,338.5,352.3,365.9,379.1,389.5,326.5,326.9,327.4,327.9,314.4,322.3,330.3,338.4,345.6,279.1,286.7,296.2,304.4,296.4,287.1,350.1,358.1,368.0,376.4,368.9,359.4,306.1,315.3,324.4,331.7,339.4,350.4,361.3,351.6,341.4,333.1,325.3,315.9,310.6,325.0,332.5,340.3,356.4,340.1,332.2,324.8,332.3,351.9,370.5,389.3,408.2,425.4,439.8,450.8,452.3,446.0,432.1,416.5,399.2,380.3,360.8,341.2,321.5,317.0,307.8,304.5,306.2,310.8,309.0,303.2,300.6,302.0,308.7,330.9,344.9,359.0,373.3,382.1,384.7,386.8,384.0,380.7,334.8,331.0,330.6,334.7,337.9,338.2,332.0,327.4,327.0,329.7,333.8,334.4,410.5,405.7,402.9,404.7,402.3,403.9,406.9,415.7,419.7,421.3,420.9,418.3,410.7,410.2,410.5,409.2,407.9,409.8,411.3,410.9
512,0,35.633,0.98,1,11.5,122.3,460.3,0.054,0.119,-0.100,254.5,257.0,261.3,267.2,275.9,289.0,304.1,321.5,341.4,361.5,378.8,393.9,404.6,410.4,412.6,413.7,413.8,264.1,271.7,284.2,298.1,311.4,340.4,354.3,367.9,381.1,391.3,328.0,328.5,329.0,329.6,315.9,323.8,331.9,339.9,347.1,280.2,287.7,297.4,305.7,297.6,288.2,351.6,359.6,369.5,377.9,370.4,360.9,307.4,316.8,326.0,333.3,340.8,351.9,362.7,353.1,342.9,334.7,326.9,317.4,312.0,326.6,334.0,341.8,357.9,341.6,333.7,326.4,333.6,353.0,371.4,390.1,408.7,425.8,440.2,451.2,452.7,446.5,432.6,417.1,399.9,381.2,361.8,342.3,322.8,317.3,308.3,305.0,306.7,311.3,309.4,303.5,301.0,302.5,309.0,331.7,345.9,360.0,374.4,383.1,385.7,387.7,384.9,381.6,335.6,331.8,331.4,335.5,338.7,339.0,332.7,328.0,327.7,330.4,334.5,335.1,411.3,406.6,403.9,405.6,403.2,404.7,407.5,416.3,420.5,422.0,421.7,419.1,411.5,411.1,411.4,410.1,408.6,410.6,412.0,411.7
513,0,35.697,0.98,1,12.2,123.4,460.8,0.061,0.117,-0.100,255.2,257.6,261.8,267.8,276.6,289.9,305.0,322.6,342.4,362.2,379.4,394.2,404.9,410.8,413.1,414.3,414.3,264.6,273.1,285.6,299.2,312.0,341.2,355.2,368.6,381.6,392.1,328.6,329.1,329.7,330.3,316.6,324.5,332.5,340.5,347.7,280.6,288.1,297.8,306.2,298.0,288.6,352.2,360.3,370.2,378.7,371.2,361.6,308.1,317.7,326.8,334.1,341.6,352.6,363.4,353.8,343.8,335.6,327.8,318.4,312.7,327.5,334.9,342.6,358.6,342.3,334.5,327.2,334.4,353.7,372.1,390.8,409.4,426.5,440.9,451.8,453.3,447.0,433.3,417.9,401.0,382.3,363.0,343.5,323.9,316.9,308.9,306.2,308.1,312.6,310.7,304.9,302.2,303.3,309.2,333.0,347.1,361.3,375.7,384.4,386.9,388.9,386.2,382.9,336.6,332.9,332.5,336.6,339.9,340.2,333.9,329.2,328.8,331.3,335.6,336.3,412.5,408.0,405.1,406.8,404.4,405.8,408.5,417.2,421.4,423.0,422.7,420.2,412.8,412.3,412.5,411.2,409.6,411.5,413.0,412.8
514,0,35.766,0.98,1,12.3,124.1,460.7,0.064,0.122,-0.101,255.3,257.8,262.1,268.2,277.0,290.4,305.5,323.0,342.7,362.5,379.6,394.4,405.2,411.1,413.4,414.6,414.5,264.5,273.0,285.5,299.1,311.9,341.4,355.3,368.8,381.8,392.4,328.6,329.2,329.7,330.3,316.7,324.6,332.6,340.6,347.8,280.5,288.1,297.8,306.2,297.9,288.6,352.4,360.4,370.4,378.9,371.3,361.7,308.2,317.7,326.8,334.2,341.7,352.8,363.5,354.0,343.9,335.7,327.8,318.4,312.8,327.5,334.9,342.7,358.7,342.5,334.6,327.2,335.1,354.4,372.8,391.4,410.1,427.3,441.6,452.5,453.9,447.6,433.8,418.6,401.7,383.3,364.0,344.5,325.0,317.1,309.2,306.6,308.7,313.3,311.5,305.7,302.9,303.9,309.7,333.8,347.9,362.0,376.4,385.1,387.6,389.6,386.9,383.6,337.1,333.4,333.1,337.1,340.4,340.7,334.6,329.9,329.5,332.1,336.3,337.0,413.3,408.7,405.9,407.5,405.2,406.6,409.4,418.2,422.4,424.0,423.7,421.1,413.6,413.1,413.4,412.0,410.5,412.4,413.9,413.6
515,0,35.833,0.98,1,12.3,124.2,460.5,0.057,0.122,-0.101,255.4,257.9,262.2,268.4,277.2,290.6,305.7,323.1,342.7,362.4,379.5,394.3,405.1,411.1,413.5,414.6,414.7,264.4,272.9,285.4,298.9,311.7,341.4,355.5,368.9,382.0,392.5,328.6,329.1,329.6,330.3,316.7,324.5,332.5,340.6,347.8,280.5,288.0,297.7,306.1,297.9,288.5,352.3,360.4,370.4,379.0,371.3,361.7,308.3,317.8,326.9,334.2,341.7,352.7,363.5,354.0,343.9,335.7,327.9,318.4,312.9,327.6,335.0,342.7,358.7,342.5,334.7,327.3,335.6,354.9,373.4,392.1,410.7,427.7,442.0,452.8,454.1,447.9,434.2,419.0,402.2,383.7,364.5,344.9,325.5,317.3,309.3,306.7,308.7,313.3,311.4,305.6,302.9,304.0,309.8,333.8,348.0,362.1,376.5,385.2,387.8,389.8,387.0,383.7,337.3,333.5,333.2,337.3,340.6,340.8,334.7,329.9,329.5,332.1,336.4,337.1,413.5,408.9,406.0,407.7,405.3,406.8,409.5,418.3,422.5,424.1,423.8,421.2,413.8,413.3,413.5,412.2,410.6,412.4,414.0,413.7
516,0,35.899,0.98,1,12.4,124.2,461.2,0.053,0.122,-0.102,255.5,258.0,262.3,268.5,277.3,290.7,305.8,323.2,342.8,362.4,379.4,394.3,405.2,411.2,413.6,414.7,414.7,264.4,273.2,285.7,299.1,311.8,341.3,355.3,368.7,381.8,392.4,328.6,329.2,329.8,330.4,316.8,324.7,332.7,340.7,347.9,280.6,288.1,297.8,306.2,298.0,288.6,352.4,360.4,370.4,379.0,371.3,361.7,308.3,317.9,327.0,334.3,341.9,352.9,363.8,354.2,344.1,335.9,328.0,318.6,312.9,327.7,335.2,342.9,359.0,342.6,334.8,327.4,336.0,355.2,373.7,392.3,410.9,427.8,442.0,452.8,454.1,447.9,434.2,419.0,402.2,383.7,364.3,344.7,325.2,316.9,309.1,306.6,308.6,313.1,311.3,305.4,302.7,303.7,309.4,333.6,347.7,361.8,376.1,385.0,387.5,389.5,386.7,383.4,337.2,333.3,333.0,337.1,340.5,340.7,334.5,329.7,329.3,331.9,336.2,336.9,413.2,408.5,405.6,407.2,404.9,406.3,409.1,417.8,422.1,423.7,423.4,420.9,413.5,412.9,413.1,411.7,410.2,412.0,413.6,413.3
517,0,35.966,0.98,1,12.4,123.5,460.7,0.043,0.121,-0.103,255.1,257.8,262.2,268.4,277.3,290.8,305.9,323.3,342.9,362.6,379.7,394.6,405.3,411.1,413.5,414.6,414.6,264.4,272.4,285.0,298.8,312.0,341.3,355.2,368.8,381.9,392.3,328.8,329.3,329.9,330.6,316.9,324.8,332.8,340.9,348.0,280.7,288.3,298.0,306.3,298.1,288.7,352.5,360.4,370.4,378.9,371.4,361.8,308.4,317.9,327.1,334.4,341.9,353.0,363.8,354.2,344.1,335.8,328.0,318.6,313.1,327.7,335.2,342.9,359.0,342.7,334.9,327.5,335.4,355.0,373.6,392.3,411.0,427.9,441.9,452.5,453.8,447.6,433.8,418.6,401.7,383.1,363.7,344.1,324.6,318.0,309.2,306.0,307.8,312.3,310.5,304.6,302.0,303.3,309.6,332.7,346.9,361.0,375.5,384.3,386.8,388.8,386.0,382.7,336.7,332.7,332.3,336.5,339.8,340.1,333.7,328.9,328.5,331.3,335.4,336.1,412.6,407.8,405.0,406.6,404.3,405.7,408.6,417.2,421.4,423.0,422.7,420.2,412.8,412.2,412.5,411.1,409.6,411.4,413.0,412.7
518,0,36.033,0.98,1,12.3,123.2,461.0,0.041,0.121,-0.104,255.0,257.7,262.2,268.4,277.3,290.8,305.9,323.3,342.9,362.6,379.6,394.5,405.2,411.1,413.4,414.4,414.4,264.3,272.4,284.9,298.6,311.7,341.2,354.9,368.3,381.3,391.7,328.6,329.2,329.8,330.5,316.8,324.7,332.7,340.8,348.0,280.5,288.1,297.8,306.1,298.0,288.6,352.3,360.3,370.3,378.7,371.3,361.6,308.3,317.9,327.0,334.3,341.8,352.9,363.8,354.1,344.0,335.7,327.9,318.5,312.9,327.7,335.1,342.8,358.9,342.5,334.8,327.4,335.2,354.7,373.3,392.1,410.7,427.7,441.7,452.2,453.4,447.3,433.6,418.4,401.4,382.8,363.4,343.7,324.2,317.8,309.0,305.7,307.4,311.9,309.9,304.1,301.5,302.7,308.9,332.2,346.4,360.6,375.1,383.9,386.4,388.4,385.6,382.2,336.3,332.3,331.9,336.1,339.4,339.8,333.2,328.3,327.9,330.7,334.9,335.6,412.1,407.2,404.4,406.0,403.6,405.1,408.0,416.7,420.9,422.5,422.2,419.7,412.3,411.6,411.9,410.5,409.1,410.9,412.4,412.2
519,0,36.099,0.98,1,12.2,122.5,460.4,0.036,0.119,-0.105,254.4,257.2,261.8,268.1,277.1,290.7,306.0,323.4,343.0,362.6,379.7,394.5,405.2,411.0,413.2,414.3,414.2,264.1,272.0,284.7,298.5,311.8,340.8,354.5,367.9,381.0,391.4,328.5,329.1,329.8,330.5,316.7,324.7,332.7,340.8,347.9,280.4,288.0,297.7,306.0,297.9,288.5,352.2,360.1,370.1,378.5,371.1,361.5,308.4,317.8,326.9,334.2,341.8,352.8,363.6,354.1,344.0,335.7,327.8,318.5,313.0,327.6,335.0,342.8,358.8,342.6,334.7,327.3,334.5,354.2,373.0,391.9,410.6,427.5,441.5,451.9,453.0,446.9,433.2,418.0,401.0,382.3,362.8,343.1,323.4,317.7,308.6,305.1,306.7,311.2,309.2,303.4,300.8,302.1,308.5,331.4,345.6,359.8,374.3,383.2,385.7,387.7,384.8,381.5,335.8,331.7,331.2,335.5,338.8,339.1,332.5,327.6,327.2,330.0,334.2,334.9,411.6,406.6,403.7,405.3,402.9,404.4,407.5,416.2,420.3,421.9,421.6,419.2,411.8,411.0,411.2,409.8,408.6,410.3,411.9,411.7
520,0,36.164,0.98,1,12.0,121.6,459.9,0.040,0.120,-0.106,254.4,257.1,261.6,267.9,276.9,290.5,305.8,323.2,342.9,362.6,379.7,394.6,405.2,411.0,413.2,414.1,413.9,264.2,272.4,285.0,298.6,311.6,340.8,354.4,367.7,380.6,390.9,328.3,328.9,329.6,330.3,316.6,324.5,332.5,340.5,347.7,280.3,287.8,297.5,305.8,297.7,288.3,351.9,359.7,369.7,378.1,370.7,361.2,308.2,317.6,326.8,334.1,341.7,352.7,363.5,354.0,343.9,335.6,327.7,318.3,312.8,327.5,334.9,342.7,358.6,342.5,334.6,327.2,333.5,353.3,372.2,391.2,410.1,427.1,441.1,451.5,452.6,446.3,432.6,417.2,400.1,381.3,361.7,342.0,322.3,316.3,307.5,304.3,305.9,310.2,308.2,302.5,300.0,301.3,307.6,330.5,344.7,358.8,373.2,382.4,384.9,386.8,384.0,380.7,334.9,330.8,330.4,334.7,338.0,338.3,331.7,326.7,326.3,329.2,333.3,334.0,411.1,406.0,402.9,404.5,402.1,403.7,406.8,415.5,419.6,421.3,421.0,418.6,411.2,410.3,410.5,409.1,407.9,409.7,411.2,411.0
521,0,36.233,0.98,1,11.9,120.8,459.4,0.037,0.118,-0.107,254.1,256.8,261.4,267.7,276.8,290.4,305.7,323.1,342.8,362.6,379.8,394.6,405.1,410.8,413.0,413.9,413.7,264.0,272.1,284.7,298.4,311.6,340.6,354.2,367.5,380.5,390.7,328.3,328.9,329.6,330.3,316.6,324.5,332.5,340.5,347.7,280.2,287.8,297.5,305.8,297.7,288.2,351.8,359.6,369.6,378.1,370.7,361.1,308.2,317.6,326.7,334.1,341.6,352.7,363.4,353.9,343.8,335.5,327.6,318.2,312.8,327.4,334.8,342.6,358.6,342.4,334.5,327.2,333.0,352.9,371.9,391.0,409.8,426.8,440.7,451.1,452.1,445.9,432.1,416.6,399.3,380.4,360.9,341.1,321.4,316.2,307.0,303.5,305.0,309.3,307.3,301.6,299.1,300.4,307.0,329.6,343.8,357.9,372.3,381.7,384.1,386.1,383.3,380.0,334.3,330.0,329.5,334.0,337.3,337.6,330.9,325.8,325.3,328.3,332.5,333.3,410.5,405.3,402.2,403.8,401.4,403.0,406.2,414.9,419.0,420.6,420.3,417.9,410.6,409.6,409.8,408.4,407.3,409.1,410.6,410.4
522,0,36.299,0.98,1,11.8,120.2,459.2,0.034,0.118,-0.106,254.0,256.7,261.3,267.5,276.5,290.1,305.3,322.8,342.6,362.5,379.7,394.7,405.2,410.8,412.9,413.8,413.5,263.9,271.9,284.6,298.4,311.6,340.5,354.3,367.7,380.8,390.9,328.2,328.8,329.5,330.2,316.5,324.4,332.4,340.4,347.6,280.1,287.6,297.4,305.7,297.6,288.1,351.7,359.5,369.5,378.0,370.6,361.0,308.1,317.5,326.7,333.9,341.5,352.5,363.4,353.8,343.6,335.4,327.6,318.2,312.7,327.3,334.7,342.5,358.5,342.2,334.4,327.1,332.1,352.0,371.2,390.4,409.2,426.2,440.1,450.6,451.8,445.6,431.7,416.2,398.9,379.9,360.3,340.5,320.8,315.6,306.4,302.8,304.3,308.6,306.6,300.8,298.4,299.9,306.6,328.9,343.1,357.2,371.6,381.0,383.4,385.4,382.6,379.3,333.6,329.2,328.8,333.3,336.6,337.0,330.2,325.0,324.6,327.7,331.9,332.6,409.9,404.5,401.4,403.1,400.7,402.2,405.5,414.3,418.4,419.9,419.7,417.3,409.9,408.9,409.1,407.7,406.6,408.4,409.9,409.7
523,0,36.366,0.98,1,11.7,119.3,458.4,0.023,0.116,-0.103,253.7,256.5,261.1,267.3,276.3,289.9,305.1,322.6,342.3,362.2,379.4,394.3,404.9,410.6,412.7,413.6,413.4,263.6,271.5,284.3,298.4,311.8,340.2,354.1,367.8,381.2,391.4,328.1,328.7,329.3,330.0,316.3,324.2,332.2,340.3,347.5,280.0,287.5,297.3,305.7,297.5,288.0,351.6,359.5,369.5,378.0,370.6,360.9,307.9,317.3,326.4,333.8,341.4,352.4,363.2,353.6,343.5,335.2,327.4,318.0,312.5,327.1,334.5,342.4,358.3,342.2,334.3,326.8,331.3,351.4,370.6,389.9,408.8,425.8,439.8,450.2,451.4,445.3,431.6,416.2,398.9,379.8,359.9,340.0,320.1,315.3,305.7,302.0,303.4,307.8,305.9,300.1,297.6,299.2,306.2,328.0,342.1,356.2,370.5,380.1,382.5,384.5,381.7,378.3,332.8,328.4,328.0,332.4,335.8,336.2,329.4,324.2,323.8,326.9,331.1,331.8,409.2,403.8,400.7,402.3,399.9,401.5,404.9,413.5,417.6,419.1,418.8,416.5,409.2,408.1,408.3,406.9,405.9,407.6,409.1,408.8
524,0,36.433,0.98,1,12.1,118.7,458.2,0.014,0.107,-0.095,253.6,256.4,261.0,267.0,276.0,289.6,305.0,322.5,342.2,362.0,379.2,394.2,404.7,410.4,412.6,413.6,413.6,263.9,271.9,285.0,299.4,313.1,340.9,354.9,368.8,382.3,392.4,329.1,329.6,330.2,330.9,316.8,324.8,332.8,340.9,348.1,280.5,288.2,298.0,306.4,298.1,288.6,352.2,360.1,370.2,378.6,371.1,361.5,308.1,317.7,326.9,334.2,341.8,352.7,363.4,353.8,343.7,335.5,327.7,318.3,312.8,327.6,335.0,342.7,358.4,342.5,334.7,327.3,329.5,349.8,369.4,389.0,408.2,425.3,439.2,449.6,450.9,444.8,431.1,415.8,398.7,379.8,360.2,340.4,320.7,314.8,305.0,301.1,302.6,307.3,305.5,299.7,297.4,299.1,306.3,327.4,341.5,355.4,369.7,379.3,381.7,383.7,381.0,377.6,332.0,327.7,327.2,331.7,335.0,335.4,328.8,323.7,323.3,326.5,330.6,331.2,408.6,403.1,399.9,401.5,399.1,400.9,404.4,412.8,416.8,418.3,418.1,415.8,408.6,407.3,407.5,406.2,405.3,406.7,408.3,408.1
525,0,36.499,0.98,1,13.1,118.7,459.3,0.015,0.095,-0.087,254.8,257.4,261.5,267.4,276.3,289.9,305.1,322.5,342.3,362.1,379.3,394.1,404.7,410.5,412.7,413.8,414.0,265.8,273.6,286.5,300.8,314.4,342.7,356.8,370.4,383.6,393.5,330.6,331.1,331.8,332.5,317.9,326.0,334.1,342.3,349.6,282.2,290.0,299.4,307.7,299.5,290.4,353.4,361.5,371.2,379.4,371.8,362.5,308.9,318.6,328.0,335.4,343.1,353.9,364.4,354.9,345.0,336.6,328.7,319.1,313.5,328.6,336.1,344.0,359.6,343.7,335.8,328.3,328.0,348.3,368.0,387.6,407.0,424.4,438.5,449.1,450.6,444.7,431.1,415.8,398.7,380.0,360.4,340.5,320.7,314.3,304.7,300.7,302.1,306.6,304.7,299.2,296.9,298.7,305.7,327.3,341.3,355.2,369.4,378.7,381.2,383.3,380.4,377.0,332.4,328.7,328.2,331.6,334.9,335.4,328.7,324.6,324.4,326.8,330.6,331.1,407.9,402.7,399.7,401.3,398.9,400.5,403.8,412.4,416.5,418.1,417.9,415.5,408.1,407.0,407.2,405.8,404.8,406.3,408.0,407.8
526,0,36.566,0.98,1,13.8,119.3,460.8,-0.005,0.091,-0.079,255.9,258.0,261.7,267.4,276.2,289.8,305.0,322.6,342.5,362.3,379.5,394.4,404.8,410.3,412.5,414.2,415.0,266.8,274.5,287.4,301.7,315.4,344.0,357.9,371.3,384.5,394.8,331.6,331.9,332.3,332.7,318.1,326.4,334.7,342.9,350.4,282.6,290.8,300.4,309.0,300.5,291.2,355.0,363.9,373.8,382.3,374.4,364.7,309.1,319.1,328.5,335.9,343.5,354.3,365.2,355.2,345.2,336.9,329.1,319.6,313.8,329.0,336.5,344.3,360.2,344.0,336.2,328.7,327.9,348.1,367.5,387.2,406.4,423.7,438.0,448.7,450.3,444.4,431.1,416.0,399.0,380.1,360.4,340.5,320.6,314.7,304.5,300.6,302.1,306.7,304.9,299.4,297.1,298.5,305.5,328.5,341.7,354.8,368.4,378.7,381.0,383.1,380.2,377.0,334.5,331.5,330.8,333.8,337.3,337.9,331.1,327.5,327.4,329.3,333.3,333.9,407.7,402.5,399.3,400.9,398.5,400.4,403.7,412.2,416.3,417.9,417.8,415.6,407.8,407.0,407.2,405.8,404.6,406.0,407.6,407.5
527,0,36.633,0.98,1,13.9,119.0,461.2,0.012,0.093,-0.078,256.0,258.1,261.9,267.5,276.2,289.7,304.8,322.3,342.3,362.3,379.6,394.4,405.0,410.8,413.0,414.5,415.2,267.5,274.9,287.7,302.0,315.6,344.2,358.1,371.5,384.6,394.7,331.7,332.1,332.5,333.1,318.4,326.5,334.8,343.1,350.5,283.6,291.6,300.7,309.0,300.9,292.0,354.9,363.4,372.8,381.0,373.2,364.1,309.4,319.3,328.7,336.1,343.8,354.5,365.0,355.4,345.6,337.2,329.3,319.8,314.1,329.1,336.7,344.6,360.2,344.3,336.4,328.9,327.5,347.7,366.9,386.4,405.8,423.3,437.7,448.5,450.2,444.2,430.9,415.9,398.9,380.1,360.4,340.4,320.3,314.3,304.4,300.5,302.0,306.5,304.7,299.2,297.0,298.5,305.4,327.6,341.3,354.9,368.9,378.0,380.6,382.8,379.9,376.5,333.1,330.3,329.6,332.0,335.3,335.9,329.3,326.3,326.3,328.0,331.5,331.9,407.4,402.4,399.4,401.0,398.6,400.4,403.6,412.2,416.2,417.9,417.7,415.3,407.6,406.8,407.0,405.7,404.6,406.0,407.5,407.3
528,0,36.699,0.98,1,14.1,118.7,460.4,0.009,0.091,-0.077,256.2,258.4,262.2,267.7,276.3,289.7,304.9,322.5,342.6,362.5,379.8,394.6,405.1,410.9,413.1,414.6,415.2,267.7,275.2,288.0,302.4,316.1,344.5,358.4,371.9,385.1,395.0,332.0,332.5,332.9,333.5,318.8,326.9,335.1,343.4,350.7,283.9,291.8,301.1,309.5,301.3,292.3,355.0,363.4,373.0,381.2,373.6,364.3,309.7,319.5,328.9,336.3,344.0,354.7,365.2,355.6,345.8,337.4,329.6,320.0,314.4,329.4,336.9,344.8,360.4,344.5,336.6,329.2,327.1,347.3,366.7,386.3,405.7,423.2,437.6,448.4,450.1,444.2,431.0,415.9,399.0,380.2,360.5,340.5,320.5,314.3,304.4,300.4,301.9,306.5,304.7,299.2,296.9,298.6,305.7,327.3,341.1,354.7,368.8,378.0,380.6,382.8,379.9,376.6,332.5,329.3,328.7,331.7,334.9,335.5,329.1,325.5,325.4,327.5,331.1,331.6,407.4,402.3,399.3,400.9,398.6,400.3,403.6,412.1,416.2,417.8,417.5,415.2,407.5,406.6,406.9,405.6,404.6,406.0,407.5,407.3
529,0,36.766,0.98,1,14.3,118.7,460.7,0.006,0.091,-0.075,256.6,258.7,262.4,267.9,276.4,289.7,304.9,322.6,342.6,362.6,379.8,394.6,405.2,411.0,413.3,414.7,415.2,267.9,275.3,288.2,302.5,316.2,344.9,358.9,372.4,385.5,395.3,332.3,332.7,333.2,333.7,319.1,327.2,335.3,343.6,350.9,284.1,292.0,301.4,309.7,301.5,292.4,355.2,363.6,373.2,381.4,373.7,364.5,309.9,319.7,329.1,336.6,344.2,354.9,365.4,355.8,346.0,337.6,329.8,320.2,314.6,329.6,337.1,345.0,360.6,344.7,336.9,329.4,327.2,347.3,366.7,386.3,405.6,423.1,437.5,448.3,450.0,444.2,431.0,416.0,399.1,380.4,360.7,340.7,320.6,314.1,304.2,300.3,301.8,306.4,304.6,299.1,296.8,298.6,305.6,327.3,341.0,354.6,368.6,378.0,380.5,382.7,379.8,376.5,332.4,329.1,328.5,331.6,334.9,335.4,329.0,325.3,325.2,327.4,331.1,331.5,407.4,402.2,399.2,400.9,398.5,400.3,403.6,412.1,416.1,417.7,417.4,415.1,407.5,406.6,406.8,405.5,404.5,405.9,407.4,407.2
530,0,36.827,0.98,1,14.4,118.7,460.8,0.003,0.090,-0.075,256.7,258.8,262.5,268.0,276.5,289.8,305.0,322.8,342.8,362.7,379.8,394.6,405.3,411.1,413.4,414.8,415.3,267.9,275.4,288.2,302.5,316.3,344.9,358.9,372.4,385.6,395.4,332.3,332.8,333.3,333.8,319.2,327.3,335.5,343.7,351.0,284.2,292.1,301.5,309.8,301.6,292.5,355.2,363.6,373.2,381.4,373.8,364.5,310.0,319.9,329.3,336.7,344.3,355.1,365.6,356.0,346.1,337.8,329.9,320.4,314.7,329.8,337.3,345.1,360.7,344.9,337.0,329.5,327.5,347.5,366.9,386.4,405.6,423.1,437.4,448.3,450.0,444.2,431.1,416.1,399.3,380.6,360.9,340.9,320.8,314.2,304.2,300.2,301.8,306.3,304.6,299.0,296.8,298.6,305.7,327.3,341.0,354.5,368.6,377.9,380.5,382.6,379.7,376.5,332.3,328.9,328.4,331.6,334.8,335.3,329.0,325.1,325.0,327.3,331.0,331.5,407.3,402.2,399.1,400.8,398.4,400.2,403.5,412.0,416.0,417.6,417.3,415.0,407.4,406.5,406.8,405.4,404.5,405.9,407.3,407.1
531,0,36.893,0.98,1,14.4,118.6,460.6,0.003,0.092,-0.076,256.8,258.9,262.6,268.0,276.5,289.8,305.1,322.9,342.9,362.7,379.9,394.7,405.4,411.2,413.6,414.9,415.4,267.9,275.4,288.3,302.6,316.3,344.9,359.0,372.6,385.8,395.6,332.3,332.8,333.3,333.8,319.2,327.3,335.5,343.6,351.0,284.2,292.0,301.4,309.8,301.6,292.5,355.3,363.6,373.3,381.5,373.9,364.5,310.0,319.9,329.3,336.7,344.3,355.1,365.6,356.0,346.2,337.8,330.0,320.4,314.7,329.8,337.3,345.1,360.8,344.9,337.0,329.6,327.6,347.6,366.9,386.3,405.6,423.0,437.3,448.2,450.0,444.2,431.0,416.1,399.2,380.4,360.7,340.7,320.7,314.0,304.1,300.1,301.7,306.3,304.5,298.9,296.7,298.5,305.7,327.2,340.9,354.5,368.5,377.9,380.4,382.5,379.7,376.4,332.1,328.7,328.2,331.4,334.7,335.2,328.9,325.0,324.8,327.1,330.9,331.4,407.2,402.1,399.0,400.7,398.3,400.1,403.4,411.9,415.9,417.5,417.2,414.9,407.3,406.4,406.6,405.3,404.3,405.8,407.3,407.0
532,0,36.960,0.98,1,14.3,118.4,460.1,0.002,0.092,-0.076,256.7,258.8,262.5,267.9,276.5,289.8,305.1,322.9,342.9,362.7,379.8,394.6,405.3,411.2,413.6,414.9,415.4,267.7,275.2,288.1,302.5,316.2,344.7,358.9,372.6,385.9,395.8,332.2,332.7,333.2,333.7,319.1,327.2,335.4,343.6,350.9,284.0,291.9,301.3,309.8,301.5,292.3,355.1,363.5,373.2,381.5,373.8,364.4,310.0,319.8,329.2,336.6,344.3,355.0,365.5,356.0,346.1,337.8,329.9,320.4,314.7,329.7,337.2,345.0,360.7,344.8,336.9,329.5,327.5,347.6,366.9,386.4,405.6,423.0,437.3,448.2,449.9,444.2,431.0,416.1,399.2,380.4,360.5,340.4,320.3,314.0,304.0,300.1,301.6,306.2,304.5,298.9,296.6,298.5,305.8,327.1,340.8,354.4,368.4,377.8,380.3,382.4,379.6,376.3,332.0,328.6,328.1,331.3,334.6,335.1,328.8,324.9,324.8,327.1,330.8,331.3,407.1,402.0,398.9,400.6,398.2,400.0,403.3,411.9,415.9,417.4,417.1,414.8,407.2,406.3,406.6,405.2,404.2,405.7,407.2,406.9
533,0,37.027,0.98,1,14.2,118.3,459.6,-0.000,0.091,-0.076,256.6,258.6,262.3,267.7,276.3,289.7,305.1,322.9,342.9,362.6,379.7,394.5,405.3,411.2,413.5,414.9,415.4,267.6,275.0,287.9,302.4,316.2,344.5,358.8,372.6,386.0,395.8,332.1,332.5,333.0,333.6,318.9,327.0,335.2,343.5,350.9,283.9,291.8,301.2,309.7,301.4,292.2,355.0,363.4,373.1,381.4,373.8,364.4,309.9,319.7,329.1,336.5,344.2,354.9,365.5,355.9,346.1,337.7,329.9,320.3,314.6,329.6,337.1,345.0,360.6,344.7,336.9,329.4,327.5,347.6,367.0,386.5,405.7,423.0,437.4,448.2,450.0,444.2,431.1,416.2,399.3,380.4,360.5,340.4,320.2,314.2,304.1,300.1,301.7,306.3,304.6,298.9,296.6,298.6,306.0,327.2,340.8,354.4,368.4,377.8,380.3,382.4,379.6,376.3,332.1,328.7,328.1,331.4,334.6,335.2,328.9,324.9,324.7,327.0,330.8,331.3,407.2,402.0,399.0,400.6,398.3,400.0,403.3,411.9,415.9,417.4,417.2,414.8,407.3,406.3,406.6,405.3,404.2,405.7,407.2,406.9
534,0,37.093,0.98,1,14.1,118.1,458.7,-0.001,0.090,-0.077,256.2,258.3,262.0,267.5,276.1,289.6,305.0,322.8,342.9,362.6,379.7,394.5,405.3,411.2,413.5,414.9,415.4,267.2,274.6,287.8,302.4,316.4,344.0,358.5,372.6,386.2,396.1,331.9,332.4,332.9,333.4,318.7,326.8,335.1,343.3,350.8,283.6,291.5,301.0,309.5,301.2,292.0,354.8,363.3,373.0,381.3,373.6,364.2,309.7,319.6,328.9,336.4,344.0,354.8,365.5,355.8,345.9,337.6,329.7,320.1,314.4,329.5,337.0,344.8,360.6,344.6,336.7,329.3,327.4,347.6,367.1,386.7,405.9,423.2,437.5,448.3,450.0,444.2,431.1,416.1,399.3,380.4,360.5,340.3,320.1,314.7,304.5,300.4,301.9,306.6,304.8,299.1,296.7,298.8,306.4,327.3,340.9,354.5,368.5,378.0,380.4,382.5,379.7,376.4,332.2,328.8,328.2,331.5,334.8,335.3,328.9,324.9,324.7,327.0,330.8,331.3,407.3,402.2,399.1,400.7,398.3,400.1,403.4,412.0,416.0,417.5,417.3,414.9,407.4,406.4,406.7,405.3,404.3,405.8,407.3,407.0
535,0,37.160,0.98,1,13.9,118.1,458.4,-0.001,0.091,-0.077,255.9,258.1,261.9,267.4,276.0,289.5,305.0,322.8,342.8,362.6,379.6,394.4,405.2,411.1,413.4,414.8,415.3,266.8,274.3,287.3,301.9,315.8,344.0,358.5,372.6,386.2,396.1,331.7,332.1,332.6,333.2,318.5,326.7,334.9,343.1,350.5,283.3,291.2,300.8,309.3,301.0,291.7,354.6,363.1,372.9,381.2,373.5,364.0,309.6,319.4,328.8,336.2,343.8,354.6,365.3,355.6,345.7,337.4,329.6,320.0,314.3,329.3,336.8,344.6,360.4,344.4,336.6,329.1,327.4,347.6,367.2,386.8,406.0,423.3,437.6,448.4,450.1,444.2,431.1,416.2,399.4,380.5,360.6,340.3,320.1,314.6,304.5,300.4,301.9,306.5,304.8,299.0,296.7,298.8,306.4,327.4,341.0,354.5,368.5,378.0,380.5,382.6,379.7,376.4,332.3,328.8,328.2,331.6,334.8,335.4,329.0,324.9,324.7,327.1,330.9,331.4,407.4,402.2,399.1,400.8,398.4,400.2,403.4,412.1,416.1,417.6,417.4,415.0,407.5,406.5,406.7,405.4,404.4,405.9,407.3,407.1
536,0,37.227,0.98,1,13.6,118.0,458.4,0.010,0.091,-0.081,255.4,257.6,261.5,267.2,275.9,289.5,304.9,322.7,342.7,362.5,379.6,394.4,405.2,411.1,413.4,414.5,414.7,266.5,274.2,287.3,301.8,315.5,343.5,357.8,371.7,385.2,395.0,331.3,331.8,332.4,333.1,318.4,326.5,334.7,342.9,350.2,282.8,290.6,300.0,308.4,300.2,291.0,354.2,362.4,372.1,380.4,372.8,363.4,309.5,319.3,328.6,336.0,343.7,354.5,364.9,355.5,345.6,337.3,329.5,319.9,314.3,329.2,336.7,344.5,360.1,344.3,336.4,329.0,327.5,347.6,367.1,386.7,406.0,423.3,437.6,448.5,450.2,444.3,431.0,415.9,398.9,380.0,360.2,340.1,320.1,314.1,304.3,300.4,302.0,306.6,304.9,299.2,296.8,298.7,306.0,327.1,340.9,354.6,368.7,378.0,380.5,382.6,379.8,376.4,331.7,328.1,327.6,331.0,334.2,334.7,328.4,324.2,324.0,326.5,330.2,330.7,407.5,402.3,399.2,400.8,398.5,400.2,403.5,412.0,416.1,417.6,417.4,415.0,407.6,406.5,406.7,405.4,404.4,406.0,407.5,407.3
537,0,37.293,0.98,1,13.5,118.0,458.8,0.016,0.092,-0.082,255.0,257.3,261.4,267.1,275.8,289.4,304.9,322.8,342.6,362.4,379.4,394.3,405.1,411.1,413.4,414.4,414.4,266.1,274.1,287.2,301.6,315.2,343.5,357.6,371.4,384.7,394.5,331.1,331.7,332.3,333.0,318.4,326.4,334.5,342.7,350.0,282.4,290.1,299.7,308.1,299.9,290.5,354.1,362.0,371.9,380.1,372.7,363.2,309.4,319.2,328.5,335.9,343.6,354.4,364.9,355.5,345.6,337.2,329.4,319.8,314.2,329.1,336.6,344.4,360.0,344.3,336.4,328.9,327.4,347.5,367.0,386.6,406.0,423.4,437.6,448.5,450.2,444.3,430.9,415.8,398.9,380.1,360.3,340.3,320.3,313.6,304.0,300.4,302.0,306.5,304.8,299.1,296.7,298.5,305.6,326.8,340.7,354.5,368.7,378.1,380.6,382.7,379.8,376.5,331.2,327.2,326.7,330.7,333.9,334.3,328.0,323.2,323.0,325.8,329.7,330.3,407.6,402.2,399.1,400.7,398.4,400.0,403.5,412.0,416.0,417.5,417.3,414.9,407.7,406.4,406.7,405.3,404.4,406.0,407.5,407.3
538,0,37.360,0.98,1,13.4,117.7,458.3,0.018,0.094,-0.085,254.7,257.1,261.3,267.1,276.0,289.7,305.2,323.0,342.8,362.6,379.6,394.4,405.1,411.0,413.3,414.4,414.4,265.8,274.0,287.1,301.4,314.9,343.4,357.3,370.9,384.1,393.9,331.0,331.5,332.2,332.9,318.4,326.4,334.5,342.6,349.9,282.1,289.9,299.6,307.9,299.7,290.2,354.0,362.0,371.9,380.1,372.7,363.2,309.4,319.1,328.5,335.8,343.5,354.3,364.8,355.4,345.4,337.1,329.3,319.7,314.1,329.0,336.5,344.3,359.9,344.2,336.3,328.9,327.2,347.5,367.1,386.7,406.2,423.6,437.8,448.6,450.1,444.3,430.8,415.6,398.6,379.9,360.2,340.2,320.3,313.0,303.5,299.9,301.5,306.1,304.4,298.7,296.2,297.8,304.8,326.5,340.4,354.3,368.5,378.0,380.5,382.6,379.8,376.4,330.9,326.8,326.3,330.5,333.8,334.1,327.8,322.9,322.6,325.5,329.5,330.1,407.6,402.1,399.0,400.6,398.2,399.9,403.5,411.9,416.0,417.5,417.3,415.0,407.6,406.4,406.6,405.2,404.5,405.9,407.5,407.3
539,0,37.427,0.98,1,13.3,117.2,455.8,0.021,0.100,-0.086,255.0,257.4,261.7,267.8,277.0,290.9,306.2,324.0,343.5,362.8,379.3,393.9,404.6,410.7,413.3,414.5,414.5,265.9,273.8,286.9,301.3,314.8,343.2,357.3,371.1,384.4,394.2,330.7,331.2,331.8,332.5,318.3,326.3,334.3,342.4,349.7,282.0,289.7,299.5,307.9,299.7,290.1,353.9,361.9,371.9,380.1,372.8,363.1,309.7,319.0,328.4,335.8,343.4,354.4,364.8,355.7,345.7,337.4,329.4,319.8,314.5,329.0,336.5,344.3,359.8,344.3,336.4,328.9,327.0,347.3,366.9,386.8,406.7,424.7,439.6,450.8,452.4,446.3,432.4,416.6,399.3,380.2,360.1,339.8,319.6,312.6,302.8,299.1,300.6,305.2,303.5,297.7,295.3,297.2,304.5,325.8,339.7,353.4,367.7,377.7,380.1,382.1,379.3,376.0,330.4,326.1,325.7,329.9,333.2,333.6,327.2,322.3,322.0,325.0,329.0,329.6,408.2,402.4,398.9,400.6,398.3,400.2,404.1,413.3,417.6,419.1,418.9,416.2,408.2,406.6,406.8,405.5,405.1,407.2,408.7,408.5
540,0,37.494,0.98,1,13.0,115.3,445.5,0.037,0.103,-0.088,254.0,256.7,261.8,268.8,278.6,292.5,307.5,324.9,344.0,362.8,378.8,393.0,403.7,409.9,412.9,414.5,414.5,265.2,273.1,286.1,300.6,314.2,343.2,357.4,371.1,384.5,394.1,330.4,331.0,331.6,332.4,318.5,326.2,334.1,342.2,349.4,281.5,289.4,299.5,308.0,299.7,289.8,353.4,361.6,371.8,380.1,372.8,362.8,311.2,318.6,328.3,335.5,342.6,353.9,363.5,356.2,346.5,338.6,330.6,320.2,316.3,329.3,336.4,343.7,358.5,344.7,337.2,329.8,324.6,345.9,366.8,387.7,409.1,428.5,444.7,456.8,458.9,452.7,437.9,420.3,401.8,381.6,360.5,339.0,318.0,311.2,300.8,296.9,298.3,302.9,301.2,295.4,293.1,295.0,302.7,323.9,337.8,351.5,365.7,376.7,379.0,380.8,378.1,374.9,328.9,324.6,324.2,328.5,331.7,332.1,325.5,320.7,320.5,323.5,327.6,328.2,411.1,402.4,397.6,399.4,397.1,400.5,407.4,420.2,425.7,427.3,426.9,422.9,410.9,406.5,406.6,405.7,408.2,413.1,414.6,414.3
541,0,37.560,0.98,1,12.7,112.0,434.4,0.063,0.109,-0.095,252.9,256.0,261.8,269.7,279.9,293.9,308.6,325.8,344.9,363.6,379.1,393.0,403.3,409.6,412.9,414.6,414.6,264.8,272.2,285.2,300.1,313.8,342.3,356.4,370.4,384.0,393.0,329.9,330.3,330.9,331.5,318.1,325.7,333.5,341.6,348.8,281.0,288.9,299.1,307.6,299.4,289.4,352.9,360.9,371.2,379.6,372.3,362.2,312.3,318.2,328.3,335.2,342.0,354.1,363.2,357.7,347.9,340.1,332.1,320.7,317.4,329.4,336.2,343.2,358.4,345.9,338.6,331.2,322.2,344.6,366.6,388.4,410.9,431.0,448.0,460.8,463.5,457.3,442.0,423.2,403.3,382.1,359.9,337.1,315.0,309.0,297.3,292.8,293.9,298.5,296.8,290.9,288.8,291.4,300.0,320.5,334.3,347.7,361.9,373.9,376.2,378.1,375.4,372.1,326.4,321.4,321.0,325.7,328.8,329.2,322.7,317.5,317.4,320.8,324.8,325.3,411.8,401.1,395.6,397.5,395.3,399.4,408.3,425.4,432.6,434.1,433.6,427.7,411.3,404.3,404.4,403.7,409.0,419.9,421.4,420.9
542,0,37.627,0.98,1,12.3,109.7,428.5,0.056,0.116,-0.098,252.1,255.3,261.5,269.9,280.6,294.8,309.5,326.7,345.7,364.1,379.1,392.8,403.0,409.4,412.8,414.5,414.5,264.1,271.3,284.3,299.4,313.1,341.8,356.2,370.5,384.2,392.9,329.3,329.6,330.1,330.7,317.6,325.1,332.9,341.0,348.2,280.3,288.3,298.6,307.1,298.9,288.8,352.4,360.4,370.9,379.3,372.0,361.6,312.6,317.6,327.8,334.7,341.3,353.7,362.6,358.1,348.4,340.7,332.6,320.7,317.8,329.2,335.8,342.6,357.8,346.1,339.0,331.6,320.4,343.8,366.8,389.4,412.4,432.9,450.0,462.6,465.2,458.9,443.5,424.3,404.0,382.1,359.2,335.7,312.9,306.6,294.3,289.5,290.4,295.1,293.4,287.6,285.6,288.6,297.7,317.8,331.5,344.7,358.7,371.8,373.9,375.7,373.0,369.8,324.3,319.2,318.7,323.5,326.5,326.9,320.5,315.3,315.2,318.7,322.7,323.2,411.9,399.7,393.5,395.4,393.2,398.0,408.4,427.4,435.4,436.9,436.4,429.7,411.2,402.6,402.7,402.1,409.0,421.8,423.3,422.8
543,0,37.694,0.98,1,11.9,108.7,426.1,0.066,0.122,-0.101,252.1,254.9,261.1,269.8,280.7,295.2,309.9,327.0,345.7,364.0,378.7,392.3,402.5,409.2,412.9,414.5,414.0,264.6,272.5,285.2,299.8,312.9,341.4,354.9,368.4,381.6,390.4,328.9,329.1,329.5,330.0,317.1,324.5,332.2,340.4,347.6,280.0,288.0,298.1,306.6,298.4,288.4,351.9,359.8,370.2,378.6,371.3,361.1,312.3,316.9,327.4,334.1,340.6,353.3,362.3,358.1,348.3,340.6,332.5,320.3,317.5,328.7,335.2,341.9,357.6,346.1,338.9,331.6,319.7,343.3,366.6,389.5,413.1,433.8,451.0,463.4,466.1,460.0,444.8,425.3,404.6,382.4,359.0,335.0,311.9,304.2,292.5,288.1,289.1,293.8,292.1,286.4,284.3,286.9,295.5,316.4,330.0,343.2,357.2,370.7,372.8,374.6,372.0,368.9,323.0,317.9,317.5,322.5,325.3,325.6,319.5,314.2,314.1,317.6,321.6,322.2,411.6,398.9,392.5,394.5,392.4,397.4,408.4,428.6,437.0,438.5,438.0,430.7,411.0,401.6,401.7,401.3,408.9,423.6,425.1,424.5
544,0,37.761,0.98,1,11.6,107.7,424.0,0.060,0.125,-0.102,251.8,254.8,261.1,269.9,280.7,295.1,309.7,326.7,345.5,364.1,378.8,392.4,402.4,409.0,412.7,414.4,414.1,264.3,271.9,284.7,299.5,312.8,341.1,354.6,368.1,381.3,390.1,328.8,328.9,329.2,329.6,316.7,324.1,331.9,340.1,347.3,279.8,287.8,298.0,306.4,298.2,288.2,351.8,359.7,370.1,378.5,371.2,361.0,312.1,316.4,326.9,333.6,340.2,352.9,361.8,357.8,348.0,340.3,332.2,319.8,317.2,328.3,334.7,341.4,357.2,345.9,338.7,331.4,319.1,343.1,366.7,389.8,413.5,434.2,451.5,463.9,466.7,460.5,445.0,425.2,404.2,381.8,358.4,334.3,311.0,303.7,291.5,286.9,287.8,292.5,290.7,285.1,283.1,285.7,294.4,315.0,328.7,341.8,355.9,369.5,371.7,373.5,370.9,367.8,322.0,316.8,316.4,321.4,324.1,324.5,318.4,313.1,312.9,316.6,320.5,321.0,411.2,398.1,391.6,393.7,391.5,396.8,408.3,429.0,437.6,439.1,438.5,431.0,410.5,400.7,400.8,400.4,408.7,424.2,425.7,425.1
545,0,37.827,0.98,1,11.9,107.3,422.7,0.049,0.119,-0.095,252.0,255.0,261.2,270.0,281.0,295.3,309.7,326.4,345.3,363.8,378.7,392.2,402.2,408.8,412.6,414.7,414.8,264.8,272.2,285.1,300.2,313.7,341.9,355.7,369.8,383.5,392.2,329.6,329.6,329.8,330.1,317.0,324.4,332.3,340.5,347.8,280.7,288.9,299.1,307.6,299.3,289.2,352.3,360.5,370.9,379.3,371.9,361.6,312.3,316.7,327.3,334.0,340.5,353.1,361.9,357.7,347.9,340.3,332.3,319.9,317.4,328.6,335.0,341.6,357.3,345.9,338.8,331.5,318.8,343.1,367.1,390.5,414.2,434.8,452.0,464.4,467.1,460.9,445.3,425.4,404.4,381.8,358.4,334.1,310.6,304.1,291.5,286.6,287.4,292.3,290.6,284.7,282.7,285.7,294.9,314.7,328.4,341.5,355.6,369.2,371.3,373.2,370.6,367.5,321.8,316.8,316.4,321.1,323.9,324.3,318.2,313.1,313.0,316.6,320.4,320.9,410.8,397.7,391.3,393.3,391.2,396.6,408.0,429.2,438.0,439.5,438.9,431.0,410.1,400.2,400.4,400.0,408.4,424.3,425.8,425.1
546,0,37.894,0.98,1,12.0,107.2,423.2,0.042,0.116,-0.094,251.9,254.9,261.1,269.9,280.9,295.3,309.6,326.2,344.9,363.4,378.4,392.0,402.1,408.8,412.6,414.7,414.9,264.9,272.4,285.4,300.6,314.1,341.8,355.6,369.6,383.3,392.2,329.8,329.9,330.1,330.5,317.2,324.7,332.5,340.8,348.1,280.8,289.2,299.2,307.8,299.5,289.5,352.5,360.8,371.1,379.6,372.0,361.8,312.3,316.9,327.6,334.2,340.7,353.3,362.1,357.8,347.9,340.4,332.3,320.0,317.4,328.8,335.2,341.8,357.4,345.9,338.8,331.6,318.5,343.0,367.1,390.6,414.3,434.8,452.0,464.4,467.1,461.1,445.7,425.8,404.7,382.0,358.2,333.7,310.0,303.8,291.2,286.3,287.2,292.1,290.4,284.5,282.4,285.2,294.2,314.4,328.0,341.1,355.1,368.7,370.9,372.7,370.1,367.0,321.9,317.2,316.7,321.0,323.9,324.4,318.1,313.4,313.3,316.6,320.4,320.8,410.5,397.3,390.8,392.9,390.7,396.2,407.6,429.0,437.7,439.2,438.6,430.8,409.8,399.9,400.1,399.7,408.1,423.8,425.2,424.6
547,0,37.960,0.98,1,12.1,107.2,423.0,0.044,0.115,-0.094,252.1,255.0,261.2,270.0,281.1,295.4,309.7,326.2,345.0,363.4,378.4,392.0,402.1,408.8,412.7,414.8,415.0,265.0,272.5,285.4,300.5,313.9,342.2,356.0,370.0,383.6,392.5,329.9,329.9,330.2,330.5,317.3,324.7,332.6,340.9,348.2,280.9,289.2,299.3,307.8,299.5,289.6,352.6,360.9,371.2,379.7,372.1,361.9,312.4,317.0,327.7,334.3,340.7,353.4,362.2,357.9,348.0,340.5,332.5,320.1,317.5,328.9,335.3,341.8,357.6,346.0,339.0,331.8,318.5,343.0,367.1,390.5,414.2,434.7,451.9,464.2,467.1,461.0,445.6,425.8,404.7,382.1,358.4,333.9,310.1,304.0,291.4,286.4,287.3,292.1,290.3,284.5,282.5,285.3,294.3,314.5,328.1,341.1,355.1,368.7,370.8,372.7,370.0,366.9,322.0,317.2,316.7,321.0,323.8,324.4,318.1,313.4,313.3,316.6,320.3,320.8,410.3,397.2,390.8,392.8,390.7,396.1,407.4,429.0,437.8,439.3,438.7,430.8,409.6,399.7,399.9,399.5,407.9,424.1,425.6,424.9
548,0,38.027,0.98,1,12.2,107.1,422.4,0.045,0.114,-0.093,252.1,255.1,261.3,270.0,281.0,295.3,309.7,326.2,345.0,363.5,378.4,392.0,402.1,408.9,412.8,415.0,415.3,264.9,272.2,285.1,300.3,313.9,342.2,356.2,370.4,384.1,393.0,330.0,330.0,330.2,330.5,317.3,324.7,332.6,340.9,348.2,280.9,289.3,299.3,307.9,299.6,289.6,352.8,361.1,371.5,379.9,372.3,362.1,312.5,317.1,327.8,334.4,340.8,353.4,362.3,358.0,348.1,340.5,332.6,320.1,317.5,329.0,335.3,341.8,357.7,346.1,339.1,331.9,318.6,343.1,367.2,390.5,414.2,434.6,451.8,464.3,467.2,461.1,445.7,425.9,404.9,382.2,358.5,334.0,310.2,304.4,291.7,286.7,287.5,292.5,290.7,284.8,282.8,285.7,294.7,314.7,328.2,341.2,355.1,368.7,370.8,372.7,370.0,366.9,322.1,317.3,316.8,321.1,323.9,324.4,318.2,313.5,313.5,316.7,320.5,320.9,410.2,397.2,390.9,393.0,390.9,396.2,407.4,429.2,438.2,439.7,439.1,430.9,409.5,399.7,399.8,399.5,407.9,424.6,426.1,425.4
549,0,38.094,0.98,1,12.1,107.5,424.6,0.041,0.117,-0.091,252.1,255.1,261.2,269.8,280.7,294.9,309.3,325.9,344.6,363.0,378.1,391.9,402.1,408.9,412.8,415.0,415.3,264.8,272.2,285.2,300.3,313.7,342.4,356.2,370.1,383.7,392.7,329.9,329.9,330.1,330.4,317.2,324.6,332.4,340.7,347.9,280.8,289.2,299.2,307.8,299.4,289.5,352.8,361.2,371.5,379.9,372.4,362.1,312.2,316.8,327.5,334.1,340.6,353.2,362.1,357.7,347.8,340.2,332.2,319.8,317.2,328.6,335.0,341.6,357.4,345.8,338.7,331.5,318.8,343.2,367.0,390.3,413.7,434.0,451.0,463.4,466.4,460.4,445.3,425.9,405.0,382.5,358.8,334.3,310.5,304.5,292.0,287.2,288.0,292.9,291.1,285.4,283.4,286.1,294.9,314.9,328.3,341.1,354.9,368.3,370.5,372.3,369.7,366.7,322.1,317.4,316.9,321.2,324.0,324.5,318.4,313.6,313.6,316.9,320.6,321.0,409.6,396.5,390.2,392.3,390.2,395.5,406.9,428.5,437.4,438.8,438.2,430.2,408.9,399.0,399.1,398.8,407.4,423.8,425.3,424.6
550,0,38.160,0.98,1,12.0,108.3,435.4,0.025,0.122,-0.087,252.9,255.9,261.6,269.5,279.5,293.2,307.7,324.6,343.7,362.6,378.3,392.2,402.5,409.0,412.5,414.6,415.1,265.4,273.0,285.7,300.3,313.5,342.4,356.0,369.5,382.6,391.8,329.6,329.7,330.0,330.3,317.0,324.5,332.3,340.4,347.6,281.0,289.2,299.0,307.3,299.2,289.5,352.9,361.0,371.1,379.5,372.0,362.0,311.4,316.4,326.5,333.5,340.5,352.7,361.6,356.5,346.7,338.6,330.4,319.0,316.3,327.5,334.3,341.5,356.9,345.0,337.4,329.9,319.0,342.4,364.9,387.0,409.2,428.8,445.1,457.1,459.8,454.1,440.1,422.2,402.4,380.8,358.1,334.5,311.4,304.4,292.4,287.9,288.7,293.2,291.4,286.0,284.2,286.5,294.7,315.0,328.2,341.0,354.6,367.1,369.4,371.3,368.7,365.7,322.0,317.3,316.8,321.0,323.9,324.3,318.3,313.6,313.5,316.7,320.4,320.8,406.6,394.2,388.3,390.3,388.1,393.1,403.8,422.0,429.7,431.2,430.6,423.9,405.8,396.7,396.9,396.4,404.2,417.4,418.9,418.2
551,0,38.227,0.98,1,11.6,107.6,446.8,-0.054,0.113,-0.071,253.3,255.9,260.8,267.3,276.3,289.7,304.3,321.6,341.0,360.2,377.0,391.7,402.6,409.0,412.1,414.2,415.0,264.5,272.1,285.1,299.6,313.4,342.4,356.7,370.6,384.1,393.9,329.5,329.7,330.1,330.4,316.5,324.3,332.2,340.2,347.5,280.8,288.9,298.8,307.2,298.9,289.3,352.7,361.0,371.2,379.7,372.0,362.1,309.0,316.1,325.5,332.8,340.3,351.5,360.9,353.4,343.7,335.4,327.2,317.4,314.0,326.2,333.6,341.2,355.8,342.2,334.4,326.7,318.7,340.7,362.1,383.1,403.7,422.0,436.9,447.7,449.8,444.5,431.5,415.6,397.6,377.3,355.7,333.7,312.0,304.0,292.4,287.7,288.6,292.8,291.3,286.0,284.1,286.4,294.5,314.4,327.3,340.0,353.3,365.8,367.9,369.7,367.2,364.3,321.2,316.9,316.2,320.1,323.4,324.0,317.5,313.0,313.0,316.0,319.8,320.2,402.1,391.9,386.6,388.4,386.2,390.5,399.1,410.4,415.3,416.7,416.3,412.5,401.5,395.5,395.7,394.9,399.4,403.2,404.5,404.1
552,0,38.294,0.98,1,11.3,107.4,450.7,-0.072,0.112,-0.069,253.3,255.8,260.2,266.2,274.9,288.1,302.9,320.2,339.9,359.6,377.1,392.3,403.2,409.3,412.1,414.0,414.8,264.2,271.8,284.8,299.3,313.2,341.9,356.2,370.1,383.7,393.9,329.2,329.4,329.7,330.0,316.1,324.0,331.9,339.9,347.3,280.8,288.8,298.6,307.0,298.7,289.1,352.5,360.9,371.0,379.5,371.7,361.9,307.5,316.0,325.2,332.6,340.2,351.1,361.3,352.3,342.5,334.1,326.1,316.7,312.4,325.8,333.3,341.1,356.1,341.1,333.2,325.7,319.0,340.4,361.2,381.8,401.7,419.3,433.4,443.7,445.5,440.4,427.9,412.8,395.4,375.6,354.6,333.3,312.1,304.0,292.8,288.1,289.0,293.2,291.7,286.3,284.5,286.6,294.6,314.6,327.6,340.4,353.8,366.1,368.2,370.0,367.6,364.7,321.4,317.3,316.6,320.2,323.7,324.3,317.7,313.4,313.4,316.3,320.1,320.5,399.8,391.6,387.1,388.9,386.7,390.2,396.7,405.4,409.2,410.5,410.2,407.6,399.4,395.8,396.1,395.1,397.1,397.7,398.9,398.7
553,0,38.360,0.98,1,11.3,109.6,453.3,-0.049,0.107,-0.073,253.3,255.8,259.9,265.5,274.0,287.2,302.2,319.8,339.7,359.6,377.2,392.5,403.6,409.6,412.1,413.9,414.8,263.6,270.8,283.9,298.8,313.0,341.5,356.2,370.5,384.4,394.5,329.0,329.4,329.7,330.1,316.0,324.0,331.9,340.0,347.4,280.6,288.6,298.4,306.9,298.6,289.0,352.4,360.9,371.0,379.5,371.7,361.9,306.7,316.0,325.4,332.8,340.5,351.6,362.2,352.6,342.5,334.1,326.1,316.6,311.5,326.0,333.5,341.3,357.2,341.1,333.2,325.7,321.5,342.3,362.3,382.2,401.4,418.6,432.7,443.3,445.1,439.7,426.9,411.9,394.7,375.2,354.6,333.8,313.1,307.1,296.0,291.1,292.1,296.4,294.9,289.3,287.4,289.8,297.8,317.5,330.6,343.6,357.0,368.7,370.9,372.7,370.2,367.2,323.7,319.7,318.9,322.7,326.1,326.7,320.1,315.7,315.7,318.6,322.4,322.8,400.2,393.6,389.9,391.7,389.4,392.1,396.9,405.6,409.4,410.6,410.4,407.8,400.0,398.0,398.3,397.1,397.6,398.4,399.7,399.5
554,0,38.427,0.98,1,11.7,111.2,454.6,-0.037,0.098,-0.075,253.3,255.9,259.9,265.3,273.9,287.1,302.3,320.0,340.1,360.1,377.6,392.9,403.8,409.6,412.0,413.7,414.5,263.8,270.8,284.0,299.1,313.6,341.6,356.4,371.0,385.0,395.0,329.4,329.8,330.2,330.6,316.4,324.4,332.4,340.6,347.9,281.0,289.0,298.7,307.2,298.9,289.4,352.6,361.0,371.0,379.5,371.7,362.0,306.9,316.6,326.2,333.5,341.0,352.1,363.0,353.1,342.9,334.7,326.9,317.1,311.7,326.7,334.1,341.8,358.0,341.6,333.8,326.4,322.9,343.5,363.2,382.9,402.0,419.0,432.9,443.6,445.4,439.8,426.8,411.8,394.8,375.6,355.4,335.1,314.7,309.3,298.1,293.1,294.1,298.6,296.9,291.2,289.2,291.8,300.0,319.6,332.8,345.9,359.5,370.6,372.8,374.8,372.1,369.0,325.5,321.6,320.9,324.5,327.9,328.5,321.8,317.5,317.4,320.2,324.0,324.4,401.1,395.2,391.9,393.6,391.3,393.6,397.6,406.4,410.3,411.7,411.4,408.8,401.0,399.6,399.9,398.7,398.3,399.7,401.1,400.8
555,0,38.494,0.98,1,12.4,111.6,455.6,-0.031,0.087,-0.076,253.6,256.1,260.0,265.4,273.9,287.4,302.8,320.8,340.8,360.7,378.1,393.2,404.2,410.0,412.4,413.8,414.2,264.3,271.6,284.7,299.5,313.8,342.6,356.9,371.0,384.6,394.6,330.3,330.8,331.4,332.0,317.5,325.6,333.6,341.7,349.1,281.7,289.6,299.3,307.8,299.5,290.1,353.2,361.5,371.5,379.9,372.2,362.6,307.6,317.6,327.3,334.7,342.3,353.4,364.2,354.4,344.1,335.9,328.0,318.1,312.4,327.8,335.3,343.1,359.2,342.9,335.0,327.6,323.5,343.8,363.3,382.8,401.9,419.0,433.0,443.7,445.6,439.9,426.8,411.8,394.8,375.8,355.6,335.3,315.0,308.7,297.9,293.2,294.5,299.0,297.4,291.5,289.3,291.4,299.1,320.2,333.3,346.4,359.9,370.9,373.2,375.1,372.4,369.3,325.9,321.9,321.3,324.9,328.3,328.9,322.1,317.7,317.5,320.3,324.1,324.7,401.2,395.4,392.1,393.8,391.4,393.5,397.4,406.4,410.4,411.8,411.5,409.0,401.1,399.8,400.0,398.8,398.2,399.9,401.3,401.1
556,0,38.560,0.98,1,13.0,111.5,455.6,-0.033,0.083,-0.077,253.9,256.4,260.3,265.8,274.6,288.1,303.6,321.5,341.6,361.4,378.7,393.7,404.5,410.3,412.6,413.9,414.4,264.7,272.0,285.1,300.0,314.3,343.3,357.6,371.7,385.4,395.2,330.9,331.5,332.0,332.7,318.1,326.3,334.4,342.5,349.8,282.1,290.1,299.8,308.3,300.0,290.5,353.8,362.1,372.1,380.5,372.8,363.2,308.2,318.4,328.1,335.6,343.1,354.3,365.2,355.4,345.1,336.8,328.9,318.9,313.1,328.7,336.2,344.0,360.3,343.8,336.0,328.5,323.3,343.6,363.1,382.7,401.8,418.8,432.8,443.5,445.3,439.7,426.5,411.5,394.5,375.6,355.6,335.4,315.3,308.7,297.8,293.1,294.3,298.9,297.1,291.2,289.0,291.2,299.0,320.0,333.2,346.2,359.7,370.9,373.1,375.0,372.2,369.1,325.8,321.9,321.2,324.8,328.2,328.8,322.0,317.5,317.3,320.1,323.9,324.5,400.9,395.3,392.0,393.6,391.2,393.1,396.8,405.9,410.0,411.5,411.3,408.7,400.9,399.6,399.8,398.5,397.7,399.6,401.0,400.9
557,0,38.594,0.98,1,13.1,111.3,455.4,-0.032,0.082,-0.077,253.9,256.4,260.4,265.9,274.7,288.3,303.8,321.7,341.8,361.6,378.9,393.9,404.6,410.3,412.6,414.0,414.5,264.8,272.1,285.3,300.2,314.5,343.5,357.8,371.9,385.5,395.3,331.0,331.6,332.2,332.8,318.2,326.4,334.5,342.6,349.9,282.2,290.2,299.9,308.4,300.1,290.6,353.9,362.2,372.2,380.6,372.9,363.3,308.4,318.5,328.3,335.7,343.3,354.4,365.3,355.5,345.2,337.0,329.1,319.1,313.2,328.9,336.4,344.1,360.3,343.9,336.1,328.7,322.8,343.3,362.9,382.6,401.8,418.9,432.8,443.5,445.3,439.6,426.4,411.4,394.4,375.5,355.5,335.4,315.3,308.7,297.9,293.1,294.3,298.8,297.1,291.2,289.1,291.2,299.0,319.9,333.1,346.1,359.7,370.8,373.0,374.9,372.1,369.0,325.8,321.8,321.1,324.7,328.1,328.8,321.9,317.5,317.3,320.1,323.9,324.4,400.9,395.2,391.9,393.5,391.1,393.1,396.7,405.7,409.8,411.3,411.2,408.7,400.8,399.6,399.8,398.4,397.6,399.4,400.9,400.7
558,0,38.660,0.98,1,13.2,111.3,455.4,-0.031,0.082,-0.077,254.0,256.5,260.5,266.0,274.8,288.5,303.9,321.9,341.9,361.7,379.0,394.0,404.7,410.4,412.7,414.1,414.6,264.9,272.3,285.5,300.5,314.9,343.4,357.9,372.1,385.8,395.6,331.1,331.7,332.3,332.9,318.3,326.5,334.6,342.7,350.1,282.3,290.3,300.0,308.6,300.3,290.8,354.0,362.4,372.3,380.7,373.0,363.4,308.5,318.7,328.4,335.8,343.4,354.5,365.4,355.6,345.4,337.1,329.3,319.3,313.3,329.0,336.5,344.3,360.5,344.1,336.2,328.8,322.6,343.1,362.8,382.6,401.7,418.7,432.6,443.3,445.1,439.4,426.2,411.2,394.3,375.3,355.3,335.2,315.1,308.7,297.9,293.1,294.3,298.8,297.1,291.3,289.1,291.4,299.2,319.9,333.1,346.2,359.7,370.8,373.0,374.9,372.1,368.9,325.7,321.8,321.1,324.6,328.1,328.7,321.9,317.5,317.3,320.1,323.8,324.4,400.7,395.1,391.9,393.5,391.1,393.0,396.6,405.6,409.7,411.2,411.0,408.5,400.7,399.5,399.7,398.3,397.5,399.3,400.8,400.7
559,0,38.727,0.98,1,13.2,111.3,455.0,-0.029,0.083,-0.079,254.0,256.6,260.6,266.1,274.9,288.5,304.0,322.0,342.1,361.9,379.2,394.2,405.0,410.6,412.8,414.3,414.8,264.7,271.8,285.1,300.3,315.0,343.2,357.8,372.2,386.1,396.0,331.2,331.7,332.3,332.9,318.3,326.5,334.6,342.8,350.1,282.3,290.4,300.1,308.7,300.3,290.8,354.0,362.4,372.4,380.9,373.1,363.4,308.5,318.7,328.4,335.8,343.4,354.5,365.5,355.6,345.4,337.1,329.3,319.3,313.3,329.0,336.5,344.3,360.5,344.1,336.3,328.8,322.5,343.0,362.7,382.4,401.6,418.6,432.6,443.3,445.1,439.3,426.0,410.9,393.9,374.9,354.9,334.9,314.8,309.5,298.4,293.5,294.6,299.3,297.6,291.6,289.4,291.7,299.8,320.3,333.4,346.3,359.8,370.9,373.1,375.0,372.2,369.0,326.0,322.1,321.4,324.9,328.4,329.0,322.1,317.7,317.6,320.3,324.1,324.6,400.8,395.2,392.0,393.6,391.2,393.1,396.6,405.6,409.8,411.3,411.1,408.6,400.7,399.5,399.8,398.4,397.5,399.3,400.8,400.7
560,0,38.794,0.98,1,13.2,111.7,456.4,-0.025,0.085,-0.081,253.9,256.6,260.6,266.2,275.0,288.6,304.1,322.0,342.1,362.0,379.4,394.4,405.0,410.6,412.8,414.1,414.7,264.9,272.1,285.1,300.0,314.4,343.4,357.7,371.7,385.3,395.1,331.0,331.6,332.2,332.8,318.4,326.5,334.6,342.7,349.9,282.4,290.4,300.0,308.5,300.2,290.8,353.9,362.2,372.2,380.6,372.9,363.3,308.5,318.6,328.4,335.8,343.3,354.4,365.4,355.5,345.3,337.0,329.2,319.2,313.3,329.0,336.4,344.2,360.4,344.0,336.2,328.8,322.6,343.1,362.8,382.5,401.7,418.7,432.6,443.3,445.0,439.1,425.8,410.8,393.7,374.8,354.9,335.0,315.0,309.6,298.7,293.8,294.8,299.2,297.4,291.8,289.7,291.8,299.5,320.3,333.4,346.5,360.0,371.0,373.2,375.1,372.3,369.2,326.2,322.3,321.6,325.1,328.6,329.2,322.2,317.9,317.7,320.4,324.2,324.7,400.8,395.3,392.0,393.6,391.2,393.1,396.6,405.6,409.8,411.3,411.1,408.7,400.8,399.6,399.8,398.5,397.5,399.4,400.9,400.8
561,0,38.860,0.98,1,13.2,111.6,456.6,-0.032,0.085,-0.081,254.0,256.7,260.8,266.3,275.1,288.7,304.2,322.1,342.2,362.0,379.4,394.4,405.0,410.6,412.7,414.1,414.6,264.9,272.1,285.2,300.1,314.5,343.3,357.7,371.8,385.4,395.3,331.0,331.6,332.2,332.9,318.3,326.5,334.6,342.7,350.0,282.3,290.3,300.0,308.5,300.2,290.8,353.9,362.2,372.2,380.6,372.9,363.3,308.5,318.6,328.4,335.8,343.4,354.5,365.5,355.6,345.4,337.0,329.2,319.2,313.3,328.9,336.5,344.3,360.5,344.1,336.2,328.7,322.7,343.2,363.0,382.7,401.8,418.8,432.6,443.2,444.8,439.0,425.8,410.7,393.7,374.8,354.9,335.0,315.0,309.6,298.7,293.8,294.8,299.1,297.3,291.6,289.5,291.7,299.4,320.1,333.2,346.2,359.7,370.8,373.0,374.8,372.1,368.9,326.2,322.2,321.5,325.0,328.4,329.1,322.1,317.7,317.5,320.2,324.0,324.5,400.7,395.0,391.7,393.3,390.9,392.8,396.4,405.2,409.3,410.9,410.7,408.3,400.6,399.3,399.5,398.1,397.3,399.0,400.5,400.4
562,0,38.927,0.98,1,13.3,111.5,456.5,-0.035,0.084,-0.081,254.0,256.7,260.8,266.3,275.1,288.8,304.3,322.3,342.3,362.1,379.4,394.3,404.9,410.5,412.7,414.0,414.5,264.8,272.1,285.3,300.2,314.6,343.2,357.6,371.8,385.5,395.4,331.0,331.6,332.2,332.9,318.4,326.5,334.6,342.7,350.1,282.3,290.3,300.0,308.6,300.2,290.8,353.8,362.2,372.2,380.6,372.9,363.3,308.7,318.7,328.5,335.9,343.5,354.6,365.5,355.7,345.5,337.2,329.3,319.4,313.5,329.1,336.6,344.4,360.5,344.2,336.3,328.9,322.8,343.3,363.0,382.7,401.8,418.8,432.5,443.0,444.7,438.9,425.8,410.8,393.8,374.9,354.9,334.9,314.8,309.5,298.6,293.7,294.8,299.2,297.3,291.5,289.3,291.5,299.3,320.0,333.1,346.0,359.5,370.7,372.8,374.7,371.9,368.7,326.1,322.1,321.4,324.9,328.4,329.0,322.0,317.5,317.3,320.0,323.8,324.4,400.7,394.9,391.5,393.1,390.7,392.6,396.3,405.1,409.3,410.8,410.7,408.3,400.6,399.1,399.3,397.9,397.2,398.9,400.4,400.3
563,0,38.994,0.98,1,13.1,111.5,456.5,-0.035,0.083,-0.083,253.8,256.5,260.7,266.3,275.1,288.8,304.3,322.2,342.3,362.1,379.3,394.3,404.9,410.4,412.5,413.8,414.2,264.6,271.8,285.0,299.9,314.4,343.0,357.5,371.6,385.3,395.2,330.8,331.4,332.1,332.8,318.3,326.4,334.5,342.6,349.9,282.1,290.1,299.8,308.3,300.0,290.5,353.6,362.0,372.0,380.5,372.7,363.1,308.7,318.7,328.4,335.8,343.4,354.5,365.4,355.6,345.5,337.1,329.3,319.3,313.5,329.0,336.5,344.3,360.4,344.1,336.2,328.8,322.9,343.4,363.2,382.9,402.0,418.9,432.6,443.0,444.7,438.9,425.7,410.7,393.7,374.8,354.8,334.7,314.7,309.7,298.8,293.9,294.9,299.3,297.4,291.6,289.4,291.5,299.3,320.0,333.1,346.1,359.6,370.7,372.9,374.7,371.9,368.7,326.2,322.2,321.5,325.0,328.4,329.1,321.9,317.5,317.2,319.9,323.8,324.3,400.8,395.0,391.6,393.1,390.7,392.6,396.3,405.1,409.3,410.8,410.7,408.3,400.7,399.2,399.4,398.0,397.2,398.9,400.4,400.3
564,0,39.061,0.98,1,12.9,111.6,456.7,-0.035,0.085,-0.084,253.7,256.4,260.6,266.2,275.0,288.7,304.2,322.2,342.3,362.1,379.3,394.2,404.8,410.2,412.3,413.6,414.0,264.4,271.7,284.7,299.5,313.9,342.7,357.2,371.2,384.9,394.8,330.5,331.1,331.7,332.4,318.0,326.1,334.2,342.3,349.6,281.9,289.8,299.5,308.0,299.8,290.3,353.3,361.7,371.6,380.1,372.4,362.8,308.5,318.4,328.1,335.5,343.1,354.2,365.2,355.4,345.2,336.9,329.1,319.2,313.3,328.8,336.3,344.1,360.2,343.9,336.0,328.6,323.1,343.6,363.4,383.1,402.1,419.0,432.7,443.1,444.7,438.9,425.8,410.8,393.8,374.7,354.8,334.7,314.6,309.7,298.9,294.0,295.0,299.2,297.3,291.6,289.5,291.6,299.3,320.0,333.1,346.1,359.6,370.8,372.9,374.7,371.9,368.7,326.3,322.3,321.5,325.0,328.5,329.2,321.9,317.5,317.3,320.0,323.8,324.3,400.9,395.1,391.7,393.3,390.8,392.7,396.4,405.2,409.4,410.9,410.8,408.5,400.8,399.3,399.5,398.1,397.3,399.0,400.5,400.4
565,0,39.130,0.98,1,12.8,111.7,456.6,-0.035,0.085,-0.084,253.6,256.3,260.4,266.0,274.9,288.5,304.0,322.0,342.1,361.9,379.2,394.1,404.7,410.2,412.2,413.5,413.9,264.3,271.5,284.6,299.4,313.8,342.5,357.0,371.2,384.9,394.8,330.3,330.9,331.5,332.2,317.7,325.9,334.0,342.1,349.4,281.7,289.6,299.3,307.8,299.6,290.1,353.2,361.6,371.5,380.0,372.2,362.6,308.4,318.3,327.9,335.4,342.9,354.0,364.9,355.2,345.1,336.8,328.9,319.0,313.1,328.6,336.1,343.9,360.0,343.7,335.8,328.4,323.3,343.8,363.5,383.2,402.2,419.1,432.7,443.2,444.8,438.9,425.8,410.7,393.7,374.7,354.8,334.7,314.7,309.8,298.9,294.1,295.0,299.4,297.4,291.7,289.5,291.7,299.5,320.2,333.2,346.2,359.7,370.8,373.0,374.8,372.0,368.8,326.4,322.4,321.6,325.1,328.6,329.3,322.0,317.6,317.4,320.1,323.9,324.4,401.0,395.2,391.8,393.3,390.9,392.8,396.5,405.3,409.4,411.0,410.9,408.6,400.9,399.4,399.5,398.2,397.4,399.1,400.6,400.5
566,0,39.195,0.98,1,12.7,111.9,457.1,-0.034,0.086,-0.085,253.6,256.2,260.3,266.0,274.8,288.4,303.8,321.8,341.9,361.8,379.1,394.0,404.6,410.0,412.1,413.4,413.8,264.4,271.7,284.8,299.6,313.9,342.2,356.7,370.8,384.5,394.4,330.1,330.7,331.3,332.0,317.6,325.7,333.8,341.9,349.3,281.6,289.5,299.2,307.7,299.4,290.0,353.1,361.4,371.4,379.8,372.1,362.5,308.3,318.2,327.8,335.2,342.8,353.9,364.8,355.0,344.9,336.6,328.8,318.9,313.1,328.4,335.9,343.7,359.8,343.5,335.7,328.2,323.6,344.0,363.7,383.3,402.3,419.1,432.8,443.3,444.9,439.0,425.9,410.8,393.7,374.7,354.7,334.6,314.6,309.6,298.9,294.1,295.1,299.4,297.5,291.7,289.5,291.7,299.4,320.2,333.3,346.3,359.8,370.9,373.1,374.9,372.1,368.9,326.4,322.5,321.7,325.1,328.6,329.3,322.1,317.7,317.5,320.1,323.9,324.5,401.2,395.3,391.8,393.4,391.0,392.9,396.7,405.4,409.5,411.0,410.9,408.6,401.0,399.5,399.6,398.2,397.5,399.1,400.6,400.5
567,0,39.263,0.98,1,12.5,111.9,457.2,-0.035,0.087,-0.086,253.4,256.1,260.3,266.0,274.8,288.4,303.9,321.8,341.9,361.8,379.1,394.0,404.5,409.9,411.9,413.2,413.6,264.1,271.4,284.3,299.0,313.2,342.3,356.6,370.6,384.1,394.0,329.9,330.5,331.1,331.8,317.4,325.6,333.7,341.8,349.1,281.4,289.3,298.9,307.5,299.2,289.8,353.0,361.3,371.3,379.7,372.0,362.4,308.2,318.1,327.7,335.1,342.6,353.7,364.6,354.9,344.8,336.5,328.7,318.8,313.0,328.3,335.8,343.6,359.7,343.4,335.6,328.1,323.8,344.2,363.8,383.4,402.4,419.3,432.9,443.4,444.9,439.1,425.9,410.9,393.8,374.8,354.8,334.7,314.7,309.8,299.0,294.1,295.1,299.2,297.3,291.7,289.6,291.6,299.2,320.1,333.3,346.4,359.9,371.0,373.2,375.0,372.2,369.0,326.5,322.6,321.8,325.2,328.7,329.4,322.1,317.7,317.5,320.2,324.0,324.6,401.2,395.3,391.9,393.5,391.0,392.9,396.7,405.4,409.6,411.1,411.0,408.7,401.1,399.6,399.7,398.3,397.6,399.2,400.7,400.6
568,0,39.334,0.98,1,12.6,112.2,457.9,-0.032,0.088,-0.087,253.5,256.1,260.3,266.0,274.8,288.4,303.9,321.8,341.9,361.8,379.0,393.9,404.4,409.9,411.8,413.1,413.4,264.3,271.6,284.6,299.3,313.5,342.2,356.5,370.4,383.9,393.8,329.9,330.5,331.1,331.8,317.5,325.6,333.7,341.8,349.1,281.4,289.3,299.0,307.5,299.2,289.8,353.0,361.3,371.2,379.6,371.9,362.4,308.2,318.1,327.7,335.1,342.7,353.7,364.6,354.9,344.8,336.5,328.6,318.8,313.0,328.3,335.8,343.6,359.6,343.4,335.5,328.1,323.9,344.3,364.0,383.6,402.5,419.4,433.0,443.4,444.9,439.1,426.0,410.9,393.8,374.8,354.8,334.7,314.6,309.6,298.9,294.2,295.2,299.5,297.5,291.8,289.6,291.6,299.2,320.2,333.4,346.5,360.1,371.1,373.3,375.1,372.3,369.1,326.6,322.6,321.8,325.3,328.8,329.4,322.1,317.8,317.5,320.2,324.0,324.6,401.3,395.4,392.0,393.5,391.1,393.0,396.8,405.5,409.6,411.1,411.0,408.8,401.2,399.6,399.7,398.4,397.6,399.3,400.8,400.7
569,0,39.400,0.98,1,12.4,112.1,457.4,-0.034,0.088,-0.089,253.2,256.0,260.3,266.0,274.8,288.4,303.8,321.8,341.8,361.7,379.0,393.9,404.4,409.8,411.8,413.1,413.4,263.8,270.9,284.0,298.9,313.3,341.7,356.1,370.2,383.9,393.9,329.7,330.3,330.9,331.6,317.3,325.5,333.6,341.7,349.0,281.2,289.1,298.8,307.3,299.0,289.6,352.8,361.1,371.1,379.5,371.8,362.2,308.1,318.0,327.6,335.0,342.6,353.6,364.5,354.8,344.7,336.4,328.6,318.7,312.9,328.2,335.7,343.5,359.5,343.3,335.5,328.0,324.1,344.6,364.2,383.8,402.7,419.5,433.1,443.5,445.0,439.1,426.0,410.9,393.8,374.7,354.7,334.5,314.4,310.2,299.3,294.4,295.4,299.7,297.7,291.9,289.7,291.6,299.3,320.4,333.5,346.5,360.1,371.2,373.3,375.2,372.3,369.1,326.8,322.7,321.9,325.4,328.9,329.6,322.2,317.8,317.5,320.2,324.1,324.6,401.4,395.5,392.1,393.6,391.2,393.1,396.8,405.6,409.7,411.2,411.2,408.9,401.3,399.7,399.8,398.4,397.7,399.3,400.9,400.8
570,0,39.466,0.98,1,12.3,112.2,457.5,-0.032,0.090,-0.089,253.3,256.0,260.2,266.0,274.8,288.4,303.8,321.6,341.7,361.6,379.0,393.9,404.4,409.8,411.8,413.0,413.4,263.9,271.2,284.2,299.0,313.2,341.6,355.9,370.0,383.6,393.7,329.5,330.1,330.7,331.4,317.1,325.3,333.4,341.4,348.7,281.1,289.0,298.6,307.2,298.9,289.5,352.6,360.9,370.8,379.3,371.6,362.0,308.0,317.9,327.4,334.8,342.4,353.4,364.3,354.6,344.5,336.2,328.4,318.6,312.8,328.0,335.5,343.3,359.3,343.1,335.3,327.8,324.2,344.6,364.3,383.9,402.8,419.6,433.2,443.5,445.0,439.2,426.0,410.9,393.8,374.6,354.5,334.4,314.2,310.1,299.3,294.6,295.5,299.7,297.7,291.9,289.7,291.7,299.4,320.4,333.5,346.6,360.1,371.2,373.4,375.2,372.4,369.2,326.8,322.8,322.0,325.5,329.0,329.7,322.2,317.8,317.5,320.2,324.0,324.6,401.5,395.6,392.1,393.6,391.2,393.1,396.9,405.7,409.8,411.3,411.2,409.0,401.4,399.7,399.9,398.5,397.8,399.4,400.9,400.8
571,0,39.527,0.98,1,12.1,110.4,450.9,-0.026,0.085,-0.088,252.7,255.7,260.3,266.4,275.5,289.2,304.4,322.2,341.9,361.3,378.0,392.6,403.3,409.2,411.7,413.2,413.7,262.9,269.9,283.3,298.8,313.5,340.5,355.4,370.2,384.5,394.7,329.1,329.8,330.5,331.2,317.0,325.1,333.2,341.4,348.8,280.6,288.6,298.3,307.0,298.7,289.2,352.3,360.7,370.8,379.3,371.5,361.8,308.9,317.7,327.3,334.8,342.4,353.6,364.0,355.3,345.4,337.1,329.0,318.9,313.9,328.1,335.6,343.4,358.9,343.7,335.8,328.2,322.8,343.5,363.4,383.2,402.8,420.3,435.0,446.2,448.1,442.1,428.4,412.4,394.7,375.1,354.4,333.6,312.9,309.4,297.9,293.0,293.9,298.5,296.6,290.3,287.8,290.1,298.2,319.0,331.9,344.6,358.0,369.9,372.0,373.7,370.9,367.7,325.3,321.3,320.4,323.7,327.2,328.0,320.4,316.0,315.9,318.4,322.3,322.9,402.9,395.6,391.4,393.1,390.6,393.2,398.4,408.6,413.4,414.9,414.8,411.8,402.6,399.5,399.6,398.4,399.1,402.1,403.6,403.5
572,0,39.597,0.98,1,12.0,108.2,439.6,0.017,0.086,-0.094,251.8,254.8,260.0,267.1,276.8,290.6,305.9,324.2,344.0,362.9,378.5,392.3,402.8,408.8,411.8,413.5,413.7,263.1,269.9,282.9,298.1,312.2,340.9,355.5,369.9,383.8,393.3,328.6,329.3,330.0,330.8,317.1,325.1,333.0,341.0,348.2,280.0,288.1,297.9,306.8,298.5,288.8,352.0,360.3,370.5,379.0,371.3,361.4,311.3,317.3,327.3,334.7,341.9,353.9,362.9,357.4,347.8,339.6,331.2,320.1,316.6,328.5,335.8,343.2,357.9,345.5,337.8,330.0,320.2,341.5,362.0,382.6,403.8,423.3,440.3,453.3,455.9,449.3,434.2,416.3,397.2,376.4,354.6,332.3,310.7,306.4,294.7,290.0,290.9,295.4,293.5,287.4,285.0,287.4,295.5,317.0,329.6,341.9,355.1,367.8,369.7,371.3,368.5,365.4,323.3,319.0,318.2,321.7,325.0,325.7,318.3,313.9,313.8,316.3,320.1,320.7,405.6,394.5,388.6,390.3,387.9,392.0,401.1,416.8,424.0,425.7,425.5,420.3,404.8,397.7,397.6,396.8,401.7,410.8,412.5,412.2
573,0,39.664,0.98,1,11.9,106.7,431.6,0.046,0.093,-0.101,251.3,254.4,260.2,268.1,278.5,292.7,307.9,325.7,345.3,363.9,378.9,392.4,402.5,408.7,411.9,413.5,413.5,263.2,269.9,282.6,297.8,311.6,340.8,355.0,369.3,382.9,392.0,328.4,328.9,329.5,330.2,317.0,324.8,332.6,340.7,347.9,279.9,288.0,297.9,306.6,298.4,288.7,351.5,359.6,369.9,378.3,370.8,360.8,312.0,317.0,327.6,334.7,341.6,354.2,363.3,358.8,348.9,340.9,332.6,320.4,317.2,328.9,335.8,342.8,358.5,346.6,339.2,331.6,318.1,340.7,362.6,384.2,406.6,426.7,444.0,457.0,460.0,453.3,438.0,419.2,399.3,377.9,355.3,332.1,309.6,304.8,292.7,287.8,288.6,293.2,291.2,285.0,282.7,285.2,293.6,315.2,327.8,339.9,352.9,366.5,368.4,370.0,367.2,364.0,322.0,317.3,316.5,320.5,323.5,324.2,317.1,312.3,312.0,314.9,318.7,319.4,406.5,394.2,388.0,389.7,387.4,391.8,402.0,421.6,430.2,432.0,431.8,424.9,405.6,396.6,396.5,395.8,402.6,417.4,419.1,418.7
574,0,39.733,0.98,1,11.7,106.5,429.8,0.040,0.097,-0.099,251.1,254.3,260.2,268.3,278.9,293.1,308.2,325.9,345.2,363.6,378.5,392.0,402.1,408.4,411.7,413.5,413.6,262.9,269.6,282.5,297.7,311.6,340.7,355.0,369.4,383.2,392.2,328.3,328.7,329.3,329.9,316.7,324.4,332.3,340.4,347.6,279.6,287.8,297.8,306.5,298.2,288.4,351.4,359.5,369.9,378.4,370.9,360.7,311.8,316.5,327.2,334.2,341.1,353.9,363.1,358.6,348.7,340.7,332.4,320.0,317.0,328.5,335.4,342.3,358.2,346.4,339.0,331.4,317.7,340.8,363.3,385.3,408.0,428.2,445.4,458.4,461.3,454.8,439.5,420.7,400.7,379.1,356.3,332.8,310.0,304.7,292.3,287.4,288.1,292.8,290.9,284.8,282.6,285.2,293.8,314.9,327.4,339.5,352.5,366.3,368.1,369.7,367.0,363.8,321.7,316.9,316.2,320.3,323.2,323.9,317.1,312.1,311.9,314.9,318.7,319.4,406.7,393.9,387.5,389.3,387.0,391.7,402.4,422.9,431.9,433.7,433.4,426.0,405.7,396.2,396.1,395.5,403.0,418.8,420.5,420.1
575,0,39.800,0.98,1,11.5,106.2,429.6,0.033,0.102,-0.099,250.9,254.1,260.1,268.3,278.8,293.0,308.1,325.7,345.1,363.5,378.5,391.9,402.1,408.4,411.7,413.4,413.4,262.9,269.6,282.4,297.4,311.1,340.5,354.7,368.9,382.6,391.6,327.9,328.3,328.8,329.4,316.3,324.0,331.8,340.0,347.2,279.4,287.5,297.5,306.2,298.0,288.2,351.1,359.2,369.5,378.0,370.4,360.3,311.7,316.2,326.8,333.9,340.6,353.5,362.6,358.4,348.5,340.6,332.3,319.9,316.9,328.2,335.0,341.9,357.8,346.2,338.8,331.2,317.5,340.6,363.2,385.3,408.0,428.3,445.5,458.5,461.5,455.0,439.9,421.2,401.2,379.5,356.6,332.9,310.0,304.2,291.9,286.9,287.7,292.3,290.5,284.5,282.3,284.9,293.4,314.3,326.8,338.9,351.9,365.6,367.5,369.1,366.4,363.2,321.2,316.4,315.6,319.6,322.5,323.2,316.4,311.6,311.5,314.4,318.1,318.7,406.5,393.4,386.8,388.6,386.4,391.2,402.3,422.8,431.8,433.6,433.3,425.9,405.5,395.7,395.6,395.0,402.8,418.5,420.2,419.8
576,0,39.866,0.98,1,11.5,106.0,430.2,0.020,0.102,-0.098,250.9,254.2,260.2,268.3,278.9,293.1,308.0,325.7,345.0,363.4,378.4,391.9,402.1,408.4,411.6,413.3,413.3,262.7,269.7,282.6,297.8,311.5,340.2,354.7,369.1,383.0,392.3,327.8,328.2,328.7,329.3,316.3,323.9,331.7,339.9,347.1,279.2,287.4,297.3,306.1,297.8,288.0,351.1,359.3,369.6,378.2,370.6,360.4,311.8,316.2,326.7,333.8,340.6,353.4,362.5,358.2,348.4,340.4,332.2,319.9,317.0,328.1,334.9,341.9,357.6,346.1,338.6,331.0,317.3,340.5,363.2,385.4,408.1,428.3,445.5,458.4,461.3,455.0,440.1,421.4,401.4,379.6,356.4,332.6,309.4,303.9,291.6,286.8,287.5,292.2,290.3,284.1,281.9,284.5,293.0,313.9,326.3,338.2,351.1,365.2,367.0,368.6,365.9,362.7,321.1,316.3,315.5,319.4,322.4,323.1,316.1,311.3,311.1,314.1,317.8,318.4,406.4,393.1,386.4,388.2,385.9,390.8,402.1,422.3,431.2,432.9,432.6,425.4,405.4,395.3,395.2,394.6,402.5,417.9,419.5,419.1
577,0,39.933,0.98,1,11.5,105.8,430.7,0.015,0.102,-0.097,251.1,254.2,260.2,268.4,278.9,293.0,307.9,325.6,345.0,363.4,378.5,392.0,402.2,408.3,411.5,413.2,413.3,263.0,270.1,282.8,297.8,311.3,340.5,354.7,368.9,382.5,391.7,327.9,328.3,328.8,329.4,316.4,324.0,331.8,339.9,347.2,279.4,287.6,297.5,306.3,298.0,288.2,351.2,359.3,369.6,378.2,370.6,360.4,311.8,316.3,326.8,333.9,340.6,353.4,362.5,358.2,348.4,340.5,332.2,320.0,317.1,328.2,335.0,341.9,357.6,346.0,338.7,331.1,317.2,340.5,363.2,385.4,408.0,428.2,445.3,458.2,461.1,454.9,440.1,421.4,401.3,379.5,356.3,332.4,309.3,303.5,291.3,286.5,287.2,291.6,289.7,283.7,281.5,284.0,292.4,313.3,325.8,337.8,350.8,364.8,366.6,368.3,365.5,362.4,320.8,316.0,315.2,319.0,322.1,322.8,315.6,310.9,310.7,313.7,317.4,318.0,406.1,392.7,386.0,387.8,385.5,390.5,401.8,422.0,430.9,432.6,432.3,425.1,405.1,395.0,394.9,394.3,402.3,417.5,419.1,418.7
578,0,40.000,0.98,1,11.5,105.8,431.0,0.012,0.101,-0.099,251.0,254.2,260.3,268.5,279.0,293.1,308.0,325.7,345.1,363.6,378.7,392.1,402.3,408.4,411.5,413.1,413.1,262.9,270.1,282.8,297.7,311.3,340.3,354.5,368.5,382.1,391.5,327.8,328.2,328.8,329.4,316.4,324.1,331.9,340.0,347.2,279.2,287.3,297.3,306.1,297.8,288.0,351.2,359.4,369.7,378.3,370.7,360.5,312.0,316.5,327.0,334.0,340.7,353.5,362.7,358.4,348.6,340.7,332.5,320.3,317.2,328.4,335.1,342.0,357.8,346.2,338.9,331.4,317.3,340.5,363.2,385.4,408.0,428.1,445.3,458.1,461.0,454.8,440.0,421.4,401.2,379.4,356.2,332.3,309.1,303.5,291.3,286.5,287.0,291.4,289.4,283.4,281.3,283.7,292.1,313.2,325.6,337.7,350.6,364.7,366.5,368.1,365.3,362.2,321.0,316.0,315.2,319.0,322.2,322.9,315.5,310.7,310.5,313.5,317.2,317.8,405.9,392.5,385.8,387.5,385.1,390.1,401.4,421.8,430.7,432.5,432.2,425.1,404.9,394.7,394.5,393.9,401.9,417.4,419.0,418.6
579,0,40.066,0.98,1,11.6,105.6,430.8,0.014,0.099,-0.100,251.0,254.2,260.2,268.4,279.0,293.1,308.1,325.9,345.3,363.8,378.8,392.2,402.3,408.4,411.5,413.1,413.0,262.9,269.9,282.7,297.7,311.3,340.2,354.4,368.5,382.2,391.5,327.7,328.2,328.8,329.4,316.4,324.1,331.9,340.0,347.2,279.2,287.4,297.3,306.1,297.8,288.0,351.2,359.3,369.6,378.2,370.6,360.5,312.1,316.6,327.1,334.1,340.7,353.6,362.7,358.5,348.7,340.9,332.7,320.4,317.4,328.5,335.2,342.0,357.9,346.3,339.0,331.5,317.3,340.5,363.1,385.3,407.8,428.0,445.2,458.1,461.0,454.7,439.9,421.2,401.0,379.1,355.9,331.9,308.6,303.6,291.2,286.3,286.9,291.4,289.2,283.2,281.0,283.5,291.9,313.0,325.5,337.5,350.4,364.5,366.3,367.9,365.1,361.9,320.9,316.0,315.1,318.9,322.1,322.8,315.3,310.5,310.3,313.2,317.0,317.6,405.8,392.4,385.6,387.3,385.0,389.9,401.2,421.8,430.7,432.5,432.3,425.1,404.8,394.6,394.4,393.8,401.7,417.4,419.1,418.7
580,0,40.133,0.98,1,11.5,105.4,430.1,0.016,0.100,-0.101,251.0,254.1,260.1,268.3,278.9,293.1,308.1,325.9,345.4,363.9,378.9,392.2,402.3,408.5,411.5,413.1,413.0,262.9,269.7,282.5,297.6,311.2,340.1,354.3,368.6,382.3,391.5,327.6,328.0,328.6,329.3,316.3,323.9,331.8,339.9,347.2,279.3,287.4,297.3,306.0,297.8,288.2,351.1,359.2,369.4,377.9,370.3,360.3,312.2,316.6,327.1,334.0,340.7,353.6,362.7,358.6,348.8,341.0,332.8,320.5,317.4,328.5,335.2,342.0,357.9,346.4,339.1,331.6,317.5,340.6,363.2,385.3,407.8,427.9,445.1,458.0,461.0,454.6,439.8,421.1,400.9,379.1,355.8,331.8,308.6,303.5,291.1,286.2,286.8,291.4,289.3,283.1,280.8,283.3,291.8,312.9,325.4,337.4,350.4,364.3,366.2,367.8,364.9,361.7,320.5,315.7,314.9,318.5,321.6,322.4,315.0,310.4,310.2,313.0,316.6,317.2,405.6,392.3,385.6,387.3,385.0,389.9,401.1,421.7,430.8,432.5,432.3,425.0,404.6,394.4,394.3,393.7,401.6,417.5,419.2,418.8
581,0,40.200,0.98,1,11.4,105.3,430.4,0.012,0.099,-0.102,250.7,253.9,260.0,268.2,278.8,293.0,308.1,326.0,345.5,363.9,378.9,392.2,402.3,408.4,411.4,412.9,412.8,262.7,269.6,282.3,297.4,311.0,339.8,354.0,368.2,381.9,391.2,327.4,327.9,328.5,329.2,316.3,323.9,331.7,339.8,347.0,279.1,287.2,297.1,305.8,297.6,287.9,350.9,359.0,369.3,377.8,370.2,360.1,312.1,316.6,327.1,334.0,340.6,353.4,362.6,358.4,348.7,340.9,332.8,320.5,317.4,328.5,335.1,341.9,357.7,346.2,339.0,331.6,317.4,340.6,363.2,385.3,407.9,428.0,445.1,458.0,460.9,454.6,439.7,421.1,400.9,379.0,355.7,331.6,308.3,303.5,291.1,286.2,286.8,291.3,289.1,282.9,280.7,283.1,291.5,312.8,325.2,337.2,350.1,364.2,366.0,367.6,364.7,361.5,320.7,315.8,314.9,318.6,321.7,322.5,314.9,310.2,310.0,312.8,316.5,317.2,405.6,392.2,385.4,387.0,384.7,389.6,400.9,421.6,430.6,432.4,432.2,424.9,404.5,394.3,394.0,393.4,401.4,417.3,419.0,418.6
582,0,40.266,0.98,1,11.3,105.3,430.6,0.011,0.099,-0.103,250.6,253.8,259.8,268.1,278.7,292.9,308.1,326.0,345.5,364.0,378.9,392.2,402.3,408.3,411.3,412.8,412.6,262.6,269.6,282.4,297.4,311.0,339.6,353.6,367.8,381.4,390.8,327.3,327.8,328.4,329.1,316.2,323.8,331.6,339.7,346.9,278.9,287.0,296.9,305.7,297.5,287.7,350.8,359.0,369.2,377.8,370.2,360.1,312.1,316.5,327.0,333.8,340.4,353.2,362.4,358.3,348.5,340.8,332.7,320.4,317.3,328.4,335.0,341.7,357.6,346.1,338.9,331.5,317.5,340.6,363.2,385.2,407.8,427.9,445.1,458.0,460.8,454.4,439.5,420.8,400.6,378.7,355.4,331.4,308.2,303.5,291.0,286.1,286.7,291.2,289.0,282.8,280.6,283.0,291.4,312.7,325.2,337.1,350.0,364.1,365.9,367.5,364.6,361.5,320.7,315.8,314.9,318.6,321.8,322.6,314.9,310.1,309.9,312.8,316.5,317.2,405.5,392.0,385.2,386.8,384.5,389.4,400.8,421.4,430.4,432.2,432.0,424.8,404.4,394.1,393.9,393.2,401.3,417.1,418.8,418.5
583,0,40.333,0.98,1,11.2,105.2,431.0,0.016,0.096,-0.102,250.5,253.5,259.3,267.3,277.6,291.7,307.1,325.5,345.4,364.1,379.1,392.3,402.3,408.3,411.2,412.6,412.4,262.9,269.6,282.3,297.3,310.8,339.5,353.4,367.4,380.9,390.2,327.1,327.6,328.2,328.9,316.0,323.7,331.5,339.6,346.8,279.0,287.0,296.8,305.6,297.4,287.8,350.7,358.8,369.0,377.4,369.9,359.9,311.9,316.2,326.7,333.7,340.4,353.2,362.3,358.3,348.6,340.7,332.5,320.2,317.2,328.0,334.8,341.7,357.4,346.1,338.7,331.2,317.7,340.3,362.3,383.9,406.3,426.6,444.1,457.4,460.3,453.8,438.9,420.3,400.2,378.4,355.2,331.4,308.3,303.3,290.9,286.1,286.7,291.2,289.1,282.9,280.6,283.0,291.3,312.8,325.2,337.1,350.1,363.9,365.8,367.3,364.5,361.3,320.5,315.6,314.8,318.4,321.5,322.2,314.7,310.1,309.9,312.7,316.3,317.0,405.3,391.8,385.0,386.7,384.4,389.3,400.7,421.0,429.9,431.7,431.5,424.5,404.2,393.9,393.7,393.1,401.1,416.8,418.4,418.1
584,0,40.398,0.98,1,10.9,105.4,436.8,0.004,0.104,-0.101,250.8,253.9,259.5,267.2,277.1,291.0,306.4,324.8,344.9,363.9,379.3,392.6,402.5,408.2,410.9,412.4,412.4,262.5,269.4,282.0,296.8,310.4,339.4,353.4,367.4,380.8,390.2,326.9,327.4,328.0,328.7,315.6,323.4,331.2,339.2,346.4,278.8,286.8,296.5,305.2,297.0,287.5,350.5,358.6,368.7,377.2,369.7,359.8,310.5,315.6,325.7,332.9,340.0,352.5,362.0,356.9,347.1,338.9,330.6,318.9,315.5,326.9,334.0,341.2,357.1,344.9,337.3,329.6,317.8,340.1,361.6,382.8,404.5,424.1,440.7,453.1,455.6,449.2,434.7,417.1,397.7,376.7,354.3,331.2,308.7,303.3,291.2,286.3,286.9,291.2,289.0,283.0,280.9,283.2,291.2,312.8,325.2,337.3,350.2,363.6,365.5,367.1,364.3,361.2,320.5,315.7,314.8,318.5,321.7,322.4,314.9,310.2,309.9,312.8,316.5,317.1,403.1,390.8,384.6,386.2,383.9,388.3,398.6,416.6,424.6,426.4,426.2,420.0,402.2,393.1,392.9,392.1,399.1,412.4,414.1,413.8
585,0,40.466,0.98,1,10.7,105.9,446.5,-0.062,0.103,-0.089,251.8,254.6,259.5,266.1,275.4,289.1,304.2,322.1,341.9,361.2,377.7,392.0,402.5,408.2,410.6,412.1,412.3,262.7,270.1,282.8,297.2,310.9,340.0,354.3,368.2,381.7,391.7,327.4,327.9,328.5,329.1,315.7,323.5,331.3,339.2,346.4,279.2,287.2,296.9,305.6,297.3,287.8,350.6,359.0,369.0,377.6,369.8,360.0,308.3,315.5,325.1,332.5,339.8,351.4,361.3,353.7,343.9,335.7,327.6,317.3,313.3,326.1,333.5,341.0,356.3,342.0,334.3,326.8,319.1,340.4,361.3,382.0,402.4,420.5,435.6,446.6,448.5,442.6,429.0,412.7,394.5,374.2,352.8,331.0,309.6,303.3,292.2,287.5,288.2,292.2,290.1,284.3,282.1,284.2,291.8,313.0,325.5,337.9,350.9,364.1,366.0,367.6,364.9,361.9,320.7,316.5,315.5,318.7,322.3,323.1,315.3,311.0,310.9,313.5,317.3,317.8,400.0,390.2,384.8,386.4,384.0,387.9,395.8,407.9,413.3,414.8,414.7,410.9,399.4,393.9,393.9,392.9,396.3,400.7,402.2,402.1
586,0,40.533,0.98,1,10.7,107.2,453.1,-0.064,0.105,-0.086,252.2,254.9,259.5,265.7,274.6,288.2,303.2,320.9,340.8,360.4,377.6,392.4,403.0,408.6,410.8,412.1,412.5,262.8,270.3,283.1,297.5,311.4,340.2,354.5,368.4,382.0,392.2,327.7,328.2,328.8,329.4,315.8,323.6,331.4,339.4,346.6,279.7,287.6,297.2,305.7,297.4,288.1,350.9,359.2,369.2,377.6,369.9,360.3,306.9,315.6,325.1,332.5,340.0,351.3,361.9,352.7,342.6,334.3,326.4,316.5,311.8,325.8,333.2,340.9,356.9,341.1,333.3,325.8,320.0,341.0,361.4,381.6,401.2,418.5,432.5,442.8,444.5,439.0,425.9,410.4,392.9,373.2,352.3,331.2,310.3,304.8,293.9,289.1,289.9,293.8,291.7,285.9,283.7,285.6,293.1,314.1,326.8,339.4,352.6,365.2,367.2,368.8,366.2,363.2,321.7,317.6,316.6,319.8,323.4,324.2,316.5,312.3,312.1,314.8,318.5,319.0,398.2,390.5,386.3,387.9,385.6,388.5,394.2,404.0,408.2,409.6,409.4,406.6,397.9,394.6,394.7,393.6,394.8,396.9,398.3,398.2
587,0,40.600,0.98,1,11.0,108.1,455.8,-0.062,0.099,-0.086,252.4,255.2,259.5,265.4,274.1,287.6,302.7,320.3,340.3,360.2,377.6,392.6,403.2,408.8,410.8,412.1,412.4,262.8,270.3,283.3,298.0,312.1,340.1,354.3,368.3,382.0,392.4,328.0,328.6,329.2,329.9,316.0,323.9,331.8,339.8,347.0,279.8,287.7,297.3,305.8,297.5,288.3,351.3,359.7,369.5,378.0,370.3,360.7,306.6,316.0,325.5,333.0,340.6,351.8,362.6,352.9,342.7,334.3,326.4,316.7,311.4,326.1,333.6,341.5,357.6,341.4,333.4,325.9,321.0,341.7,361.7,381.5,400.6,417.5,431.2,441.5,443.3,437.8,424.9,409.7,392.3,372.7,352.0,331.2,310.5,305.9,294.9,290.1,291.0,295.0,292.8,286.9,284.7,286.5,293.9,315.1,327.9,340.6,353.9,366.0,368.1,369.9,367.1,364.1,322.6,318.6,317.6,320.7,324.4,325.2,317.4,313.2,313.0,315.6,319.3,319.8,397.6,390.9,387.2,388.8,386.4,388.9,393.6,402.5,406.4,407.9,407.7,405.2,397.4,395.1,395.3,394.0,394.2,395.7,397.2,397.0
588,0,40.666,0.98,1,11.3,108.9,457.4,-0.056,0.096,-0.088,252.6,255.4,259.7,265.4,274.1,287.5,302.7,320.4,340.5,360.5,378.0,393.1,403.7,409.2,411.0,412.2,412.6,262.8,270.1,283.2,298.1,312.5,340.3,354.7,368.9,382.9,393.2,328.5,329.0,329.6,330.3,316.2,324.2,332.2,340.2,347.4,280.2,288.2,297.8,306.2,298.0,288.7,351.6,359.9,369.8,378.3,370.5,361.0,306.8,316.5,326.1,333.4,340.9,352.0,363.0,353.1,342.9,334.6,326.8,317.1,311.5,326.6,334.1,341.8,358.1,341.6,333.8,326.4,321.7,342.3,362.1,381.8,400.7,417.3,430.7,440.9,442.5,436.8,423.8,408.7,391.5,372.0,351.6,331.1,310.7,307.4,296.3,291.3,292.1,296.3,294.1,288.2,285.9,287.8,295.5,316.4,329.1,341.8,355.0,366.8,368.9,370.7,367.9,364.8,323.6,319.6,318.6,321.8,325.4,326.2,318.4,314.1,313.9,316.5,320.3,320.8,397.6,391.3,387.9,389.4,387.1,389.2,393.3,402.1,406.0,407.4,407.3,404.9,397.4,395.5,395.7,394.4,394.0,395.6,397.0,396.9
589,0,40.733,0.98,1,11.8,109.9,458.1,-0.046,0.089,-0.088,252.7,255.7,259.9,265.4,274.1,287.6,302.9,320.7,340.8,360.8,378.3,393.3,404.0,409.4,411.2,412.5,413.0,262.9,270.0,283.3,298.5,313.2,340.6,355.3,369.8,384.0,394.2,329.0,329.6,330.2,330.9,316.7,324.8,332.8,340.8,348.0,280.6,288.6,298.2,306.8,298.5,289.2,352.0,360.4,370.4,378.8,371.1,361.5,307.1,317.1,326.8,334.1,341.6,352.7,363.8,353.8,343.6,335.4,327.6,317.7,311.9,327.3,334.7,342.4,358.8,342.2,334.4,327.0,322.8,343.2,362.7,382.1,400.7,417.2,430.5,440.9,442.6,436.8,423.7,408.7,391.5,372.2,352.0,331.8,311.5,309.0,297.8,292.8,293.6,297.9,295.7,289.7,287.3,289.4,297.2,317.9,330.6,343.3,356.6,368.1,370.2,372.0,369.2,366.1,324.7,320.7,319.8,323.0,326.6,327.4,319.7,315.4,315.1,317.7,321.5,322.1,398.1,392.4,389.1,390.7,388.3,390.2,393.8,402.7,406.7,408.2,408.0,405.6,398.0,396.6,396.8,395.4,394.6,396.4,397.9,397.8
590,0,40.800,0.98,1,12.1,110.5,458.0,-0.044,0.084,-0.088,253.0,255.9,260.0,265.5,274.1,287.6,303.1,321.1,341.3,361.2,378.5,393.5,404.2,409.6,411.5,412.7,413.1,263.2,270.2,283.6,298.8,313.5,340.9,355.6,370.1,384.3,394.5,329.4,330.1,330.8,331.5,317.2,325.3,333.4,341.4,348.6,281.0,289.0,298.6,307.2,298.9,289.6,352.3,360.7,370.6,379.1,371.3,361.8,307.5,317.7,327.4,334.7,342.2,353.3,364.4,354.4,344.2,336.0,328.2,318.3,312.3,327.9,335.3,343.0,359.5,342.8,335.0,327.7,323.7,343.8,363.1,382.3,400.9,417.4,430.8,441.4,443.0,437.2,424.0,409.0,391.9,372.8,352.7,332.6,312.5,309.9,298.7,293.6,294.4,298.8,296.7,290.5,288.2,290.3,298.2,318.8,331.6,344.4,357.7,369.0,371.1,372.9,370.1,366.9,325.5,321.5,320.6,323.8,327.3,328.2,320.4,316.0,315.8,318.4,322.2,322.8,398.7,393.2,390.0,391.5,389.1,390.9,394.2,403.2,407.3,408.8,408.7,406.3,398.6,397.4,397.5,396.2,395.1,397.1,398.6,398.5
591,0,40.867,0.98,1,12.2,110.6,457.5,-0.044,0.084,-0.088,252.9,255.9,260.0,265.6,274.3,287.8,303.4,321.4,341.6,361.4,378.7,393.6,404.2,409.6,411.5,412.7,413.0,263.2,270.1,283.4,298.6,313.3,341.2,356.0,370.5,384.5,394.6,329.5,330.2,330.8,331.6,317.2,325.4,333.4,341.5,348.7,281.0,288.9,298.5,307.0,298.8,289.5,352.4,360.7,370.6,379.1,371.3,361.8,307.7,317.7,327.4,334.7,342.2,353.3,364.3,354.4,344.3,336.1,328.3,318.4,312.5,328.0,335.4,343.1,359.4,342.9,335.1,327.8,323.7,343.9,363.3,382.6,401.2,417.7,431.1,441.6,443.3,437.4,424.2,409.2,392.2,373.1,353.1,333.1,313.0,310.0,298.8,293.7,294.5,298.8,296.7,290.6,288.4,290.6,298.5,318.9,331.8,344.7,358.0,369.2,371.4,373.2,370.3,367.1,325.5,321.5,320.6,323.8,327.3,328.1,320.5,316.1,315.9,318.5,322.2,322.8,399.1,393.5,390.3,391.9,389.5,391.2,394.6,403.6,407.6,409.1,409.0,406.6,399.0,397.7,397.8,396.5,395.5,397.4,398.9,398.8
592,0,40.933,0.98,1,12.1,110.6,457.6,-0.038,0.085,-0.090,252.9,255.9,260.1,265.6,274.3,287.9,303.5,321.5,341.6,361.4,378.6,393.6,404.3,409.8,411.7,412.6,412.6,263.0,270.1,283.4,298.5,313.1,340.9,355.7,370.2,384.3,394.1,329.2,330.0,330.7,331.6,317.2,325.3,333.3,341.4,348.6,280.7,288.5,298.0,306.5,298.3,289.0,352.0,360.1,370.0,378.4,370.7,361.2,307.7,317.7,327.4,334.7,342.2,353.4,364.3,354.5,344.3,336.1,328.3,318.4,312.4,328.0,335.4,343.1,359.4,343.0,335.2,327.8,323.4,343.7,363.2,382.5,401.3,417.8,431.2,441.8,443.5,437.6,424.3,409.2,392.2,373.2,353.2,333.1,313.1,309.6,298.6,293.6,294.5,298.8,296.8,290.7,288.4,290.7,298.6,318.8,331.9,344.8,358.3,369.3,371.5,373.3,370.4,367.1,325.0,320.8,319.9,323.4,326.8,327.6,320.0,315.5,315.2,318.0,321.7,322.3,399.2,393.6,390.4,392.0,389.6,391.2,394.6,403.6,407.7,409.1,409.0,406.5,399.1,397.7,397.9,396.5,395.4,397.5,399.0,398.9
593,0,40.998,0.98,1,11.9,110.7,458.1,-0.034,0.087,-0.091,252.8,255.7,260.0,265.6,274.4,288.0,303.5,321.4,341.4,361.3,378.5,393.5,404.2,409.7,411.6,412.4,412.4,262.9,270.3,283.6,298.6,313.0,340.8,355.4,369.8,383.6,393.6,329.1,329.8,330.6,331.5,317.1,325.2,333.2,341.2,348.4,280.4,288.2,297.8,306.3,298.1,288.7,351.9,360.0,369.9,378.2,370.6,361.2,307.5,317.6,327.3,334.6,342.1,353.2,364.2,354.3,344.1,335.9,328.2,318.2,312.3,327.9,335.3,343.0,359.3,342.8,335.0,327.7,323.3,343.6,363.2,382.6,401.4,418.0,431.4,441.9,443.6,437.7,424.4,409.3,392.2,373.0,353.0,332.9,312.9,309.2,298.4,293.6,294.5,298.7,296.7,290.7,288.4,290.5,298.2,318.6,331.7,344.8,358.3,369.3,371.5,373.3,370.5,367.2,324.8,320.5,319.7,323.3,326.7,327.5,319.9,315.2,314.9,317.8,321.5,322.1,399.2,393.6,390.4,391.9,389.6,391.2,394.6,403.5,407.7,409.1,409.0,406.6,399.1,397.7,397.9,396.5,395.4,397.5,399.0,398.9
594,0,41.066,0.98,1,11.8,110.8,458.5,-0.031,0.088,-0.093,252.7,255.7,260.0,265.6,274.3,288.0,303.5,321.4,341.4,361.2,378.5,393.5,404.2,409.7,411.6,412.3,412.2,262.9,270.4,283.5,298.3,312.6,340.8,355.2,369.4,383.1,393.0,328.9,329.7,330.4,331.3,317.0,325.1,333.0,341.1,348.2,280.3,288.1,297.7,306.1,297.9,288.6,351.8,359.7,369.6,378.0,370.4,361.0,307.4,317.4,327.1,334.5,342.0,353.1,364.1,354.3,344.0,335.8,328.0,318.1,312.2,327.8,335.2,342.9,359.2,342.7,334.9,327.5,323.3,343.6,363.2,382.7,401.5,418.1,431.5,441.9,443.5,437.7,424.3,409.1,392.0,372.9,352.9,332.8,312.8,308.9,298.3,293.6,294.5,298.6,296.6,290.7,288.4,290.4,297.9,318.6,331.7,344.8,358.4,369.4,371.6,373.4,370.6,367.3,324.8,320.4,319.6,323.3,326.8,327.5,319.9,315.1,314.8,317.7,321.5,322.1,399.2,393.6,390.4,391.9,389.5,391.1,394.5,403.5,407.7,409.1,409.0,406.6,399.1,397.7,397.8,396.4,395.4,397.6,399.1,399.0
595,0,41.133,0.98,1,11.8,110.9,459.0,-0.029,0.090,-0.094,252.8,255.7,260.0,265.7,274.4,288.0,303.5,321.5,341.5,361.3,378.6,393.6,404.2,409.7,411.5,412.2,412.0,263.0,270.5,283.6,298.2,312.4,340.7,355.0,369.0,382.6,392.4,328.8,329.6,330.3,331.2,317.0,325.0,333.0,341.0,348.1,280.3,288.1,297.7,306.1,297.9,288.5,351.6,359.5,369.4,377.8,370.3,360.8,307.4,317.4,327.1,334.4,341.9,353.0,364.0,354.2,344.0,335.8,328.0,318.0,312.1,327.7,335.1,342.8,359.2,342.6,334.8,327.5,323.2,343.6,363.2,382.7,401.6,418.2,431.6,441.9,443.5,437.6,424.2,409.0,391.9,372.8,352.8,332.8,312.8,308.8,298.3,293.6,294.5,298.6,296.5,290.7,288.4,290.3,297.7,318.5,331.7,344.8,358.5,369.5,371.6,373.4,370.6,367.3,324.8,320.4,319.6,323.4,326.8,327.5,319.9,315.0,314.7,317.7,321.4,322.1,399.3,393.6,390.4,391.9,389.5,391.1,394.5,403.5,407.6,409.1,409.0,406.6,399.2,397.7,397.8,396.4,395.4,397.5,399.1,399.0
